product_url,is_generic,cpd_generic_name,cpd_brand_name,cpd_dosage_quantity,cpd_form,rxnorm_cui,rxnorm_name,match_score,ingredient_score,strength_score,form_score,needs_review,alternative_matches
https://www.costplusdrugs.com/medications/dexamethasone-1_5mg-6-day-dose-pack-21-dexpak/,True,dexamethasone,dexpak,1_5mg 6 day dose pack 21,10-day dose pack,197580,dexamethasone 1.5 MG Oral Tablet,97.2,100.0,100.0,22.2,False,
https://www.costplusdrugs.com/medications/fluticasone-salmeterol-45-21-mcg-act-aerosol-inhalation-12gm/,True,fluticasone-salmeterol,advair hfa,45 21 mcg act aerosol inhalation 12gm,aerosol inhalation,896231,60 ACTUAT fluticasone propionate 0.045 MG/ACTUAT / salmeterol 0.021 MG/ACTUAT Metered Dose Inhaler,86.6,100.0,50.0,100,True,896239:60 ACTUAT fluticasone propionate 0.115 MG/ACTUAT /(86.6); 896267:60 ACTUAT fluticasone propionate 0.23 MG/ACTUAT / (86.6)
https://www.costplusdrugs.com/medications/budesonide-formoterol-fumarate-80-4_5mcg-act-aerosol-inhaler-10_2-symbicort/,True,budesonide-formoterol fumarate,symbicort,80 4_5mcg act aerosol inhaler 10_2,aerosol inhaler,1246288,120 ACTUAT budesonide 0.08 MG/ACTUAT / formoterol fumarate 0.0045 MG/ACTUAT Metered Dose Inhaler,100.0,100.0,100.0,100,True,1246304:120 ACTUAT budesonide 0.16 MG/ACTUAT / formoterol (100)
https://www.costplusdrugs.com/medications/Fluticasone-Salmeterol-250mcg50mcg-Tablet/,True,fluticasone-salmeterol,advair diskus,250mcg50mcg tablet,aerosol powder,2110513,60 ACTUAT fluticasone propionate 0.25 MG/ACTUAT / salmeterol 0.05 MG/ACTUAT Dry Powder Inhaler [Wixela],100.0,100.0,100.0,100,False,
https://www.costplusdrugs.com/medications/advair-diskus-500-50mcg-act-60-dose-inhaler/,False,fluticasone / salmeterol,advair diskus ,500 50mcg act 60 dose inhaler,aerosol powder inhaler,896165,14 ACTUAT fluticasone propionate 0.1 MG/ACTUAT / salmeterol 0.05 MG/ACTUAT Dry Powder Inhaler [Advair],100.0,100.0,100.0,100,True,896190:14 ACTUAT fluticasone propionate 0.25 MG/ACTUAT / (100); 896222:14 ACTUAT fluticasone propionate 0.5 MG/ACTUAT / s(100)
https://www.costplusdrugs.com/medications/NorethindroneAcetateEthinylEstradiol-1mg20mcg-Tablet/,True,norethindrone acetate & ethinyl estradiol,junel,1mg20mcg tablet,blister pack of 21 tablets,1426288,ethinyl estradiol 0.02 MG / norethindrone acetate 1 MG Chewable Tablet,100.0,100.0,100.0,100,True,1358762:ethinyl estradiol 0.02 MG / norethindrone acetate (100)
https://www.costplusdrugs.com/medications/NorethindroneAcetateEthinylEstradiol-1mg_20mcg-Tablet/,True,norethindrone acetate & ethinyl estradiol,loestrin fe,1mg_20mcg tablet,blister pack of 28 tablets,1426288,ethinyl estradiol 0.02 MG / norethindrone acetate 1 MG Chewable Tablet,100.0,100.0,100.0,100,True,1358762:ethinyl estradiol 0.02 MG / norethindrone acetate (100)
https://www.costplusdrugs.com/medications/desogestrelethinylestradiol_ethinylestradiol-0_15-0_02mg_0_01mg-blisterpack/,True,desogestrel ethinyl estradiol & ethinyl estradiol,"mircette, volnea",desogestrelethinylestradiol_ethinylestradiol 0_15 0_02mg_0_01mg blisterpack,blister pack of 28 tablets,249357,desogestrel 0.15 MG / ethinyl estradiol 0.02 MG Oral Tablet,86.6,100.0,50.0,100,True,242297:ethinyl estradiol 0.02 MG / levonorgestrel 0.1 MG (86.6); 2539224:ethinyl estradiol 0.02 MG / levonorgestrel 0.1 MG (86.6); 722152:ethinyl estradiol 0.02 MG / levonorgestrel 0.09 MG(86.6)
https://www.costplusdrugs.com/medications/estradiolnorethrindroneacetate-1mg0_5mg-blisterpack28pack/,True,estradiol / norethrindrone acetate,activella,1mg0_5mg blisterpack28pack,blister pack of 28 tablets,2556799,estradiol 1 MG / norethindrone acetate 0.5 MG / relugolix 40 MG Oral Tablet,100.0,100.0,100.0,100,True,1359126:estradiol 1 MG / norethindrone acetate 0.5 MG Oral(100); 2371764:elagolix 300 MG / estradiol 1 MG / norethindrone 0(97.1)
https://www.costplusdrugs.com/medications/NorgestrelEthinylEstradiol-0_3mg-30mcg-Tablet/,True,norgestrel & ethinyl estradiol,cryselle,0_3mg 30mcg tablet,blister pack of 28 tablets,311359,ethinyl estradiol 0.03 MG / norgestrel 0.3 MG Oral Tablet,100.0,100.0,100.0,100,False,
https://www.costplusdrugs.com/medications/NorgestimateEthinylEstradiol-0_18-25_0_215-25_0_25-25mg-mcg-Tablet/,True,norgestimate & ethinyl estradiol,tri-lo-sprintec,0_18 25_0_215 25_0_25 25mg mcg tablet,blister pack of 28 tablets,240128,ethinyl estradiol 0.035 MG / norgestimate 0.25 MG Oral Tablet,68.2,100.0,0.0,100,True,749155:ethinyl estradiol 0.025 MG / norgestimate 0.215 MG(68.2); 749156:ethinyl estradiol 0.025 MG / norgestimate 0.25 MG (68.2); 578732:ethinyl estradiol 0.025 MG / norgestimate 0.18 MG (68.2)
https://www.costplusdrugs.com/medications/drospirenoneethinylestradiol-3-0_03mg-blisterpack/,True,drospirenone ethinyl estradiol,"yasmin, syeda, ocella, zarah",3 0_03mg blisterpack,blister pack of 28 tablets,284207,drospirenone 3 MG / ethinyl estradiol 0.03 MG Oral Tablet,100.0,100.0,100.0,100,True,311359:ethinyl estradiol 0.03 MG / norgestrel 0.3 MG Oral(100); 240707:desogestrel 0.15 MG / ethinyl estradiol 0.03 MG Or(100); 348804:ethinyl estradiol 0.03 MG / levonorgestrel 0.125 M(100)
https://www.costplusdrugs.com/medications/Levonorgestrel-EthinylEstradiol-0_15mg-30mcg-Tablet/,True,levonorgestrel & ethinyl estradiol,levora,levonorgestrel ethinylestradiol 0_15mg 30mcg tablet,blister pack of 28 tablets,238019,ethinyl estradiol 0.03 MG / levonorgestrel 0.15 MG Oral Tablet,100.0,100.0,100.0,100,False,
https://www.costplusdrugs.com/medications/Norethindrone-0_35mg-Tablet/,True,norethindrone,ortho micronor,0_35mg tablet,blister pack of 28 tablets,198042,norethindrone 0.35 MG Oral Tablet,100.0,100.0,100.0,100,False,
https://www.costplusdrugs.com/medications/norgestimateethinylestradiol-0_18mg0_215mg0_25mg_0_035mg-blisterpack28pack/,True,norgestimate / ethinyl estradiol,tri-cyclen,0_18mg0_215mg0_25mg_0_035mg blisterpack28pack,blister pack of 28 tablets,240128,ethinyl estradiol 0.035 MG / norgestimate 0.25 MG Oral Tablet,86.6,100.0,50.0,100,True,687424:ethinyl estradiol 0.035 MG / norgestimate 0.215 MG(86.6); 406396:ethinyl estradiol 0.035 MG / norgestimate 0.18 MG (86.6)
https://www.costplusdrugs.com/medications/NorethindroneAcetateEthinylEstradiol-1_5mg30mcg-Tablet/,True,norethindrone acetate & ethinyl estradiol,hailey fe,1_5mg30mcg tablet,blister pack of 28 tablets,1359022,ethinyl estradiol 0.03 MG / norethindrone acetate 1.5 MG Oral Tablet,100.0,100.0,100.0,100,False,
https://www.costplusdrugs.com/medications/levonorgestrel-ethinyl-estradiol-91-day-0_15mg-0_03mg-blister-pack-of-91-tablets/,True,levonorgestrel & ethinyl estradiol (91-day),quasense,0_15mg 0_03mg blister pack of 91 tablets,blister pack of 91 tablets,238019,ethinyl estradiol 0.03 MG / levonorgestrel 0.15 MG Oral Tablet,100.0,100.0,100.0,100,False,
https://www.costplusdrugs.com/medications/Levonorgestrel-Ethinyl-Estradiol-Ethinyl-Estradiol-0_15mg-0_03mg&0_01mg-tablet/,True,levonorgestrel & ethinyl estradiol-ethinyl estradiol,daysee,0_15mg 0_03mg&0_01mg tablet,blister pack of 91 tablets,238019,ethinyl estradiol 0.03 MG / levonorgestrel 0.15 MG Oral Tablet,92.8,100.0,66.7,100,False,
https://www.costplusdrugs.com/medications/lamotrigine-starter-kit-blue-35-x-25mg-blue-kit-35-lamictal/,True,lamotrigine starter kit-blue,lamictal,35 x 25mg blue kit 35,blue kit,,,0.0,0.0,0.0,0,True,NO MATCH FOUND
https://www.costplusdrugs.com/medications/darifenacin-hydrobromide-er-7_5mg-bottle-of-extended-release-tablets-30-enablex/,True,darifenacin hydrobromide er,enablex,7_5mg bottle of extended release tablets 30,bottle of 30 tablets,485423,24 HR darifenacin 7.5 MG Extended Release Oral Tablet,100.0,100.0,100.0,100,False,
https://www.costplusdrugs.com/medications/dantrolene-sodium-50mg-bottle-of-capsules-100-dantrium/,True,dantrolene sodium,dantrium,50mg bottle of capsules 100,bottle of capsules,856660,dantrolene sodium 50 MG Oral Capsule,100.0,100.0,100.0,100,False,
https://www.costplusdrugs.com/medications/anagrelide-hcl-1mg-bottle-of-capsules-100-agrylin/,True,anagrelide hcl,agrylin,1mg bottle of capsules 100,bottle of capsules,597852,anagrelide 1 MG Oral Capsule,100.0,100.0,100.0,100,False,
https://www.costplusdrugs.com/medications/bexarotene-75mg-bottle-of-capsules-100-targretin/,True,bexarotene,targretin,75mg bottle of capsules 100,bottle of capsules,261349,bexarotene 75 MG Oral Capsule [Targretin],100.0,100.0,100.0,100,False,
https://www.costplusdrugs.com/medications/atazanavir-sulfate-300mg-bottle-of-capsules-30-reyataz/,True,atazanavir sulfate,reyataz,300mg bottle of capsules 30,bottle of capsules,664741,atazanavir 300 MG Oral Capsule,100.0,100.0,100.0,100,False,
https://www.costplusdrugs.com/medications/fingolimod-hcl-0_5mg-bottle-of-30-capsules/,True,fingolimod hcl,gilenya,0_5mg bottle of 30 capsules,bottle of capsules,1012899,fingolimod 0.5 MG Oral Capsule [Gilenya],100.0,100.0,100.0,100,False,
https://www.costplusdrugs.com/medications/cyclosporine-25mg-bottle-of-capsules-30-sandimmune/,True,cyclosporine,sandimmune,25mg bottle of capsules 30,bottle of capsules,197553,cyclosporine 25 MG Oral Capsule,100.0,100.0,100.0,100,False,
https://www.costplusdrugs.com/medications/danazol-50mg-bottle-of-capsules-100-danocrine/,True,danazol,danocrine,50mg bottle of capsules 100,bottle of capsules,197556,danazol 50 MG Oral Capsule,100.0,100.0,100.0,100,False,
https://www.costplusdrugs.com/medications/efavirenz-600mg-bottle-of-tablets-30-sustiva/,True,efavirenz,sustiva,600mg bottle of tablets 30,bottle of capsules,349477,efavirenz 600 MG Oral Tablet,97.1,100.0,100.0,50,True,864661:efavirenz 600 MG / lamivudine 300 MG / tenofovir d(97.1); 643066:efavirenz 600 MG / emtricitabine 200 MG / tenofovi(97.1)
https://www.costplusdrugs.com/medications/cevimeline-hcl-30mg-bottle-of-capsules-100-evoxac/,True,cevimeline hcl,evoxac,30mg bottle of capsules 100,bottle of capsules,261361,cevimeline hydrochloride 30 MG Oral Capsule [Evoxac],100.0,100.0,100.0,100,False,
https://www.costplusdrugs.com/medications/ammonium-lactate-12-bottle-of-cream-385-lac-hydrin/,True,ammonium lactate,lac-hydrin,12 bottle of cream 385,bottle of cream,1293859,ammonium lactate 120 MG/ML / pramoxine hydrochloride 10 MG/ML Topical Cream,86.6,100.0,50.0,100,True,1041718:ammonium lactate 100 MG/ML Topical Cream(86.6); 543460:ammonium lactate 120 MG/ML Topical Cream(86.6)
https://www.costplusdrugs.com/medications/dimethyl-fumarate-240mg-bottle-of-capsules/,True,dimethyl fumarate,tecfidera,240mg bottle of capsules,bottle of delayed release capsules,1373491,dimethyl fumarate 240 MG Delayed Release Oral Capsule,100.0,100.0,100.0,100,False,
https://www.costplusdrugs.com/medications/aripiprazole-15mg-bottle-of-disintegrating-tablets-30-abilify-discmelt/,True,aripiprazole,abilify discmelt,15mg bottle of disintegrating tablets 30,bottle of disintegrating tablets,643022,aripiprazole 15 MG Disintegrating Oral Tablet,100.0,100.0,100.0,100,False,
https://www.costplusdrugs.com/medications/theophylline-80mg-15ml-bottle-of-elixir-473-elixophyllin/,True,theophylline,elixophyllin,80mg 15ml bottle of elixir 473,bottle of elixir,313306,theophylline 5.33 MG/ML Oral Solution,68.2,100.0,0.0,100,False,
https://www.costplusdrugs.com/medications/diphenhydramine-hcl-12_5-mg_5ml-bottle-of-elixir-473/,True,diphenhydramine hcl,benadryl,12_5 mg_5ml bottle of elixir 473,bottle of elixir,2683420,acetaminophen 32 MG/ML / diphenhydramine hydrochloride 1.25 MG/ML Oral Solution,68.2,100.0,0.0,100,True,1659960:acetaminophen 650 MG / diphenhydramine hydrochlori(68.2); 1236048:diphenhydramine hydrochloride 1.25 MG/ML / phenyle(68.2); 2670677:acetaminophen 650 MG / diphenhydramine hydrochlori(68.2)
https://www.costplusdrugs.com/medications/aspirin-dipyridamole-er-25-200mg-bottle-of-extended-release-capsules-60-aggrenox/,True,aspirin-dipyridamole er,aggrenox,25 200mg bottle of extended release capsules 60,bottle of extended release capsules,259081,12 HR aspirin 25 MG / dipyridamole 200 MG Extended Release Oral Capsule,100.0,100.0,100.0,100,False,
https://www.costplusdrugs.com/medications/invokamet-xr-50-500mg-tablet-extended-release-24-hr/,False,canagliflozin-metformin hcl,invokamet xr ,50 500mg tablet extended release 24 hr,bottle of extended release tablets,1811003,24 HR canagliflozin 150 MG / metformin hydrochloride 500 MG Extended Release Oral Tablet [Invokamet],100.0,100.0,100.0,100,True,1811011:24 HR canagliflozin 50 MG / metformin hydrochlorid(100)
https://www.costplusdrugs.com/medications/timolol-maleate-0_50-bottle-of-gel-5-timoptic-xe/,True,timolol maleate,timoptic-xe,0_50 bottle of gel 5,bottle of gel,313407,timolol 0.0025 MG/MG Ophthalmic Gel,86.6,100.0,50.0,100,True,313408:timolol 0.005 MG/MG Ophthalmic Gel(86.6)
https://www.costplusdrugs.com/medications/desoximetasone-0_25-bottle-of-liquid-100-topicort-spray/,True,desoximetasone,topicort spray,0_25 bottle of liquid 100,bottle of liquid,141850,desoximetasone 0.0005 MG/MG Topical Ointment,86.6,100.0,50.0,100,True,315059:desoximetasone 0.0005 MG/MG Topical Gel(86.6); 197573:desoximetasone 0.5 MG/ML Topical Cream(86.6); 197574:desoximetasone 2.5 MG/ML Topical Cream(86.6)
https://www.costplusdrugs.com/medications/metronidazole-0_75-bottle-of-lotion-59-metrolotion/,True,metronidazole,metrolotion,0_75 bottle of lotion 59,bottle of lotion,242736,metronidazole 7.5 MG/ML Topical Lotion,86.6,100.0,50.0,100,True,577237:metronidazole 0.01 MG/MG Topical Gel(86.6); 311679:metronidazole 0.0075 MG/MG Topical Gel(86.6)
https://www.costplusdrugs.com/medications/flurandrenolide-0_05-bottle-of-lotion-120-cordran/,True,flurandrenolide,cordran,0_05 bottle of lotion 120,bottle of lotion,197719,flurandrenolide 0.5 MG/ML Topical Lotion,86.6,100.0,50.0,100,False,
https://www.costplusdrugs.com/medications/seleniumsulfide-2_5-lotion/,True,selenium sulfide,selsun,2_5 lotion,bottle of lotion,1293723,sodium sulfide 0.01 MG/MG Topical Gel,60.4,50.0,50.0,100,False,
https://www.costplusdrugs.com/medications/desonide-0_05-tube-of-ointment-60-desowen/,True,desonide,desowen,0_05 tube of ointment 60,bottle of lotion,197572,desonide 0.5 MG/ML Topical Lotion,86.6,100.0,50.0,100,True,669081:desonide 0.0005 MG/MG Topical Gel(86.6)
https://www.costplusdrugs.com/medications/sulfacetamide-sodium-acne-10-bottle-of-lotion-118-klaron/,True,sulfacetamide sodium (acne),klaron,10 bottle of lotion 118,bottle of lotion,1000713,sulfacetamide sodium 0.1 MG/MG Topical Gel,86.6,100.0,50.0,100,True,1542377:sulfacetamide sodium 98 MG/ML Topical Lotion(86.6); 1116547:sodium chloride 0.000154 MEQ/MG Topical Gel(86.6); 1116554:sodium chloride 0.00342 MEQ/MG Topical Gel(86.6)
https://www.costplusdrugs.com/medications/triamcinolone-acetonide-0_025-lotion-60ml/,True,triamcinolone acetonide,kenalog,0_025 lotion 60ml,bottle of lotion,1085741,triamcinolone acetonide 0.25 MG/ML Topical Lotion,68.2,100.0,0.0,100,True,1085745:triamcinolone acetonide 1 MG/ML Topical Lotion(68.2)
https://www.costplusdrugs.com/medications/malathion-0_50-bottle-of-lotion-59-ovide/,True,malathion,ovide,0_50 bottle of lotion 59,bottle of lotion,204119,malathion 5 MG/ML Topical Lotion,86.6,100.0,50.0,100,False,
https://www.costplusdrugs.com/medications/fluocinolone-acetonide-scalp-0_01-bottle-of-oil-118_28-derma-smoothe-fs-scalp/,True,fluocinolone acetonide scalp,derma-smoothe/fs scalp,0_01 bottle of oil 118_28 derma smoothe fs scalp,bottle of oil,2099361,fluocinolone acetonide 0.18 MG Drug Implant,86.6,100.0,50.0,100,True,1191256:fluocinolone acetonide 0.00025 MG/MG Topical Ointm(86.6); 1191262:fluocinolone acetonide 0.1 MG/ML / hydroquinone 40(86.6); 1191265:fluocinolone acetonide 0.1 MG/ML Medicated Shampoo(86.6)
https://www.costplusdrugs.com/medications/dorzolamidehcl-0_02-solution/,True,dorzolamide hcl,trusopt,0_02 solution,bottle of ophthalmic solution or eye dropper,1923432,dorzolamide 20 MG/ML / timolol 5 MG/ML Ophthalmic Solution,86.6,100.0,50.0,100,True,310015:dorzolamide 20 MG/ML Ophthalmic Solution(86.6); 1922783:Preservative-Free dorzolamide 20 MG/ML / timolol 5(86.6)
https://www.costplusdrugs.com/medications/bimatoprost-0_03-solution-dropper-2_5-lumigan/,True,bimatoprost,lumigan,0_03 solution dropper 2_5,bottle of ophthalmic solution or eye dropper,308739,bimatoprost 0.3 MG/ML Ophthalmic Solution,86.6,100.0,50.0,100,True,2725168:bimatoprost 0.0001 MG/MG Ophthalmic Gel(86.6); 1041495:bimatoprost 0.3 MG/ML Topical Solution(86.6); 1009339:bimatoprost 0.1 MG/ML Ophthalmic Solution(86.6)
https://www.costplusdrugs.com/medications/dorzolamidehcltimololmaleate-22_3-6_8mg_ml-solution/,True,dorzolamide hcl timolol maleate,cosopt,22_3 6_8mg_ml solution,bottle of ophthalmic solution or eye dropper,313407,timolol 0.0025 MG/MG Ophthalmic Gel,68.2,100.0,0.0,100,True,313408:timolol 0.005 MG/MG Ophthalmic Gel(68.2); 1922783:Preservative-Free dorzolamide 20 MG/ML / timolol 5(68.2); 1923428:timolol 2.5 MG/ML Ophthalmic Solution(68.2)
https://www.costplusdrugs.com/medications/brimonidine-tartrate-0_15-solution-dropper-5-alphagan-p/,True,brimonidine tartrate,alphagan p,0_15 solution dropper 5,bottle of ophthalmic solution or eye dropper,861200,brimonidine tartrate 2 MG/ML Ophthalmic Solution,86.6,100.0,50.0,100,True,861204:brimonidine tartrate 1 MG/ML Ophthalmic Solution(86.6); 861208:brimonidine tartrate 1.5 MG/ML Ophthalmic Solution(86.6); 1999016:brimonidine tartrate 0.25 MG/ML Ophthalmic Solutio(86.6)
https://www.costplusdrugs.com/medications/ofloxacin-0_003-solution-5ml/,True,ofloxacin,ocuflox,0_003 solution 5ml,bottle of ophthalmic solution or eye dropper,314080,levofloxacin 5 MG/ML Ophthalmic Solution,100.0,100.0,100.0,100,True,1665497:50 ML levofloxacin 5 MG/ML Injection(97.1)
https://www.costplusdrugs.com/medications/timolol-maleate-0_50-solution-dropper-5-timoptic/,True,timolol maleate,timoptic,0_50 solution dropper 5,bottle of ophthalmic solution or eye dropper,2702393,timolol hemihydrate 5 MG/ML Ophthalmic Solution,86.6,100.0,50.0,100,True,2702398:timolol hemihydrate 2.5 MG/ML Ophthalmic Solution(86.6); 313407:timolol 0.0025 MG/MG Ophthalmic Gel(86.6); 313408:timolol 0.005 MG/MG Ophthalmic Gel(86.6)
https://www.costplusdrugs.com/medications/moxifloxacinhcl-0_5-ophthalmicsolution/,True,moxifloxacin hcl,vigamox,0_5 ophthalmicsolution,bottle of ophthalmic solution or eye dropper,403818,moxifloxacin 5 MG/ML Ophthalmic Solution,86.6,100.0,50.0,100,False,
https://www.costplusdrugs.com/medications/travoprost-bak-free-0_004-solution-dropper-5-travatan-z/,True,travoprost (bak free),travatan z,0_004 solution dropper 5,bottle of ophthalmic solution or eye dropper,284008,travoprost 0.04 MG/ML Ophthalmic Solution,86.6,100.0,50.0,100,False,
https://www.costplusdrugs.com/medications/brimonidine-tartrate-timolol-0_2-0_5-15ml-bottle-of-solution/,True,brimonidine tartrate-timolol,combigan,0_2 0_5 15ml bottle of solution,bottle of ophthalmic solution or eye dropper,861200,brimonidine tartrate 2 MG/ML Ophthalmic Solution,68.2,100.0,0.0,100,True,861204:brimonidine tartrate 1 MG/ML Ophthalmic Solution(68.2); 861208:brimonidine tartrate 1.5 MG/ML Ophthalmic Solution(68.2); 313407:timolol 0.0025 MG/MG Ophthalmic Gel(68.2)
https://www.costplusdrugs.com/medications/loteprednol-etabonate-0_50-bottle-of-suspension-5-lotemax/,True,loteprednol etabonate,lotemax,0_50 bottle of suspension 5,bottle of ophthalmic suspension or eye dropper,2118537,loteprednol etabonate 0.0038 MG/MG Ophthalmic Gel,86.6,100.0,50.0,100,True,1099500:loteprednol etabonate 0.005 MG/MG Ophthalmic Ointm(86.6); 1312625:loteprednol etabonate 0.005 MG/MG Ophthalmic Gel(86.6)
https://www.costplusdrugs.com/medications/brinzolamide-1-suspension-dropper-15-azopt/,True,brinzolamide,azopt,1 suspension dropper 15,bottle of ophthalmic suspension or eye dropper,1421451,brimonidine tartrate 2 MG/ML / brinzolamide 10 MG/ML Ophthalmic Suspension,78.8,100.0,50.0,50,True,308805:brinzolamide 10 MG/ML Ophthalmic Suspension(78.8)
https://www.costplusdrugs.com/medications/atovaquone-750mg_5ml-210ml-bottle-of-suspension/,True,atovaquone,mepron,750mg_5ml 210ml bottle of suspension,bottle of oral suspension,308429,atovaquone 150 MG/ML Oral Suspension,68.2,100.0,0.0,100,False,
https://www.costplusdrugs.com/medications/OfloxacinOtic-0_003-Solution/,True,ofloxacin otic,floxin otic,0_003 solution,bottle of otic solution or eye dropper,312075,ofloxacin 3 MG/ML Ophthalmic Solution,86.6,100.0,50.0,100,False,
https://www.costplusdrugs.com/medications/sodium-polystyrene-sulfonate-60meq-bottle-of-powder-15-kayexalate/,True,sodium polystyrene sulfonate,kayexalate,60meq bottle of powder 15,bottle of powder,,,0.0,0.0,0.0,0,True,NO MATCH FOUND
https://www.costplusdrugs.com/medications/prednisolone-sodium-phosphate-20mg-5ml-bottle-of-soltuion-237-veripred-20/,True,prednisolone sodium phosphate,veripred 20,20mg 5ml bottle of soltuion 237,bottle of soltuion,630796,1000 ML glucose 50 MG/ML / potassium chloride 0.01 MEQ/ML / sodium chloride 4.5 MG/ML Injection,86.6,100.0,50.0,100,True,311888:neomycin 3.5 MG/ML / polymyxin B 10000 UNT/ML / pr(86.6); 615099:1000 ML glucose 50 MG/ML / potassium chloride 0.03(86.6); 615100:1000 ML glucose 50 MG/ML / potassium chloride 0.04(86.6)
https://www.costplusdrugs.com/medications/erythromycin-2-bottle-of-solution-60-a-t-s/,True,erythromycin,a/t/s,2 bottle of solution 60 a t s,bottle of solution,686400,erythromycin ethylsuccinate 40 MG/ML Oral Suspension,86.6,100.0,50.0,100,True,686418:erythromycin ethylsuccinate 80 MG/ML Oral Suspensi(86.6); 318202:erythromycin 20 MG/ML Topical Solution(86.6)
https://www.costplusdrugs.com/medications/fluocinolone-acetonide-0_03-tube-of-ointment-60-synalar/,True,fluocinolone acetonide,synalar,0_03 tube of ointment 60,bottle of solution,1191310,fluocinolone acetonide 0.1 MG/ML Topical Solution,86.6,100.0,50.0,100,False,
https://www.costplusdrugs.com/medications/nortriptyline-hcl-10mg-5ml-bottle-of-solution-473-aventyl/,True,nortriptyline hcl,aventyl,10mg 5ml bottle of solution 473,bottle of solution,312036,nortriptyline 2 MG/ML Oral Solution,68.2,100.0,0.0,100,False,
https://www.costplusdrugs.com/medications/posaconazole-dr-100mg-tablet/,True,posaconazole,noxafil,dr 100mg tablet,bottle of solution,2558603,posaconazole 300 MG Powder for Oral Suspension,68.2,100.0,0.0,100,True,665019:posaconazole 40 MG/ML Oral Suspension(68.2)
https://www.costplusdrugs.com/medications/bimatoprost-0_03-bottle-of-solution-5-latisse/,True,bimatoprost,latisse,0_03 bottle of solution 5,bottle of solution,308739,bimatoprost 0.3 MG/ML Ophthalmic Solution,86.6,100.0,50.0,100,True,1041495:bimatoprost 0.3 MG/ML Topical Solution(86.6); 1009339:bimatoprost 0.1 MG/ML Ophthalmic Solution(86.6)
https://www.costplusdrugs.com/medications/clindamycinphosphate-1-lotion/,True,clindamycin phosphate,cleocin-t,1 lotion,bottle of solution,309333,clindamycin 10 MG/ML Topical Solution,86.6,100.0,50.0,100,True,562266:clindamycin 15 MG/ML Oral Solution(86.6); 205964:clindamycin 150 MG/ML Injectable Solution(86.6)
https://www.costplusdrugs.com/medications/hydrocortisone-butyrate-0_10-tube-of-ointment-15-locoid/,True,hydrocortisone butyrate,locoid,0_10 tube of ointment 15,bottle of solution,2671298,hydrocortisone 6.67 MG/ML / tolnaftate 10 MG/ML Topical Solution,86.6,100.0,50.0,100,True,197786:hydrocortisone 25 MG/ML Topical Solution(86.6); 1370767:hydrocortisone butyrate 1 MG/ML Topical Solution(86.6); 2716550:hydrocortisone 1 MG/ML Oral Solution(86.6)
https://www.costplusdrugs.com/medications/metformin-hcl-500mg-5ml-bottle-of-solution-473-riomet/,True,metformin hcl,riomet,500mg 5ml bottle of solution 473,bottle of solution,861025,metformin hydrochloride 100 MG/ML Oral Solution,68.2,100.0,0.0,100,False,
https://www.costplusdrugs.com/medications/chlorhexidine-gluconate-0_12-bottle-of-solution-473-peridex/,True,chlorhexidine gluconate,peridex,0_12 bottle of solution 473,bottle of solution,858726,chlorhexidine gluconate 20 MG/ML / isopropyl alcohol 0.7 ML/ML Topical Solution,86.6,100.0,50.0,100,True,834152:chlorhexidine gluconate 20 MG/ML Topical Solution(86.6); 834176:chlorhexidine gluconate 5 MG/ML Topical Solution(86.6); 834206:chlorhexidine gluconate 200 MG/ML Topical Solution(86.6)
https://www.costplusdrugs.com/medications/acetic-acid-2-bottle-of-solution-15-vosol/,True,acetic acid,vosol,2 bottle of solution 15,bottle of solution,309317,citric acid 66.8 MG/ML / potassium citrate 110 MG/ML / sodium citrate 100 MG/ML Oral Solution,86.6,100.0,50.0,100,True,309318:citric acid 66.8 MG/ML / potassium citrate 220 MG/(86.6); 543014:citric acid 66.8 MG/ML / sodium citrate 100 MG/ML (86.6); 2474333:citric acid 1530 MG / simethicone 40 MG / sodium b(86.6)
https://www.costplusdrugs.com/medications/cyclosporine-modified-100mg-ml-bottle-of-solution-50-neoral/,True,cyclosporine modified,neoral,100mg ml bottle of solution 50,bottle of solution,309632,cyclosporine 100 MG/ML Oral Solution,100.0,100.0,100.0,100,True,"835886:cyclosporine, modified 100 MG/ML Oral Solution(100)"
https://www.costplusdrugs.com/medications/galantamine-hydrobromide-4mg-ml-bottle-of-solution-100-reminyl/,True,galantamine hydrobromide,reminyl,4mg ml bottle of solution 100,bottle of solution,860901,galantamine hydrobromide 4 MG/ML Oral Solution,100.0,100.0,100.0,100,False,
https://www.costplusdrugs.com/medications/glycopyrrolate-1mg-5ml-bottle-of-solution-473-cuvposa/,True,glycopyrrolate,cuvposa,1mg 5ml bottle of solution 473,bottle of solution,999961,glycopyrrolate 0.2 MG/ML Oral Solution,68.2,100.0,0.0,100,True,238212:glycopyrrolate 0.2 MG/ML Injectable Solution(68.2); 1992566:glycopyrrolate 0.025 MG/ML Inhalation Solution(68.2)
https://www.costplusdrugs.com/medications/diclofenac-sodium-1_50-bottle-of-solution-150-klofensaid-ii/,True,diclofenac sodium,klofensaid ii,1_50 bottle of solution 150,bottle of solution,800808,dibasic potassium phosphate 0.26 MG/ML / glucose 50 MG/ML / magnesium chloride 0.00373 MEQ/ML / potassium chloride 0.00174 MEQ/ML / sodium acetate 0.039 MEQ/ML Injectable Solution,86.6,100.0,50.0,100,True,309317:citric acid 66.8 MG/ML / potassium citrate 110 MG/(86.6); 1804375:sodium bicarbonate 515 MG / sodium chloride 1685 M(86.6); 800915:ascorbic acid 4700 MG / polyethylene glycol 3350 1(86.6)
https://www.costplusdrugs.com/medications/prednisolone-15mg-5ml-bottle-of-solution-480-prelone/,True,prednisolone,prelone,15mg 5ml bottle of solution 480,bottle of solution,249066,prednisolone 5 MG/ML Oral Solution,86.6,100.0,50.0,100,True,205301:prednisone 5 MG/ML Oral Solution(86.6)
https://www.costplusdrugs.com/medications/sulfacetamide-sodium-10-bottle-of-solution-15-bleph-10/,True,sulfacetamide sodium,bleph-10,10 bottle of solution 15,bottle of solution,966914,polyethylene glycol 3350 240000 MG / potassium chloride 2980 MG / sodium bicarbonate 6720 MG / sodium chloride 5840 MG / sodium sulfate 22720 MG Powder for Oral Solution,86.6,100.0,50.0,100,True,966920:polyethylene glycol 3350 236000 MG / potassium chl(86.6); 1090635:alanine 8.8 MG/ML / arginine 4.89 MG/ML / calcium (86.6); 312965:sodium acetate 4 MEQ/ML Injectable Solution(86.6)
https://www.costplusdrugs.com/medications/enalapril-maleate-1mg-ml-bottle-of-solution-150-epaned/,True,enalapril maleate,epaned,1mg ml bottle of solution 150,bottle of solution,1435624,enalapril maleate 1 MG/ML Oral Solution,100.0,100.0,100.0,100,False,
https://www.costplusdrugs.com/medications/moxifloxacin-hcl-2x-day-0_50-bottle-of-solution-3-moxeza/,True,moxifloxacin hcl (2x day),moxeza,0_50 bottle of solution 3,bottle of solution,403818,moxifloxacin 5 MG/ML Ophthalmic Solution,86.6,100.0,50.0,100,False,
https://www.costplusdrugs.com/medications/clobetasol-propionate-0_05-solution-4-cormax-scalp-application/,True,clobetasol propionate,cormax,0_05 solution 4  scalp application,bottle of solution,861487,clobetasol propionate 0.5 MG/ML Topical Solution,86.6,100.0,50.0,100,False,
https://www.costplusdrugs.com/medications/diclofenac-sodium-2-bottle-of-solution-112-pennsaid/,True,diclofenac sodium,pennsaid,2 bottle of solution 112,bottle of solution,800808,dibasic potassium phosphate 0.26 MG/ML / glucose 50 MG/ML / magnesium chloride 0.00373 MEQ/ML / potassium chloride 0.00174 MEQ/ML / sodium acetate 0.039 MEQ/ML Injectable Solution,86.6,100.0,50.0,100,True,309317:citric acid 66.8 MG/ML / potassium citrate 110 MG/(86.6); 1804375:sodium bicarbonate 515 MG / sodium chloride 1685 M(86.6); 800915:ascorbic acid 4700 MG / polyethylene glycol 3350 1(86.6)
https://www.costplusdrugs.com/medications/podofilox-0_50-bottle-of-solution-3_5-condylox/,True,podofilox,condylox,0_50 bottle of solution 3_5,bottle of solution,582926,podofilox 5 MG/ML Topical Solution,86.6,100.0,50.0,100,False,
https://www.costplusdrugs.com/medications/calcipotriene-0_01-tube-of-ointment-60-dovonex/,True,calcipotriene,dovonex,0_01 tube of ointment 60,bottle of solution,308865,calcipotriene 0.05 MG/ML Topical Solution,86.6,100.0,50.0,100,False,
https://www.costplusdrugs.com/medications/lactulose-10g-15ml-bottle-of-solution-473-duphalac/,True,lactulose,duphalac,10g 15ml bottle of solution 473,bottle of solution,1251190,lactulose 10000 MG Powder for Oral Solution,86.6,100.0,50.0,100,False,
https://www.costplusdrugs.com/medications/pilocarpine-hcl-4-bottle-of-solution-15-isopto-carpine/,True,pilocarpine hcl,isopto carpine,4 bottle of solution 15,bottle of solution,2695439,pilocarpine hydrochloride 4 MG/ML Ophthalmic Solution,86.6,100.0,50.0,100,True,1000862:pilocarpine hydrochloride 20 MG/ML Ophthalmic Solu(86.6); 1000897:pilocarpine hydrochloride 40 MG/ML Ophthalmic Solu(86.6); 1000647:pilocarpine hydrochloride 10 MG/ML Ophthalmic Solu(86.6)
https://www.costplusdrugs.com/medications/potassium-chloride-40meq-15ml-20-bottle-of-solution-473-k-sol/,True,potassium chloride,k-sol,40meq 15ml 20 bottle of solution 473,bottle of solution,2728724,potassium chloride 40 MEQ Powder for Oral Solution,86.6,100.0,50.0,100,True,1547445:calcium acetate 22 MG/ML / magnesium acetate 43 MG(86.6); 1547459:calcium chloride 16.55 MG/ML / magnesium chloride (86.6); 2729280:potassium chloride 15 MEQ Powder for Oral Solution(86.6)
https://www.costplusdrugs.com/medications/peg-3350-kcl-na-bicarb-nacl-420gm-bottle-of-solution-reconstituted-4000-nulytely-lemon-lime/,True,peg 3350-kcl-na bicarb-nacl,nulytely lemon-lime,420gm bottle of solution reconstituted 4000,bottle of solution reconstituted,,,0.0,0.0,0.0,0,True,NO MATCH FOUND
https://www.costplusdrugs.com/medications/peg-kcl-nacl-nasulf-na-asc-c-100gm-bottle-of-solution-reconstituted-1-moviprep/,True,peg-kcl-nacl-nasulf-na asc-c,moviprep,100gm bottle of solution reconstituted 1,bottle of solution reconstituted,,,0.0,0.0,0.0,0,True,NO MATCH FOUND
https://www.costplusdrugs.com/medications/peg-3350-kcl-na-bicarb-nacl-na-sulfate-240gm-bottle-of-solution-reconstituted-4000-gavilyte-c/,False,peg 3350-kcl-na bicarb-nacl-na sulfate,gavilyte-c ,240gm bottle of solution reconstituted 4000,bottle of solution reconstituted,,,0.0,0.0,0.0,0,True,NO MATCH FOUND
https://www.costplusdrugs.com/medications/nitrofurantoin-25mg-5ml-bottle-of-suspension-230-furadantin/,True,nitrofurantoin,furadantin,25mg 5ml bottle of suspension 230,bottle of suspension,311989,nitrofurantoin 5 MG/ML Oral Suspension,86.6,100.0,50.0,100,False,
https://www.costplusdrugs.com/medications/griseofulvin-microsize-125mg-5ml-bottle-of-suspension-120-grifulvin-v/,True,griseofulvin microsize,grifulvin v,125mg 5ml bottle of suspension 120,bottle of suspension,239238,griseofulvin 25 MG/ML Oral Suspension,68.2,100.0,0.0,100,False,
https://www.costplusdrugs.com/medications/diazoxide-50mg-ml-bottle-of-suspension-30-proglycem/,True,diazoxide,proglycem,50mg ml bottle of suspension 30,bottle of suspension,207634,diazoxide 50 MG/ML Oral Suspension [Proglycem],100.0,100.0,100.0,100,False,
https://www.costplusdrugs.com/medications/megestrol-acetate-625mg-5ml-bottle-of-suspension-150-megace-es/,True,megestrol acetate,megace es,625mg 5ml bottle of suspension 150,bottle of suspension,860225,megestrol acetate 40 MG/ML Oral Suspension,68.2,100.0,0.0,100,True,577154:megestrol acetate 125 MG/ML Oral Suspension(68.2)
https://www.costplusdrugs.com/medications/megestrol-acetate-40mg-ml-bottle-of-suspension-240-megace-oral/,True,megestrol acetate,megace oral,40mg ml bottle of suspension 240,bottle of suspension,860225,megestrol acetate 40 MG/ML Oral Suspension,100.0,100.0,100.0,100,False,
https://www.costplusdrugs.com/medications/calcipotriene-betameth-diprop-0_005-0_064-tube-of-ointment-60-taclonex/,True,calcipotriene-betameth diprop,taclonex,0_005 0_064 tube of ointment 60,bottle of suspension,1020035,calcipotriene 0.05 MG/ML Topical Foam,86.6,100.0,50.0,100,True,313921:calcipotriene 0.05 MG/ML Topical Cream(86.6); 388525:betamethasone 0.0005 MG/MG / calcipotriene 0.00005(86.6); 308865:calcipotriene 0.05 MG/ML Topical Solution(86.6)
https://www.costplusdrugs.com/medications/sulfamethoxazole-trimethoprim-200-40mg-5ml-bottle-of-suspension-473-sulfatrim/,True,sulfamethoxazole-trimethoprim,sulfatrim,200 40mg 5ml bottle of suspension 473,bottle of suspension,313134,sulfamethoxazole 40 MG/ML / trimethoprim 8 MG/ML Oral Suspension,86.6,100.0,50.0,100,False,
https://www.costplusdrugs.com/medications/spironolactone-25mg-5ml-bottle-of-suspension-118-carospir/,False,spironolactone,carospir ,25mg 5ml bottle of suspension 118,bottle of suspension,1943345,spironolactone 5 MG/ML Oral Suspension [Carospir],91.9,100.0,50.0,100,False,
https://www.costplusdrugs.com/medications/promethazine-vc-6_25-5mg-5ml-bottle-of-syrup-473-phenergan-vc/,True,promethazine vc,phenergan vc,6_25 5mg 5ml bottle of syrup 473,bottle of syrup,996757,codeine phosphate 2 MG/ML / phenylephrine hydrochloride 1 MG/ML / promethazine hydrochloride 1.25 MG/ML Oral Solution,68.2,100.0,0.0,100,True,991528:dextromethorphan hydrobromide 3 MG/ML / promethazi(68.2); 992432:promethazine hydrochloride 1.25 MG/ML Oral Solutio(68.2); 1248057:phenylephrine hydrochloride 1 MG/ML / promethazine(68.2)
https://www.costplusdrugs.com/medications/promethazine-dm-6_25-15-mg_5ml-syrup-473/,True,promethazine-dm,phenergan dm,6_25 15 mg_5ml syrup 473,bottle of syrup,996757,codeine phosphate 2 MG/ML / phenylephrine hydrochloride 1 MG/ML / promethazine hydrochloride 1.25 MG/ML Oral Solution,68.2,100.0,0.0,100,True,991528:dextromethorphan hydrobromide 3 MG/ML / promethazi(68.2); 992432:promethazine hydrochloride 1.25 MG/ML Oral Solutio(68.2); 1248057:phenylephrine hydrochloride 1 MG/ML / promethazine(68.2)
https://www.costplusdrugs.com/medications/invokana-300mg-tablet-90/,False,canagliflozin,invokana ,300mg tablet 90,bottle of tablets,1373473,canagliflozin 300 MG Oral Tablet [Invokana],100.0,100.0,100.0,100,False,
https://www.costplusdrugs.com/medications/gefitinib-250mg-bottle-of-tablets-30-iressa/,True,gefitinib,iressa,250mg bottle of tablets 30,bottle of tablets,349472,gefitinib 250 MG Oral Tablet,100.0,100.0,100.0,100,False,
https://www.costplusdrugs.com/medications/invokamet-50-500mg-tablet/,False,canagliflozin-metformin hcl,invokamet ,50 500mg tablet,bottle of tablets,1545159,canagliflozin 150 MG / metformin hydrochloride 500 MG Oral Tablet [Invokamet],100.0,100.0,100.0,100,True,1545166:canagliflozin 50 MG / metformin hydrochloride 500 (100)
https://www.costplusdrugs.com/medications/brenzavvy-20mg/,False,bexagliflozin,brenzavvy ,20mg,bottle of tablets,2637865,bexagliflozin 20 MG Oral Tablet [Brenzavvy],100.0,100.0,100.0,100,False,
https://www.costplusdrugs.com/medications/efavirenz-emtricitab-tenofo-df-600-200-300mg-bottle-of-tablets-30-atripla/,True,efavirenz-emtricitab-tenofo df,atripla,600 200 300mg bottle of tablets 30,bottle of tablets,2001424,efavirenz 400 MG / lamivudine 300 MG / tenofovir disoproxil fumarate 300 MG Oral Tablet,100.0,100.0,100.0,100,True,864661:efavirenz 600 MG / lamivudine 300 MG / tenofovir d(100); 643066:efavirenz 600 MG / emtricitabine 200 MG / tenofovi(100)
https://www.costplusdrugs.com/medications/emtricitabine-tenofovir-df-167-250mg-bottle-of-tablets-30-truvada/,True,emtricitabine-tenofovir df,truvada,167 250mg bottle of tablets 30,bottle of tablets,1744009,emtricitabine 167 MG / tenofovir disoproxil fumarate 250 MG Oral Tablet,100.0,100.0,100.0,100,False,
https://www.costplusdrugs.com/medications/nitroglycerin-sl-0_6mg-bottle-of-tablets/,True,nitroglycerin sl,nitrostat,0_6mg bottle of tablets,bottle of tablets,207361,nitroglycerin 0.6 MG Sublingual Tablet [Nitrostat],100.0,100.0,100.0,100,False,
https://www.costplusdrugs.com/medications/tavaborole-5-10ml-bottle-of-solution/,True,tavaborole,kerydin,5 10ml bottle of solution,bottle of topical solution,1543177,tavaborole 43.5 MG/ML Topical Solution,68.2,100.0,0.0,100,False,
https://www.costplusdrugs.com/medications/bismuth-subcitrate-potassium-metronidazole-tetracycline-140-125-125-mg-box-120-pylera/,False,bismuth subcitrate potassium/metronidaz/tetracyclin,pylera ,bismuth subcitrate potassium metronidazole tetracycline 140 125 125 mg box 120,box,1294621,bismuth subcitrate 140 MG / metronidazole 125 MG / tetracycline hydrochloride 125 MG Oral Capsule [Pylera],100.0,100.0,100.0,100,False,
https://www.costplusdrugs.com/medications/accu-chek-softclix-lancets-100ct/,False,,accu-chek softclix lancets for diabetic blood glucose testing,,box of 100 lancets,,,0.0,0.0,0.0,0,True,NO MATCH FOUND
https://www.costplusdrugs.com/medications/hadlima-pushtouch-adalimumab-bwwd-40mg-0_8ml-box-of-2-auto-injectors-1_6/,False,adalimumab-bwwd,hadlima pushtouch ,40mg 0_8ml box of 2 auto injectors 1_6,box of 2 auto-injectors,2640422,0.8 ML adalimumab-bwwd 50 MG/ML Injection [Hadlima],78.8,100.0,0.0,100,True,2640428:0.4 ML adalimumab-bwwd 100 MG/ML Prefilled Syringe(78.8); 2640432:0.4 ML adalimumab-bwwd 100 MG/ML Auto-Injector [Ha(78.8); 2640300:0.8 ML adalimumab-bwwd 50 MG/ML Auto-Injector [Had(78.8)
https://www.costplusdrugs.com/medications/yusimry-40mg-0_8ml-box-of-2-pen-injectors/,False,adalimumab-aqvh,yusimry ,40mg 0_8ml box of 2 pen injectors,box of 2 pen-injectors,2640395,0.8 ML adalimumab-aqvh 50 MG/ML Prefilled Syringe [Yusimry],78.8,100.0,0.0,100,True,2640400:0.8 ML adalimumab-aqvh 50 MG/ML Auto-Injector [Yus(78.8)
https://www.costplusdrugs.com/medications/hadlima-adalimumab-bwwd-40mg-0_8ml-box-of-2-prefilled-syringes-1_6/,False,adalimumab-bwwd,hadlima ,40mg 0_8ml box of 2 prefilled syringes 1_6,box of 2 prefilled syringes,2640422,0.8 ML adalimumab-bwwd 50 MG/ML Injection [Hadlima],78.8,100.0,0.0,100,True,2640428:0.4 ML adalimumab-bwwd 100 MG/ML Prefilled Syringe(78.8); 2640305:0.8 ML adalimumab-bwwd 50 MG/ML Prefilled Syringe (78.8)
https://www.costplusdrugs.com/medications/tiotropium-bromide-inhalation-powder-18mcg-30-capsules/,True,tiotropium bromide inhalation powder,spiriva handihaler,18mcg 30 capsules,box of 30 capsules,,,0.0,0.0,0.0,0,True,NO MATCH FOUND
https://www.costplusdrugs.com/medications/duavee-0_45-20mg-30-tablets/,False,conjugated estrogens / bazedoxifene,duavee ,0_45 20mg 30 tablets,box of 30 tablets,1441740,"bazedoxifene 20 MG / estrogens, conjugated (USP) 0.45 MG Oral Tablet [Duavee]",100.0,100.0,100.0,100,False,
https://www.costplusdrugs.com/medications/budesonide-0_5mg_2ml-inhalation-suspension-60ml/,True,budesonide,pulmicort respules,0_5mg_2ml inhalation suspension 60ml,box of 30 vials,252559,budesonide 0.5 MG/ML Inhalation Suspension,80.5,100.0,33.3,100,True,1596779:14 ACTUAT budesonide 2 MG/ACTUAT Rectal Foam(80.5)
https://www.costplusdrugs.com/medications/cyclosporine-0_05-box-of-60-vials-emulsion/,True,cyclosporine,restasis,0_05 box of 60 vials emulsion,box of 30 vials (emulsion),309632,cyclosporine 100 MG/ML Oral Solution,86.6,100.0,50.0,100,True,2572292:0.4 ML cyclosporine 0.5 MG/ML Ophthalmic Suspensio(86.6); 2590608:cyclosporine 1 MG/ML Ophthalmic Suspension(86.6); 197553:cyclosporine 25 MG Oral Capsule(86.6)
https://www.costplusdrugs.com/medications/accu-chek-guide-test-strips-50ct/,False,,accu-chek guide test strips for diabetic blood glucose,,box of 50 test strips,,,0.0,0.0,0.0,0,True,NO MATCH FOUND
https://www.costplusdrugs.com/medications/estradioltwiceweekly-0_075mg-patch8pack/,True,estradiol (twice weekly),dotti,0_075mg patch8pack,box of 8 patches,2396242,168 HR ethinyl estradiol 0.00125 MG/HR / levonorgestrel 0.005 MG/HR Transdermal System,68.2,100.0,0.0,100,True,242333:168 HR estradiol 0.00104 MG/HR Transdermal System(68.2); 1251493:84 HR estradiol 0.00208 MG/HR / norethindrone acet(68.2); 1251499:84 HR estradiol 0.00208 MG/HR / norethindrone acet(68.2)
https://www.costplusdrugs.com/medications/estradioltwiceweekly-0_1mg-patch8pack/,True,estradiol (twice weekly),vivelle-dot,0_1mg patch8pack,box of 8 patches,2396242,168 HR ethinyl estradiol 0.00125 MG/HR / levonorgestrel 0.005 MG/HR Transdermal System,68.2,100.0,0.0,100,True,242333:168 HR estradiol 0.00104 MG/HR Transdermal System(68.2); 1251493:84 HR estradiol 0.00208 MG/HR / norethindrone acet(68.2); 1251499:84 HR estradiol 0.00208 MG/HR / norethindrone acet(68.2)
https://www.costplusdrugs.com/medications/estradiol-(twice-weekly)-0_1-mg_24hr-patch-8-lyllana/,True,estradiol (twice weekly),minivelle,estradiol (twice weekly) 0_1 mg_24hr patch 8 lyllana,box of 8 patches,2396242,168 HR ethinyl estradiol 0.00125 MG/HR / levonorgestrel 0.005 MG/HR Transdermal System,68.2,100.0,0.0,100,True,242333:168 HR estradiol 0.00104 MG/HR Transdermal System(68.2); 1251493:84 HR estradiol 0.00208 MG/HR / norethindrone acet(68.2); 1251499:84 HR estradiol 0.00208 MG/HR / norethindrone acet(68.2)
https://www.costplusdrugs.com/medications/sumatriptan-succinate-6mg-0_5ml-solution-auto-injector-kit-0_5-imitrex-statdose-system/,True,sumatriptan succinate,imitrex auto-injector system (pfs,6mg 0_5ml solution auto injector kit 0_5 imitrex statdose system,box of prefilled syringes,727339,0.5 ML sumatriptan 12 MG/ML Prefilled Syringe,68.2,100.0,0.0,100,True,313165:0.5 ML sumatriptan 12 MG/ML Injection(68.2)
https://www.costplusdrugs.com/medications/lidocaine-hcl-2-box-of-prefilled-syringes-6-glydo/,True,lidocaine hcl,glydo,2 box of prefilled syringes 6,box of prefilled syringes,1010688,20 ML epinephrine 0.005 MG/ML / lidocaine hydrochloride 20 MG/ML Injection,86.6,100.0,50.0,100,True,1737742:250 ML lidocaine hydrochloride 4 MG/ML Injection(86.6); 1737757:2 ML lidocaine hydrochloride 20 MG/ML Injection(86.6)
https://www.costplusdrugs.com/medications/clobetasol-propionate-emulsion-0_05-can-of-foam-50-olux-e/,True,clobetasol propionate emulsion,olux-e,0_05 can of foam 50,can of foam,1992273,Emollient clobetasol propionate 0.5 MG/ML Topical Foam,86.6,100.0,50.0,100,True,1992281:Emollient clobetasol propionate 0.5 MG/ML Topical (86.6); 861353:clobetasol propionate 0.5 MG/ML Topical Foam(86.6); 1995455:clobetasol propionate 0.25 MG/ML Topical Cream(86.6)
https://www.costplusdrugs.com/medications/ketoconazole-2-can-of-foam-50-extina/,True,ketoconazole,extina,2 can of foam 50,can of foam,106336,ketoconazole 20 MG/ML Medicated Shampoo,86.6,100.0,50.0,100,True,728550:ketoconazole 20 MG/ML Topical Foam(86.6); 240812:ketoconazole 10 MG/ML Medicated Shampoo(86.6); 203088:ketoconazole 20 MG/ML Topical Cream(86.6)
https://www.costplusdrugs.com/medications/betamethasone-valerate-0_12-can-of-foam-50-luxiq/,True,betamethasone valerate,luxiq,0_12 can of foam 50,can of foam,197405,betamethasone 0.0005 MG/MG Topical Ointment,86.6,100.0,50.0,100,True,197407:betamethasone 1 MG/ML Topical Cream(86.6); 197408:betamethasone 1 MG/ML Topical Lotion(86.6); 197409:betamethasone 0.001 MG/MG Topical Ointment(86.6)
https://www.costplusdrugs.com/medications/clindamycin-phosphate-1-can-of-foam-50-evoclin/,True,clindamycin phosphate,evoclin,1 can of foam 50,can of foam,358917,benzoyl peroxide 0.05 MG/MG / clindamycin 0.01 MG/MG Topical Gel,86.6,100.0,50.0,100,True,1598470:benzoyl peroxide 0.0375 MG/MG / clindamycin phosph(86.6); 853019:clindamycin 25 MG Oral Capsule(86.6); 1737244:2 ML clindamycin 150 MG/ML Injection(86.6)
https://www.costplusdrugs.com/medications/cholestyramine-light-4gm-dose-can-of-powder-239_4-prevalite/,True,cholestyramine light,prevalite,4gm dose can of powder 239_4,can of powder,,,0.0,0.0,0.0,0,True,NO MATCH FOUND
https://www.costplusdrugs.com/medications/cholestyramine-4gm-dose-can-of-powder-378-questran/,True,cholestyramine,questran,4gm dose can of powder 378,can of powder,,,0.0,0.0,0.0,0,True,NO MATCH FOUND
https://www.costplusdrugs.com/medications/balsalazide-disodium-750mg-capsule-colazal/,True,balsalazide disodium,colazal,750mg capsule,capsule,885857,balsalazide disodium 750 MG Oral Capsule,100.0,100.0,100.0,100,False,
https://www.costplusdrugs.com/medications/dutasteride-tamsulosin-hcl-0_5-0_4mg-capsule-jalyn/,True,dutasteride-tamsulosin hcl,jalyn,0_5 0_4mg capsule,capsule,996097,dutasteride 0.5 MG / tamsulosin hydrochloride 0.4 MG Oral Capsule,100.0,100.0,100.0,100,True,863669:tamsulosin hydrochloride 0.4 MG Oral Capsule(100)
https://www.costplusdrugs.com/medications/lithium-carbonate-600mg-capsule-eskalith/,True,lithium carbonate,eskalith,600mg capsule,capsule,197893,lithium carbonate 600 MG Oral Capsule,100.0,100.0,100.0,100,False,
https://www.costplusdrugs.com/medications/fenofibrate-134mg-capsule/,True,fenofibrate,"antara, lipofen, and other brands",134mg capsule,capsule,310288,fenofibrate 134 MG Oral Capsule,100.0,100.0,100.0,100,True,483425:fenofibrate 130 MG Oral Capsule(100)
https://www.costplusdrugs.com/medications/fluoxetinehcl-20mg_5ml-milliliters/,True,fluoxetine,prozac,hcl 20mg_5ml milliliters,capsule,310385,fluoxetine 20 MG Oral Capsule,86.6,100.0,50.0,100,False,
https://www.costplusdrugs.com/medications/itraconazole-10mg-ml-bottle-of-solution-150-sporanox/,True,itraconazole,sporanox,10mg ml bottle of solution 150,capsule,348506,itraconazole 10 MG/ML Oral Solution,97.1,100.0,100.0,50,False,
https://www.costplusdrugs.com/medications/silodosin-8mg-capsule-rapaflo/,True,silodosin,rapaflo,8mg capsule,capsule,809481,silodosin 8 MG Oral Capsule [Rapaflo],100.0,100.0,100.0,100,False,
https://www.costplusdrugs.com/medications/disopyramide-phosphate-150mg-capsule-norpace/,True,disopyramide phosphate,norpace,150mg capsule,capsule,309960,disopyramide 150 MG Oral Capsule,100.0,100.0,100.0,100,False,
https://www.costplusdrugs.com/medications/tamsulosin-0_4mg-capsule/,True,tamsulosin,flomax,0_4mg capsule,capsule,863671,tamsulosin hydrochloride 0.4 MG Oral Capsule [Flomax],100.0,100.0,100.0,100,True,996097:dutasteride 0.5 MG / tamsulosin hydrochloride 0.4 (100)
https://www.costplusdrugs.com/medications/DoxycyclineMonohydrate-100mg-Capsule/,True,doxycycline monohydrate,monodox,100mg capsule,capsule,205604,doxycycline hyclate 100 MG Oral Capsule [Vibramycin],100.0,100.0,100.0,100,True,1649990:doxycycline monohydrate 100 MG Oral Capsule(100)
https://www.costplusdrugs.com/medications/dutasteride-0_5mg-capsule-avodart/,True,dutasteride,avodart,0_5mg capsule,capsule,996097,dutasteride 0.5 MG / tamsulosin hydrochloride 0.4 MG Oral Capsule,100.0,100.0,100.0,100,True,351172:dutasteride 0.5 MG Oral Capsule(100)
https://www.costplusdrugs.com/medications/ethosuximide-250mg-5ml-bottle-of-solution-473-zarontin/,True,ethosuximide,zarontin,250mg 5ml bottle of solution 473,capsule,197682,ethosuximide 250 MG Oral Capsule,86.6,100.0,50.0,100,False,
https://www.costplusdrugs.com/medications/paricalcitol-2mcg-capsule-zemplar/,True,paricalcitol,zemplar,2mcg capsule,capsule,577317,paricalcitol 0.002 MG Oral Capsule,100.0,100.0,100.0,100,False,
https://www.costplusdrugs.com/medications/acitretin-25mg-capsule-soriatane/,True,acitretin,soriatane,25mg capsule,capsule,199690,acitretin 25 MG Oral Capsule,100.0,100.0,100.0,100,True,894863:acitretin 22.5 MG Oral Capsule(100)
https://www.costplusdrugs.com/medications/amlodipinebesylate-benazeprilhcl-5mg-20mg-capsule/,True,amlodipine besylate-benazepril hcl,lotrel,5mg 20mg capsule,capsule,898356,amlodipine 5 MG / benazepril hydrochloride 20 MG Oral Capsule,100.0,100.0,100.0,100,False,
https://www.costplusdrugs.com/medications/icosapent-ethyl-1g-capsule/,True,icosapent ethyl,vascepa,1g capsule,capsule,1304979,icosapent ethyl 1000 MG Oral Capsule,100.0,100.0,100.0,100,False,
https://www.costplusdrugs.com/medications/cephalexin-125mg5ml-reconstitutedsuspension/,True,cephalexin,keflex,125mg5ml reconstitutedsuspension,capsule,645617,cephalexin 333 MG Oral Capsule,68.2,100.0,0.0,100,True,637173:cephalexin 750 MG Oral Capsule(68.2); 309112:cephalexin 250 MG Oral Capsule(68.2); 309114:cephalexin 500 MG Oral Capsule(68.2)
https://www.costplusdrugs.com/medications/nimodipine-30mg-capsule-nimotop/,True,nimodipine,nimotop,30mg capsule,capsule,207779,nimodipine 30 MG Oral Capsule [Nimotop],100.0,100.0,100.0,100,False,
https://www.costplusdrugs.com/medications/omega3acidethylesters-1gm-capsule/,True,omega 3 acid ethyl esters,lovaza,1gm capsule,capsule,607044,omega-3 acid ethyl esters (USP) 1000 MG Oral Capsule [Lovaza],100.0,100.0,100.0,100,True,1193037:cholecalciferol 1000 UNT / folic acid 1 MG / omega(100)
https://www.costplusdrugs.com/medications/rifabutin-150mg-capsule-mycobutin/,True,rifabutin,mycobutin,150mg capsule,capsule,103899,rifabutin 150 MG Oral Capsule [Mycobutin],100.0,100.0,100.0,100,False,
https://www.costplusdrugs.com/medications/amantadine-hcl-50mg-5ml-bottle-of-solution-473-symmetrel/,True,amantadine hcl,symmetrel,50mg 5ml bottle of solution 473,capsule,849389,amantadine hydrochloride 100 MG Oral Capsule,68.2,100.0,0.0,100,False,
https://www.costplusdrugs.com/medications/fenofibrate-micronized-130mg-capsule-antara-lipofen-and-other-brands/,True,fenofibrate micronized,"antara, lipofen, and other brands",130mg capsule antara lipofen and other brands,capsule,310288,fenofibrate 134 MG Oral Capsule,100.0,100.0,100.0,100,True,483425:fenofibrate 130 MG Oral Capsule(100)
https://www.costplusdrugs.com/medications/lubiprostone-8mcg-capsule-amitiza/,True,lubiprostone,amitiza,8mcg capsule,capsule,794641,lubiprostone 0.008 MG Oral Capsule [Amitiza],100.0,100.0,100.0,100,False,
https://www.costplusdrugs.com/medications/triamterene&hydrochlorothiazide-37_5-25mg-capsule/,True,triamterene & hydrochlorothiazide,dyazide,triamterene&hydrochlorothiazide 37_5 25mg capsule,capsule,198314,hydrochlorothiazide 25 MG / triamterene 50 MG Oral Capsule,100.0,100.0,100.0,100,True,198316:hydrochlorothiazide 25 MG / triamterene 37.5 MG Or(100)
https://www.costplusdrugs.com/medications/nifedipine-20mg-capsule-adalat/,True,nifedipine,adalat,20mg capsule,capsule,198033,nifedipine 20 MG Oral Capsule,100.0,100.0,100.0,100,False,
https://www.costplusdrugs.com/medications/loperamide-hcl-2mg-capsule/,True,loperamide hcl,imodium a-d,2mg capsule,capsule,978006,loperamide hydrochloride 2 MG Oral Capsule,100.0,100.0,100.0,100,False,
https://www.costplusdrugs.com/medications/calcitriol-1mcg-ml-solution-dropper-15-rocaltrol/,True,calcitriol,rocaltrol,1mcg ml solution dropper 15,capsule,308867,calcitriol 0.00025 MG Oral Capsule,68.2,100.0,0.0,100,True,308868:calcitriol 0.0005 MG Oral Capsule(68.2)
https://www.costplusdrugs.com/medications/quinine-sulfate-324mg-capsule-qualaquin/,True,quinine sulfate,qualaquin,324mg capsule,capsule,997010,quinine sulfate 324 MG Oral Capsule,100.0,100.0,100.0,100,False,
https://www.costplusdrugs.com/medications/tolmetin-sodium-400mg-capsule-tolectin-ds/,True,tolmetin sodium,tolectin ds,400mg capsule,capsule,198296,tolmetin 400 MG Oral Capsule,100.0,100.0,100.0,100,False,
https://www.costplusdrugs.com/medications/olanzapine-fluoxetine-hcl-6-50mg-capsule-symbyax/,True,olanzapine-fluoxetine hcl,symbyax,6 50mg capsule,capsule,403971,fluoxetine 50 MG / olanzapine 12 MG Oral Capsule,100.0,100.0,100.0,100,True,403972:fluoxetine 50 MG / olanzapine 6 MG Oral Capsule(100)
https://www.costplusdrugs.com/medications/paroxetine-mesylate-7_5mg-capsule-brisdelle/,True,paroxetine mesylate,brisdelle,7_5mg capsule,capsule,1430122,paroxetine mesylate 7.5 MG Oral Capsule,100.0,100.0,100.0,100,False,
https://www.costplusdrugs.com/medications/dofetilide-500mcg-capsule/,True,dofetilide,tikosyn,500mcg capsule,capsule,310005,dofetilide 0.5 MG Oral Capsule,100.0,100.0,100.0,100,False,
https://www.costplusdrugs.com/medications/Ergocalciferol-1_25mg-Capsule/,True,ergocalciferol,drisdol,1_25mg capsule,capsule,1367410,ergocalciferol 1.25 MG Oral Capsule,100.0,100.0,100.0,100,False,
https://www.costplusdrugs.com/medications/esomeprazole-magnesium-40mg-suspension-packet-nexium/,True,esomeprazole magnesium,nexium,40mg suspension packet,capsule,486501,esomeprazole 40 MG Injection,97.1,100.0,100.0,50,True,1547445:calcium acetate 22 MG/ML / magnesium acetate 43 MG(97.1); 692578:esomeprazole 40 MG Granules for Oral Suspension(97.1); 1658259:50 ML magnesium sulfate 40 MG/ML Injection(97.1)
https://www.costplusdrugs.com/medications/clindamycin-phosphate-2-tube-of-cream-40-cleocin/,True,clindamycin,cleocin,phosphate 2 tube of cream 40,capsule,197518,clindamycin 150 MG Oral Capsule,86.6,100.0,50.0,100,True,853019:clindamycin 25 MG Oral Capsule(86.6); 284215:clindamycin 300 MG Oral Capsule(86.6); 309329:clindamycin 75 MG Oral Capsule(86.6)
https://www.costplusdrugs.com/medications/doxercalciferol-2_5mcg-capsule-hectorol/,True,doxercalciferol,hectorol,2_5mcg capsule,capsule,310023,doxercalciferol 0.0025 MG Oral Capsule,100.0,100.0,100.0,100,False,
https://www.costplusdrugs.com/medications/tasimelteon-20mg-capsule-hetlioz/,True,tasimelteon,hetlioz,20mg capsule,capsule,1491624,tasimelteon 20 MG Oral Capsule [Hetlioz],100.0,100.0,100.0,100,False,
https://www.costplusdrugs.com/medications/diclofenac-potassium-25mg-capsule-zipsor/,True,diclofenac potassium,zipsor,25mg capsule,capsule,858342,diclofenac 25 MG Oral Capsule,100.0,100.0,100.0,100,False,
https://www.costplusdrugs.com/medications/zidovudine-50mg-5ml-bottle-of-syrup-240-retrovir/,True,zidovudine,retrovir,50mg 5ml bottle of syrup 240,capsule,198352,zidovudine 100 MG Oral Capsule,68.2,100.0,0.0,100,False,
https://www.costplusdrugs.com/medications/calciumacetate-667mg-capsule/,True,calcium acetate,phoslo,667mg capsule,capsule,645216,calcium acetate 667 MG Oral Capsule [Phoslo],100.0,100.0,100.0,100,False,
https://www.costplusdrugs.com/medications/nitrofurantoin-mono_macro-100mg-capsule/,True,nitrofurantoin mono/macro,macrobid,nitrofurantoin mono_macro 100mg capsule,capsule,1648755,"nitrofurantoin, macrocrystals 25 MG / nitrofurantoin, monohydrate 75 MG Oral Capsule",42.0,50.0,0.0,100,False,
https://www.costplusdrugs.com/medications/amoxicillin-500mg-capsule-amoxil/,True,amoxicillin (trihydrate),amoxil,amoxicillin 500mg capsule,capsule,308191,amoxicillin 500 MG Oral Capsule,100.0,100.0,100.0,100,False,
https://www.costplusdrugs.com/medications/acebutolol-hcl-400mg-capsule-sectral/,True,acebutolol hcl,sectral,400mg capsule,capsule,998685,acebutolol 400 MG Oral Capsule,100.0,100.0,100.0,100,False,
https://www.costplusdrugs.com/medications/cefixime-400mg-capsule-suprax/,True,cefixime,suprax,400mg capsule,capsule,1372999,cefixime 400 MG Oral Capsule [Suprax],100.0,100.0,100.0,100,False,
https://www.costplusdrugs.com/medications/b-complex-w-c-folic-acid-1mg-capsule-wescaps/,True,b-complex w/c & folic acid,wescaps,b complex w c folic acid 1mg capsule,capsule,309606,folic acid 1 MG / polysaccharide iron complex 150 MG / vitamin B12 0.025 MG Oral Capsule,100.0,100.0,100.0,100,True,999823:ascorbic acid 40 MG / ferrous fumarate 191 MG / fo(100); 999832:ferrous fumarate 162 MG / folic acid 1 MG / polysa(100.0)
https://www.costplusdrugs.com/medications/dabigatran-etexilate-mesylate-75mg-bottle-of-capsules-60-pradaxa/,True,dabigatran etexilate mesylate,pradaxa,75mg bottle of capsules 60,capsule,1037179,dabigatran etexilate 75 MG Oral Capsule,100.0,100.0,100.0,100,False,
https://www.costplusdrugs.com/medications/fluvastatin-sodium-40mg-capsule-lescol/,True,fluvastatin sodium,lescol,40mg capsule,capsule,310405,fluvastatin 40 MG Oral Capsule,100.0,100.0,100.0,100,False,
https://www.costplusdrugs.com/medications/nicardipine-hcl-30mg-capsule-cardene/,True,nicardipine hcl,cardene,30mg capsule,capsule,858616,nicardipine hydrochloride 30 MG Oral Capsule,100.0,100.0,100.0,100,False,
https://www.costplusdrugs.com/medications/omeprazole-sodium-bicarbonate-40mg-1100mg-capsule/,True,omeprazole-sodium bicarbonate,zegerid,40mg 1100mg capsule,capsule,616541,omeprazole 40 MG / sodium bicarbonate 1100 MG Oral Capsule,100.0,100.0,100.0,100,False,
https://www.costplusdrugs.com/medications/piroxicam-20mg-capsule-feldene/,True,piroxicam,feldene,20mg capsule,capsule,105930,piroxicam 20 MG Oral Capsule [Feldene],100.0,100.0,100.0,100,False,
https://www.costplusdrugs.com/medications/choline-fenofibrate-45mg-capsule-delayed-release-trilipix/,True,choline fenofibrate,trilipix,45mg capsule delayed release,capsule delayed release,,,0.0,0.0,0.0,0,True,NO MATCH FOUND
https://www.costplusdrugs.com/medications/dexlansoprazole-60mg-capsule-delayed-release-dexilant/,True,dexlansoprazole,dexilant,60mg capsule delayed release,capsule delayed release,902626,dexlansoprazole 60 MG Delayed Release Oral Capsule [Dexilant],100.0,100.0,100.0,100,False,
https://www.costplusdrugs.com/medications/mesalamine-400mg-capsule-delayed-release-delzicol/,True,mesalamine,delzicol,400mg capsule delayed release,capsule delayed release,1368960,mesalamine 400 MG Delayed Release Oral Capsule [Delzicol],100.0,100.0,100.0,100,False,
https://www.costplusdrugs.com/medications/topiramate-er-50mg-capsule-extended-release-sprinkle-qudexy-xr/,True,topiramate er,qudexy xr,50mg capsule extended release sprinkle,capsule er sprinkle,1302827,24 HR phentermine 7.5 MG / topiramate 46 MG Extended Release Oral Capsule,100.0,100.0,100.0,100,True,1436239:24 HR topiramate 50 MG Extended Release Oral Capsu(100); 1494781:Sprinkle 24 HR topiramate 50 MG Extended Release O(100.0)
https://www.costplusdrugs.com/medications/fluvoxamine-maleate-er-150mg-capsule-extended-release-luvox-cr/,True,fluvoxamine maleate er,luvox cr,150mg capsule extended release,capsule extended release,903879,24 HR fluvoxamine maleate 150 MG Extended Release Oral Capsule,100.0,100.0,100.0,100,False,
https://www.costplusdrugs.com/medications/diltiazem-hcl-er-240mg-capsule-extended-release-diltia-xt/,True,diltiazem hcl er,diltia xt,240mg capsule extended release,capsule extended release,833704,24 HR diltiazem hydrochloride 240 MG Extended Release Oral Capsule [Diltzac],100.0,100.0,100.0,100,False,
https://www.costplusdrugs.com/medications/diltiazem-hcl-extended-release-420mg-capsule-extended-release-tiadylt-er/,True,diltiazem hcl extended release,tiadylt er,420mg capsule extended release,capsule extended release,1988330,24 HR diltiazem hydrochloride 420 MG Extended Release Oral Capsule [Tiadylt],100.0,100.0,100.0,100,False,
https://www.costplusdrugs.com/medications/topiramate-er-50mg-capsule-extended-release-trokendi-xr/,True,topiramate er,trokendi xr,50mg capsule extended release,capsule extended release,1302827,24 HR phentermine 7.5 MG / topiramate 46 MG Extended Release Oral Capsule,100.0,100.0,100.0,100,True,1436239:24 HR topiramate 50 MG Extended Release Oral Capsu(100)
https://www.costplusdrugs.com/medications/diltiazem-hcl-er-90mg-capsule-extended-release-cardizem-sr/,True,diltiazem hcl er,cardizem sr,90mg capsule extended release,capsule extended release,830869,12 HR diltiazem hydrochloride 90 MG Extended Release Oral Capsule,100.0,100.0,100.0,100,False,
https://www.costplusdrugs.com/medications/diltiazem-hcl-er-coated-beads-300mg-capsule-extended-release-cartia-xt/,True,diltiazem hcl er coated beads,cartia xt,300mg capsule extended release,capsule extended release,833705,24 HR diltiazem hydrochloride 300 MG Extended Release Oral Capsule [Diltzac],100.0,100.0,100.0,100,False,
https://www.costplusdrugs.com/medications/diltiazem-hcl-extended-release-360mg-capsule-extended-release-taztia-xt/,True,diltiazem hcl extended release,taztia xt,360mg capsule extended release,capsule extended release,1988324,24 HR diltiazem hydrochloride 360 MG Extended Release Oral Capsule [Tiadylt],100.0,100.0,100.0,100,False,
https://www.costplusdrugs.com/medications/galantamine-hydrobromide-er-8mg-capsule-extended-release-razadyne-er/,True,galantamine hydrobromide er,razadyne er,8mg capsule extended release,capsule extended release,860715,24 HR galantamine hydrobromide 8 MG Extended Release Oral Capsule,100.0,100.0,100.0,100,False,
https://www.costplusdrugs.com/medications/verapamil-hcl-er-300mg-capsule-extended-release-verelan-pm/,True,verapamil hcl er,verelan pm,300mg capsule extended release,capsule extended release,897596,24 HR verapamil hydrochloride 300 MG Extended Release Oral Capsule,100.0,100.0,100.0,100,False,
https://www.costplusdrugs.com/medications/diltiazem-hcl-extended-release-er-240mg-capsule/,True,diltiazem hcl er coated beads,cardizem cd,diltiazem hcl extended release er 240mg capsule,capsule extended release,833704,24 HR diltiazem hydrochloride 240 MG Extended Release Oral Capsule [Diltzac],100.0,100.0,100.0,100,False,
https://www.costplusdrugs.com/medications/propafenone-hcl-er-425mg-capsule-extended-release-rythmol-sr/,True,propafenone hcl er,rythmol sr,425mg capsule extended release,capsule extended release,861171,12 HR propafenone hydrochloride 425 MG Extended Release Oral Capsule,100.0,100.0,100.0,100,False,
https://www.costplusdrugs.com/medications/verapamil-hcl-er-360mg-capsule-extended-release-verelan/,True,verapamil hcl er,verelan,360mg capsule extended release,capsule extended release,897630,24 HR verapamil hydrochloride 360 MG Extended Release Oral Capsule,100.0,100.0,100.0,100,False,
https://www.costplusdrugs.com/medications/carbamazepine-er-300mg-capsule-extended-release-carbatrol/,True,carbamazepine er,carbatrol,300mg capsule extended release,capsule extended release,672909,12 HR carbamazepine 300 MG Extended Release Oral Capsule [Equetro],100.0,100.0,100.0,100,False,
https://www.costplusdrugs.com/medications/trospium-chloride-er-60mg-capsule-extended-release-sanctura-xr/,True,trospium chloride er,sanctura xr,60mg capsule extended release,capsule extended release,857564,24 HR trospium chloride 60 MG Extended Release Oral Capsule,100.0,100.0,100.0,100,False,
https://www.costplusdrugs.com/medications/ketoprofen-200-mg-capsule-extended-release-24-hour/,True,ketoprofen,ketoprofen er,200 mg capsule extended release 24 hour,capsule extended release 24 hour,359697,24 HR ketoprofen 200 MG Extended Release Oral Capsule,100.0,100.0,100.0,100,False,
https://www.costplusdrugs.com/medications/tirosint-88mcg-blister-pack-30-capsules/,False,levothyroxine sodium,tirosint ,88mcg blister pack 30 capsules,carton of 30 capsules,905464,levothyroxine sodium 0.088 MG Oral Capsule [Tirosint],100.0,100.0,100.0,100,False,
https://www.costplusdrugs.com/medications/tobramycin-300mg-4ml-carton-of-ampules-56-bethkis/,True,tobramycin,bethkis,300mg 4ml carton of ampules 56,carton of ampules,348719,tobramycin 60 MG/ML Inhalation Solution,68.2,100.0,0.0,100,True,309682:dexamethasone 0.001 MG/MG / tobramycin 0.003 MG/MG(68.2); 309683:dexamethasone 1 MG/ML / tobramycin 3 MG/ML Ophthal(68.2); 597823:tobramycin 40 MG/ML Injectable Solution(68.2)
https://www.costplusdrugs.com/medications/budesonide-1mg-2ml-carton-of-ampules-30-pulmicort/,True,budesonide,pulmicort,1mg 2ml carton of ampules 30,carton of ampules,1596779,14 ACTUAT budesonide 2 MG/ACTUAT Rectal Foam,86.6,100.0,50.0,100,False,
https://www.costplusdrugs.com/medications/tobramycin-300mg-5ml-carton-of-ampules-5-tobi/,True,tobramycin,tobi,300mg 5ml carton of ampules 5,carton of ampules,545255,loteprednol etabonate 5 MG/ML / tobramycin 3 MG/ML Ophthalmic Suspension,86.6,100.0,50.0,100,False,
https://www.costplusdrugs.com/medications/nicotine-polacrilex-4mg-carton-of-gum-110-nicorette/,True,nicotine polacrilex,nicorette,4mg carton of gum 110,carton of gum,1046920,nicotine 4 MG Inhalation Solution [Nicotrol],100.0,100.0,100.0,100,True,359818:nicotine 4 MG Oral Lozenge(100); 311975:nicotine 4 MG Chewing Gum(100)
https://www.costplusdrugs.com/medications/nicotine-polacrilex-4-mg-carton-of-lozenges-27/,True,nicotine polacrilex,commit,4 mg carton of lozenges 27,carton of lozenges,1046920,nicotine 4 MG Inhalation Solution [Nicotrol],100.0,100.0,100.0,100,True,359818:nicotine 4 MG Oral Lozenge(100); 311975:nicotine 4 MG Chewing Gum(100)
https://www.costplusdrugs.com/medications/naloxone-hcl-4mg-0_1ml-carton-of-nasal-spray-2-narcan/,True,naloxone hcl,narcan,4mg 0_1ml carton of nasal spray 2,carton of nasal spray,1725059,naloxone hydrochloride 40 MG/ML Nasal Spray,68.2,100.0,0.0,100,True,2540703:naloxone hydrochloride 80 MG/ML Nasal Spray(68.2); 2637879:naloxone hydrochloride 16 MG/ML Nasal Spray(68.2); 2673091:naloxone hydrochloride 30 MG/ML Nasal Spray(68.2)
https://www.costplusdrugs.com/medications/diclofenac-potassiummigraine-50mg-carton-of-packets-9-cambia/,True,diclofenac potassium(migraine),cambia,50mg carton of packets 9,carton of packets,630796,1000 ML glucose 50 MG/ML / potassium chloride 0.01 MEQ/ML / sodium chloride 4.5 MG/ML Injection,100.0,100.0,100.0,100,True,309783:1000 ML glucose 50 MG/ML / potassium chloride 0.02(100); 309786:1000 ML glucose 50 MG/ML / potassium chloride 0.04(100); 800808:dibasic potassium phosphate 0.26 MG/ML / glucose 5(100)
https://www.costplusdrugs.com/medications/nicotine-td-7mg-carton-of-patches-24hr-14-habitrol-nicoderm-cq/,True,nicotine td,"habitrol, nicoderm cq",7mg carton of patches 24hr 14 habitrol nicoderm cq,carton of patches 24hr,198029,24 HR nicotine 0.583 MG/HR Transdermal System,68.2,100.0,0.0,100,True,198030:24 HR nicotine 0.875 MG/HR Transdermal System(68.2); 198031:24 HR nicotine 0.292 MG/HR Transdermal System(68.2)
https://www.costplusdrugs.com/medications/dorzolamide-hcl-timolol-mal-pf-2-0_5-carton-of-solution-60-cosopt-pf/,True,dorzolamide hcl-timolol mal pf,cosopt pf,2 0_5 carton of solution 60,carton of solution,313407,timolol 0.0025 MG/MG Ophthalmic Gel,86.6,100.0,50.0,100,True,313408:timolol 0.005 MG/MG Ophthalmic Gel(86.6); 1922783:Preservative-Free dorzolamide 20 MG/ML / timolol 5(86.6); 1923428:timolol 2.5 MG/ML Ophthalmic Solution(86.6)
https://www.costplusdrugs.com/medications/tafluprost-pf-0_0015-carton-of-solution-containers-10-zioptan/,True,tafluprost (pf),zioptan,0_0015 carton of solution containers 10,carton of solution containers,1244611,tafluprost 0.015 MG/ML Ophthalmic Solution,86.6,100.0,50.0,100,False,
https://www.costplusdrugs.com/medications/timolol-maleate-ocudose-0_50-carton-of-solution-dropper-60-timoptic-ocudose/,True,timolol maleate ocudose,timoptic ocudose,0_50 carton of solution dropper 60,carton of solution dropper,313407,timolol 0.0025 MG/MG Ophthalmic Gel,86.6,100.0,50.0,100,True,313408:timolol 0.005 MG/MG Ophthalmic Gel(86.6); 1922783:Preservative-Free dorzolamide 20 MG/ML / timolol 5(86.6); 1923428:timolol 2.5 MG/ML Ophthalmic Solution(86.6)
https://www.costplusdrugs.com/medications/cromolyn-sodium-20mg-2ml-carton-of-solution-vials-2-intal/,True,cromolyn sodium,intal,20mg 2ml carton of solution vials 2,carton of solution vials,1009463,sodium chloride 2 MG/ML Nasal Spray,86.6,100.0,50.0,100,True,800998:alanine 8.8 MG/ML / arginine 4.89 MG/ML / calcium (86.6); 801010:alanine 5.7 MG/ML / arginine 3.16 MG/ML / calcium (86.6); 801019:alanine 10.4 MG/ML / arginine 5.75 MG/ML / calcium(86.6)
https://www.costplusdrugs.com/medications/formoterol-fumarate-20mcg-2ml-carton-of-solution-vials-2-perforomist/,True,formoterol fumarate,perforomist,20mcg 2ml carton of solution vials 2,carton of solution vials,1660933,60 ACTUAT formoterol fumarate 0.005 MG/ACTUAT / mometasone furoate 0.1 MG/ACTUAT Metered Dose Inhaler,68.2,100.0,0.0,100,True,1660937:60 ACTUAT formoterol fumarate 0.005 MG/ACTUAT / mo(68.2); 1246288:120 ACTUAT budesonide 0.08 MG/ACTUAT / formoterol (68.2); 1246304:120 ACTUAT budesonide 0.16 MG/ACTUAT / formoterol (68.2)
https://www.costplusdrugs.com/medications/asenapine-maleate-5mg-carton-of-sublingual-tablets-60-saphris/,True,asenapine maleate,saphris,5mg carton of sublingual tablets 60,carton of sublingual tablets,859981,asenapine 5 MG Sublingual Tablet,100.0,100.0,100.0,100,False,
https://www.costplusdrugs.com/medications/clomid-50mg-30-tablets/,False,clomiphene citrate,clomid ,50mg 30 tablets,carton of tablets,1093073,clomiphene citrate 50 MG Oral Tablet [Clomid],100.0,100.0,100.0,100,False,
https://www.costplusdrugs.com/medications/estradiol-0_1mg-carton-of-weekly-patches-4-climara/,True,estradiol,climara,0_1mg carton of weekly patches 4,carton of weekly patches,2396242,168 HR ethinyl estradiol 0.00125 MG/HR / levonorgestrel 0.005 MG/HR Transdermal System,68.2,100.0,0.0,100,True,242333:168 HR estradiol 0.00104 MG/HR Transdermal System(68.2); 1251493:84 HR estradiol 0.00208 MG/HR / norethindrone acet(68.2); 1251499:84 HR estradiol 0.00208 MG/HR / norethindrone acet(68.2)
https://www.costplusdrugs.com/medications/sodium-fluoride-2_2mg-1mg-fluoride-chewable-tablet/,True,sodium fluoride,nafrinse,2_2mg 1mg fluoride chewable tablet,chewable tablet,1364855,ascorbic acid 60 MG / cholecalciferol 0.01 MG / folic acid 0.3 MG / niacin 13.5 MG / riboflavin 1.2 MG / sodium fluoride 2.2 MG / thiamine 1.05 MG / vitamin A 0.75 MG / vitamin B12 0.0045 MG / vitamin B6 1.05 MG / vitamin E 15 UNT Chewable Tablet,100.0,100.0,100.0,100,False,
https://www.costplusdrugs.com/medications/amoxicillin-pot-clavulanate-200-28_5mg-tablet-chewable-augmentin/,True,amoxicillin-pot clavulanate,augmentin,200 28_5mg tablet chewable,chewable tablet,617309,amoxicillin 200 MG / clavulanate 28.5 MG Chewable Tablet,100.0,100.0,100.0,100,False,
https://www.costplusdrugs.com/medications/carbamazepine-100mg-5ml-bottle-of-suspension-450-tegretol/,True,carbamazepine,tegretol,100mg 5ml bottle of suspension 450,chewable tablet,197441,carbamazepine 100 MG Oral Tablet,86.6,100.0,50.0,100,True,308973:carbamazepine 100 MG Chewable Tablet(86.6)
https://www.costplusdrugs.com/medications/betamethasonedipropionate-0_05_cream/,True,betamethasone dipropionate,alphatrex,0_05_cream,cream,197405,betamethasone 0.0005 MG/MG Topical Ointment,86.6,100.0,50.0,100,True,197407:betamethasone 1 MG/ML Topical Cream(86.6); 197409:betamethasone 0.001 MG/MG Topical Ointment(86.6); 388525:betamethasone 0.0005 MG/MG / calcipotriene 0.00005(86.6)
https://www.costplusdrugs.com/medications/Clotrimazole-0_01-Cream/,True,clotrimazole,lotrimin af,0_01 cream,cream,309367,clotrimazole 10 MG/ML Topical Cream,86.6,100.0,50.0,100,True,308714:betamethasone 0.5 MG/ML / clotrimazole 10 MG/ML To(86.6); 418475:clotrimazole 0.01 MG/MG Topical Ointment(86.6); 199603:clotrimazole 20 MG/ML Vaginal Cream(86.6)
https://www.costplusdrugs.com/medications/clobetasolpropionate-0_0005-ointment/,True,clobetasol propionate,temovate,0_0005 ointment,cream,977978,halobetasol propionate 0.0005 MG/MG Topical Ointment,86.6,100.0,50.0,100,True,977990:halobetasol propionate 0.5 MG/ML Topical Cream(86.6); 1992281:Emollient clobetasol propionate 0.5 MG/ML Topical (86.6); 1995455:clobetasol propionate 0.25 MG/ML Topical Cream(86.6)
https://www.costplusdrugs.com/medications/nystatin-triamcinolone-100000unitg-0_1-cream/,True,nystatin-triamcinolone,mycolog ii,100000unitg 0_1 cream,cream,1053697,nystatin 100 UNT/MG / triamcinolone acetonide 0.001 MG/MG Topical Ointment,86.6,100.0,50.0,100,True,1053753:nystatin 100000 UNT/ML / triamcinolone acetonide 1(86.6); 543546:nystatin 100000 UNT/ML Topical Cream(86.6); 884308:nystatin 100 UNT/MG Topical Ointment(86.6)
https://www.costplusdrugs.com/medications/econazole-nitrate-1-cream-85g/,True,econazole nitrate,spectazole,1 cream 85g,cream,998540,miconazole nitrate 20 MG/ML Vaginal Cream,68.2,100.0,0.0,100,True,998544:miconazole nitrate 40 MG/ML Vaginal Cream(68.2); 857366:econazole nitrate 10 MG/ML Topical Cream(68.2); 831391:miconazole nitrate 0.0025 MG/MG / petrolatum 0.814(68.2)
https://www.costplusdrugs.com/medications/clotrimazole-betamethasone-1-0_05-bottle-of-lotion-30-lotrisone/,True,clotrimazole-betamethasone,lotrisone,1 0_05 bottle of lotion 30,cream,197405,betamethasone 0.0005 MG/MG Topical Ointment,86.6,100.0,50.0,100,True,197407:betamethasone 1 MG/ML Topical Cream(86.6); 197409:betamethasone 0.001 MG/MG Topical Ointment(86.6); 418475:clotrimazole 0.01 MG/MG Topical Ointment(86.6)
https://www.costplusdrugs.com/medications/hydrocortisone-2_50-bottle-of-lotion-118-hytone/,True,hydrocortisone,hytone,2_50 bottle of lotion 118,cream,1116150,bacitracin zinc 0.4 UNT/MG / hydrocortisone acetate 0.01 MG/MG / neomycin sulfate 0.0035 MG/MG / polymyxin B sulfate 10 UNT/MG Ophthalmic Ointment,86.6,100.0,50.0,100,True,198707:hydrocortisone 5 MG/ML Topical Cream(86.6); 1116499:hydrocortisone acetate 10 MG/ML / pramoxine hydroc(86.6); 1370746:hydrocortisone probutate 1 MG/ML Topical Cream(86.6)
https://www.costplusdrugs.com/medications/estradiol-0_01-tubeofcream42_5g/,True,estradiol vaginal estrogen cream,estrace,estradiol 0_01 tubeofcream42_5g,cream,310169,estradiol 0.1 MG/ML Vaginal Cream,68.2,100.0,0.0,100,False,
https://www.costplusdrugs.com/medications/halobetasol-propionate-0_0005-ointment/,True,halobetasol propionate,ultravate,0_0005 ointment,cream,977978,halobetasol propionate 0.0005 MG/MG Topical Ointment,86.6,100.0,50.0,100,True,977990:halobetasol propionate 0.5 MG/ML Topical Cream(86.6); 1995455:clobetasol propionate 0.25 MG/ML Topical Cream(86.6); 861448:clobetasol propionate 0.0005 MG/MG Topical Ointmen(86.6)
https://www.costplusdrugs.com/medications/imiquimod-5-cream/,True,imiquimod,aldara,5 cream,cream,310982,imiquimod 50 MG/ML Topical Cream,86.6,100.0,50.0,100,True,967017:imiquimod 37.5 MG/ML Topical Cream(86.6); 1248440:imiquimod 25 MG/ML Topical Cream(86.6)
https://www.costplusdrugs.com/medications/nystatin-500000-unit-tablet-mycostatin/,True,nystatin,mycostatin,500000 unit tablet,cream,1053697,nystatin 100 UNT/MG / triamcinolone acetonide 0.001 MG/MG Topical Ointment,86.6,100.0,50.0,100,True,884308:nystatin 100 UNT/MG Topical Ointment(86.6); 1053753:nystatin 100000 UNT/ML / triamcinolone acetonide 1(86.6); 543546:nystatin 100000 UNT/ML Topical Cream(86.6)
https://www.costplusdrugs.com/medications/lidocaineprilocaine-2_5-2_5-cream/,True,lidocaine prilocaine,emla,2_5 2_5 cream,cream,1361410,capsaicin 0.000325 MG/MG / lidocaine 0.045 MG/MG / menthol 0.1 MG/MG / methyl salicylate 0.275 MG/MG Topical Ointment,86.6,100.0,50.0,100,True,2471955:lidocaine hydrochloride 0.04 MG/MG / menthol 0.01 (86.6); 250912:lidocaine 40 MG/ML / menthol 10 MG/ML Topical Crea(86.6); 1745450:lidocaine 50 MG/ML / mineral oil 170 MG/ML / petro(86.6)
https://www.costplusdrugs.com/medications/hydrocortisone-0_01-cream/,True,hydrocortisone,preparation h,0_01 cream,cream,1116150,bacitracin zinc 0.4 UNT/MG / hydrocortisone acetate 0.01 MG/MG / neomycin sulfate 0.0035 MG/MG / polymyxin B sulfate 10 UNT/MG Ophthalmic Ointment,86.6,100.0,50.0,100,True,198707:hydrocortisone 5 MG/ML Topical Cream(86.6); 1116499:hydrocortisone acetate 10 MG/ML / pramoxine hydroc(86.6); 1370746:hydrocortisone probutate 1 MG/ML Topical Cream(86.6)
https://www.costplusdrugs.com/medications/Permethrin-0_05-Cream/,True,permethrin,elimite,0_05 cream,cream,106387,permethrin 50 MG/ML Topical Cream,86.6,100.0,50.0,100,False,
https://www.costplusdrugs.com/medications/Ketoconazole-0_02-Cream/,True,ketoconazole,nizoral,0_02 cream,cream,203088,ketoconazole 20 MG/ML Topical Cream,86.6,100.0,50.0,100,False,
https://www.costplusdrugs.com/medications/mometasonefuroate-0_1-solution/,True,mometasone furoate,elocon,0_1 solution,cream,311753,mometasone furoate 1 MG/ML Topical Cream,86.6,100.0,50.0,100,True,151029:mometasone furoate 0.001 MG/MG Topical Ointment(86.6)
https://www.costplusdrugs.com/medications/clobetasol-propionate-emollient-0_0005-cream/,True,clobetasol propionate emollient,temovate e,0_0005 cream,cream,1992281,Emollient clobetasol propionate 0.5 MG/ML Topical Cream,86.6,100.0,50.0,100,True,1995455:clobetasol propionate 0.25 MG/ML Topical Cream(86.6); 861448:clobetasol propionate 0.0005 MG/MG Topical Ointmen(86.6); 861495:clobetasol propionate 0.5 MG/ML Topical Cream(86.6)
https://www.costplusdrugs.com/medications/imiquimod-pump-3_75-cream-pump-7_5-zyclara/,True,imiquimod pump,zyclara,3_75 cream pump 7_5,cream pump,310982,imiquimod 50 MG/ML Topical Cream,86.6,100.0,50.0,100,True,967017:imiquimod 37.5 MG/ML Topical Cream(86.6); 1248440:imiquimod 25 MG/ML Topical Cream(86.6)
https://www.costplusdrugs.com/medications/budesonide-dr-3mg-capsule/,True,budesonide dr,entocort ec,3mg capsule,delayed release capsule,1244214,budesonide 3 MG Delayed Release Oral Capsule,100.0,100.0,100.0,100,False,
https://www.costplusdrugs.com/medications/LansoprazoleDR-30mg-Capsule/,True,lansoprazole delayed release (dr),prevacid,lansoprazoledr 30mg capsule,delayed release capsule,311277,lansoprazole 30 MG Delayed Release Oral Capsule,100.0,100.0,100.0,100,False,
https://www.costplusdrugs.com/medications/duloxetinedelayedreleasedr-60mg-capsule/,True,duloxetine delayed release (dr),cymbalta,60mg capsule,delayed release capsule,615186,duloxetine 60 MG Delayed Release Oral Capsule [Cymbalta],100.0,100.0,100.0,100,False,
https://www.costplusdrugs.com/medications/omeprazoledelayedreleasedr-40mg-capsule/,True,omeprazole delayed release (dr),prilosec,40mg capsule,delayed release capsule,200329,omeprazole 40 MG Delayed Release Oral Capsule,100.0,100.0,100.0,100,False,
https://www.costplusdrugs.com/medications/lansoprazole-delayed-release-dr-30mg-orally-disintegrating-tablet/,True,lansoprazole dr orally disintegrating tablets (odt),prevacid solutab,lansoprazole delayed release dr 30mg orally disintegrating tablet,delayed release odt tablet,,,0.0,0.0,0.0,0,True,NO MATCH FOUND
https://www.costplusdrugs.com/medications/mesalamine-dr-1_2gm-tablet/,True,mesalamine dr,lialda,1_2gm tablet,delayed release tablet,686433,mesalamine 1200 MG Delayed Release Oral Tablet [Lialda],100.0,100.0,100.0,100,False,
https://www.costplusdrugs.com/medications/pantoprazole-sodium-40mg-packet-protonix/,True,pantoprazole sodium,protonix,40mg packet,delayed release tablet,314200,pantoprazole 40 MG Delayed Release Oral Tablet,100.0,100.0,100.0,100,False,
https://www.costplusdrugs.com/medications/mycophenolate-sodium-delayed-release-360mg-tablet/,True,mycophenolate sodium dr,myfortic,mycophenolate sodium delayed release 360mg tablet,delayed release tablet,1099870,divalproex sodium 500 MG Delayed Release Oral Tablet,42.0,50.0,0.0,100,True,1020064:risedronate sodium 35 MG Delayed Release Oral Tabl(42.0); 854868:rabeprazole sodium 20 MG Delayed Release Oral Tabl(42.0); 1359105:diclofenac sodium 75 MG / misoprostol 0.2 MG Delay(42.0)
https://www.costplusdrugs.com/medications/DivalproexSodium-500mg-Tablet/,True,divalproex sodium delayed release (dr),depakote,divalproexsodium 500mg tablet,delayed release tablet,1099870,divalproex sodium 500 MG Delayed Release Oral Tablet,100.0,100.0,100.0,100,False,
https://www.costplusdrugs.com/medications/ciprofloxacin-dexamethasone-0_3-0_1-ear-dropper-7_5-ciprodex/,True,ciprofloxacin-dexamethasone,ciprodex,0_3 0_1 ear dropper 7_5,ear dropper,,,0.0,0.0,0.0,0,True,NO MATCH FOUND
https://www.costplusdrugs.com/medications/fluocinolone-acetonide-0_01-ear-dropper-20-dermotic/,True,fluocinolone acetonide,dermotic,0_01 ear dropper 20,ear dropper,,,0.0,0.0,0.0,0,True,NO MATCH FOUND
https://www.costplusdrugs.com/medications/naproxen-ec-500mg-ec-tablet-delayed-release-ec-naprosyn/,True,naproxen ec,ec-naprosyn,500mg ec tablet delayed release,ec tablet delayed release,994008,esomeprazole 20 MG / naproxen 500 MG Delayed Release Oral Tablet,100.0,100.0,100.0,100,True,835560:naproxen 500 MG Delayed Release Oral Tablet [Napro(100.0)
https://www.costplusdrugs.com/medications/difluprednate-0_05-emulsion-dropper-5-durezol/,True,difluprednate,durezol,0_05 emulsion dropper 5,emulsion dropper,804544,difluprednate 0.5 MG/ML Ophthalmic Suspension,86.6,100.0,50.0,100,False,
https://www.costplusdrugs.com/medications/hydrocortisone-100mg-60ml-enema-60-cortenema/,True,hydrocortisone,cortenema,100mg 60ml enema 60,enema,2590741,hydrocortisone acetate 25 MG / pramoxine hydrochloride 18 MG Rectal Suppository,68.2,100.0,0.0,100,True,1291082:hydrocortisone acetate 25 MG Rectal Suppository(68.2); 1291085:hydrocortisone acetate 30 MG Rectal Suppository(68.2)
https://www.costplusdrugs.com/medications/memantineextendedreleaseer-7mg-capsule/,True,memantine extended release (er),namenda xr,7mg capsule,extended release capsule,1805425,24 HR donepezil hydrochloride 10 MG / memantine hydrochloride 7 MG Extended Release Oral Capsule,100.0,100.0,100.0,100,True,996615:24 HR memantine hydrochloride 7 MG Extended Releas(100)
https://www.costplusdrugs.com/medications/tolterodinetartrateer-4mg-capsule/,True,tolterodine tartrate er,detrol la,4mg capsule,extended release capsule,855189,24 HR tolterodine tartrate 4 MG Extended Release Oral Capsule,100.0,100.0,100.0,100,False,
https://www.costplusdrugs.com/medications/mesalamineextendedreleaseer-375mg-capsule/,True,mesalamine extended release (er),apriso,375mg capsule,extended release capsule,825130,24 HR mesalamine 375 MG Extended Release Oral Capsule,100.0,100.0,100.0,100,False,
https://www.costplusdrugs.com/medications/propranololhclextendedreleaseer-80mg-capsule/,True,propranolol hcl er,inderal la,propranololhclextendedreleaseer 80mg capsule,extended release capsule,856576,24 HR propranolol hydrochloride 80 MG Extended Release Oral Capsule [InnoPran],100.0,100.0,100.0,100,False,
https://www.costplusdrugs.com/medications/cyclobenzaprineextendedreleaseer-30mg-capsule/,True,cyclobenzaprine extended release (er),amrix,30mg capsule,extended release capsule,828353,24 HR cyclobenzaprine hydrochloride 30 MG Extended Release Oral Capsule,100.0,100.0,100.0,100,False,
https://www.costplusdrugs.com/medications/potassiumchlorideextendedreleaseer-8meq-capsule/,True,potassium chloride extended release (er),micro-k,8meq capsule,extended release sprinkle capsule,1658300,potassium chloride 8 MEQ Extended Release Oral Capsule [Klor-Con],100.0,100.0,100.0,100,False,
https://www.costplusdrugs.com/medications/potassium-chloride-er-8-meq-tablet/,True,potassium chloride extended release (er),klor-con m,potassium chloride er 8 meq tablet,extended release tablet,832718,potassium chloride 8 MEQ Extended Release Oral Tablet [Klor-Con],100.0,100.0,100.0,100,False,
https://www.costplusdrugs.com/medications/clonidineextendedreleaseer-0_1mg-tablet/,True,clonidine extended release (er),kapvay,0_1mg tablet,extended release tablet,1013930,12 HR clonidine hydrochloride 0.1 MG Extended Release Oral Tablet,100.0,100.0,100.0,100,False,
https://www.costplusdrugs.com/medications/diclofenacsodiumdelayedreleasedr-75mg-tablet/,True,diclofenac sodium er,voltaren-xr,diclofenacsodiumdelayedreleasedr 75mg tablet,extended release tablet,855657,24 HR diclofenac sodium 100 MG Extended Release Oral Tablet,68.2,100.0,0.0,100,False,
https://www.costplusdrugs.com/medications/verapamilhcler-240mg-tablet/,True,verapamil hcl er,calan sr,240mg tablet,extended release tablet,897680,verapamil hydrochloride 240 MG Extended Release Oral Tablet [Calan],100.0,100.0,100.0,100,True,897844:24 HR trandolapril 2 MG / verapamil hydrochloride (100); 897853:24 HR trandolapril 4 MG / verapamil hydrochloride (100)
https://www.costplusdrugs.com/medications/paroxetine-extended-release-er-12_5mg-tablet/,True,paroxetine extended release (er),paxil cr,12_5mg tablet,extended release tablet,1738803,24 HR paroxetine hydrochloride 12.5 MG Extended Release Oral Tablet,100.0,100.0,100.0,100,False,
https://www.costplusdrugs.com/medications/amoxicillin-pot-clavulanate-er-1000-62_5mg-extended-release-tablet-augmentin-xr/,True,amoxicillin-pot clavulanate er,augmentin xr,1000 62_5mg extended release tablet,extended release tablet,617995,12 HR amoxicillin 1000 MG / clavulanate 62.5 MG Extended Release Oral Tablet,100.0,100.0,100.0,100,False,
https://www.costplusdrugs.com/medications/GuanfacineHClER-4mg-Tablet/,True,guanfacine hcl extended release (er),intuniv,guanfacinehcler 4mg tablet,extended release tablet,862025,24 HR guanfacine 4 MG Extended Release Oral Tablet,100.0,100.0,100.0,100,False,
https://www.costplusdrugs.com/medications/quetiapinefumarateextendedreleaseer-400mg-tablet/,True,quetiapine fumarate er,seroquel xr,quetiapinefumarateextendedreleaseer 400mg tablet,extended release tablet,721796,24 HR quetiapine 400 MG Extended Release Oral Tablet,100.0,100.0,100.0,100,False,
https://www.costplusdrugs.com/medications/paliperidone-er-9mg-tablet/,True,paliperidone er,invega,9mg tablet,extended release tablet,672571,24 HR paliperidone 9 MG Extended Release Oral Tablet,100.0,100.0,100.0,100,False,
https://www.costplusdrugs.com/medications/carbidopa-levodopa-er-50mg-200mg-tablet/,True,carbidopa-levodopa er,sinemet cr,50mg 200mg tablet,extended release tablet,308989,carbidopa 50 MG / levodopa 200 MG Extended Release Oral Tablet,100.0,100.0,100.0,100,False,
https://www.costplusdrugs.com/medications/clobetasol-propionate-0_0005-foam/,True,clobetasol propionate,olux,0_0005 foam,foam,1789962,halobetasol propionate 0.5 MG/ML Topical Lotion,86.6,100.0,50.0,100,True,977978:halobetasol propionate 0.0005 MG/MG Topical Ointme(86.6); 977990:halobetasol propionate 0.5 MG/ML Topical Cream(86.6); 1992273:Emollient clobetasol propionate 0.5 MG/ML Topical (86.6)
https://www.costplusdrugs.com/medications/clindamycin-phosphate-benzoyl-peroxide-1_2-5-gel/,True,clindamycin phosphate benzoyl peroxide,duac,1_2 5 gel,gel,1716274,benzoyl peroxide 0.055 MG/MG Topical Gel,68.2,100.0,0.0,100,True,309333:clindamycin 10 MG/ML Topical Solution(68.2); 829539:adapalene 0.001 MG/MG / benzoyl peroxide 0.025 MG/(68.2); 1540241:benzoyl peroxide 0.05 MG/MG / clindamycin phosphat(68.2)
https://www.costplusdrugs.com/medications/estradiol-1mg-g-gel-packet-divigel/,True,estradiol,divigel,1mg g gel packet,gel packet,226597,estradiol 0.0006 MG/MG Topical Gel,68.2,100.0,0.0,100,True,688507:estradiol 2.5 MG/ML Topical Lotion(68.2)
https://www.costplusdrugs.com/medications/clindamycin-phos-benzoyl-perox-1_2-2_5-gel-pump-50-acanya/,True,clindamycin phos-benzoyl perox,acanya,1_2 2_5 gel pump 50,gel pump,309333,clindamycin 10 MG/ML Topical Solution,68.2,100.0,0.0,100,True,1540241:benzoyl peroxide 0.05 MG/MG / clindamycin phosphat(68.2); 885131:benzoyl peroxide 0.025 MG/MG / clindamycin phospha(68.2); 358917:benzoyl peroxide 0.05 MG/MG / clindamycin 0.01 MG/(68.2)
https://www.costplusdrugs.com/medications/adapalene-benzoyl-peroxide-0_1-2_5-gel-pump-45-epiduo/,True,adapalene-benzoyl peroxide,epiduo,0_1 2_5 gel pump 45,gel pump,1716274,benzoyl peroxide 0.055 MG/MG Topical Gel,68.2,100.0,0.0,100,True,829539:adapalene 0.001 MG/MG / benzoyl peroxide 0.025 MG/(68.2); 1540241:benzoyl peroxide 0.05 MG/MG / clindamycin phosphat(68.2); 905385:adapalene 1 MG/ML Topical Lotion(68.2)
https://www.costplusdrugs.com/medications/metronidazole-1-gel-pump-55-metrogel/,True,metronidazole,metrogel,1 gel pump 55,gel pump,242736,metronidazole 7.5 MG/ML Topical Lotion,68.2,100.0,0.0,100,True,577237:metronidazole 0.01 MG/MG Topical Gel(68.2); 311679:metronidazole 0.0075 MG/MG Topical Gel(68.2)
https://www.costplusdrugs.com/medications/adapalene-benzoyl-peroxide-0_3-2_5-gel-pump-45-epiduo-forte/,True,adapalene-benzoyl peroxide,epiduo forte,0_3 2_5 gel pump 45,gel pump,1716274,benzoyl peroxide 0.055 MG/MG Topical Gel,68.2,100.0,0.0,100,True,829539:adapalene 0.001 MG/MG / benzoyl peroxide 0.025 MG/(68.2); 1540241:benzoyl peroxide 0.05 MG/MG / clindamycin phosphat(68.2); 905385:adapalene 1 MG/ML Topical Lotion(68.2)
https://www.costplusdrugs.com/medications/boric-acid-10-gel-pump-30-mirvaso/,True,boric acid,mirvaso,10 gel pump 30,gel pump,1095689,salicylic acid 275 MG/ML Topical Solution,42.0,50.0,0.0,100,True,477215:sulfonated phenol 500 MG/ML / sulfuric acid 300 MG(42.0); 807008:lactic acid 25 MG/ML / urea 50 MG/ML Topical Lotio(42.0); 1941643:salicylic acid 230 MG/ML Topical Solution(42.0)
https://www.costplusdrugs.com/medications/clindamycin-phosphate-benzoyl-peroxide-1_5-gel-50gm/,True,clindamycin phosphate benzoyl peroxide,benzaclin,1_5 gel 50gm,gel pump,1716274,benzoyl peroxide 0.055 MG/MG Topical Gel,68.2,100.0,0.0,100,True,309333:clindamycin 10 MG/ML Topical Solution(68.2); 829539:adapalene 0.001 MG/MG / benzoyl peroxide 0.025 MG/(68.2); 1540241:benzoyl peroxide 0.05 MG/MG / clindamycin phosphat(68.2)
https://www.costplusdrugs.com/medications/lamotrigine-starter-kit-green-84-x-25mg-14x100mg-green-kit-98-lamictal/,True,lamotrigine starter kit-green,lamictal,84 x 25mg 14x100mg green kit 98,green kit,,,0.0,0.0,0.0,0,True,NO MATCH FOUND
https://www.costplusdrugs.com/medications/albuterol-90mcg-inhaler18g/,True,albuterol hfa,ventolin,albuterol 90mcg inhaler18g,inhaler,1649560,200 ACTUAT albuterol 0.09 MG/ACTUAT Dry Powder Inhaler,86.6,100.0,50.0,100,True,2665906:120 ACTUAT albuterol 0.09 MG/ACTUAT / budesonide 0(86.6)
https://www.costplusdrugs.com/medications/triamcinolone-acetonide-0_05-jar-of-ointment-430-trianex/,True,triamcinolone acetonide,trianex,0_05 jar of ointment 430,jar of ointment,1053697,nystatin 100 UNT/MG / triamcinolone acetonide 0.001 MG/MG Topical Ointment,86.6,100.0,50.0,100,True,1014314:triamcinolone acetonide 1 MG/ML Topical Cream(86.6); 1053753:nystatin 100000 UNT/ML / triamcinolone acetonide 1(86.6); 1090641:triamcinolone acetonide 0.0005 MG/MG Topical Ointm(86.6)
https://www.costplusdrugs.com/medications/erythromycin-2-jar-of-pads-60-ery/,True,erythromycin,ery,2 jar of pads 60,jar of pads,310149,erythromycin 0.005 MG/MG Ophthalmic Ointment,86.6,100.0,50.0,100,True,310152:erythromycin 0.02 MG/MG Topical Gel(86.6); 797452:erythromycin 20 MG/ML Medicated Pad(86.6); 197650:erythromycin 500 MG Oral Tablet(86.6)
https://www.costplusdrugs.com/medications/accu-chek-guide-me-care-kit/,False,,accu-chek guide me meter for diabetic blood glucose testing,,kit,,,0.0,0.0,0.0,0,True,NO MATCH FOUND
https://www.costplusdrugs.com/medications/lactic-acid-ammonium-lactate-12-lotion-227g/,True,lactic acid (ammonium lactate),lac-hydrin,12 lotion 227g,lotion,807008,lactic acid 25 MG/ML / urea 50 MG/ML Topical Lotion,68.2,100.0,0.0,100,True,205248:lactic acid 20 MG/ML / urea 100 MG/ML Topical Loti(68.2); 607229:lactic acid 120 MG/ML Topical Lotion(68.2); 311249:lactic acid 100 MG/ML Topical Lotion(68.2)
https://www.costplusdrugs.com/medications/clotrimazole-10mg-lozenge-mycelex/,True,clotrimazole,mycelex,10mg lozenge,lozenge,309367,clotrimazole 10 MG/ML Topical Cream,100.0,100.0,100.0,100,True,358371:clotrimazole 10 MG/ML Topical Spray(100); 309370:clotrimazole 10 MG/ML Topical Solution(100)
https://www.costplusdrugs.com/medications/valproatesodium-250mg_5ml-milliliters/,True,valproate sodium,depakene,250mg_5ml milliliters,milliliters,801032,alanine 10.4 MG/ML / arginine 5.75 MG/ML / calcium chloride 0.004 MEQ/ML / dibasic potassium phosphate 2.61 MG/ML / glucose 250 MG/ML / glycine 5.15 MG/ML / histidine 2.4 MG/ML / isoleucine 3 MG/ML / leucine 3.65 MG/ML / lysine 2.9 MG/ML / magnesium chloride 0.01 MEQ/ML / methionine 2 MG/ML / phenylalanine 2.8 MG/ML / proline 3.4 MG/ML / serine 2.5 MG/ML / sodium acetate trihydrate 3.4 MG/ML / sodium chloride 0.01 MEQ/ML / threonine 2.1 MG/ML / tryptophan 0.9 MG/ML / tyrosine 0.2 MG/ML / valine 2.9 MG/ML Injectable Solution,100.0,100.0,100.0,100,False,
https://www.costplusdrugs.com/medications/flunisolide-25mcg-act-0_025-nasal-spray-25-nasalide/,True,flunisolide,nasalide,25mcg act 0_025 nasal spray 25,nasal spray,1797863,flunisolide 0.025 MG/ACTUAT Metered Dose Nasal Spray,100.0,100.0,100.0,100,False,
https://www.costplusdrugs.com/medications/SumatriptanSuccinate-50mg-Tablet/,True,sumatriptan,imitrex,succinate 50mg tablet,nasal spray,313161,sumatriptan 50 MG Oral Tablet,97.1,100.0,100.0,50,False,
https://www.costplusdrugs.com/medications/calcitonin-salmon-200-unit-act-nasal-spray-3_7-miacalcin/,True,calcitonin (salmon),miacalcin,200 unit act nasal spray 3_7,nasal spray,313919,salmon calcitonin 200 UNT/ACTUAT Nasal Spray,86.6,100.0,50.0,100,False,
https://www.costplusdrugs.com/medications/olopatadine-hcl-0_60-solution-spray-30_5-patanase/,True,olopatadine hcl,patanase,0_60 solution spray 30_5,nasal spray,1797895,olopatadine hydrochloride 0.665 MG/ACTUAT Metered Dose Nasal Spray,86.6,100.0,50.0,100,True,2591806:mometasone furoate 0.025 MG/ACTUAT / olopatadine h(86.6)
https://www.costplusdrugs.com/medications/desmopressin-ace-spray-refrig-0_01-nasal-spray-5-minirin/,True,desmopressin ace spray refrig,minirin,0_01 nasal spray 5,nasal spray,1874124,desmopressin acetate 0.00083 MG/ACTUAT Metered Dose Nasal Spray,86.6,100.0,50.0,100,True,1874132:desmopressin acetate 0.00166 MG/ACTUAT Metered Dos(86.6); 849506:desmopressin acetate 0.01 MG/ACTUAT Nasal Spray(86.6); 1797859:desmopressin acetate 0.15 MG/ACTUAT Metered Dose N(86.6)
https://www.costplusdrugs.com/medications/Azelastine%20HCl-0_001-Solution/,True,azelastine hcl,astelin,azelastine%20hcl 0_001 solution,nasal spray,1797867,azelastine hydrochloride 0.137 MG/ACTUAT Metered Dose Nasal Spray,86.6,100.0,50.0,100,True,1797847:azelastine hydrochloride 0.137 MG/ACTUAT / flutica(86.6); 1797883:azelastine hydrochloride 0.206 MG/ACTUAT Metered D(86.6)
https://www.costplusdrugs.com/medications/dihydroergotamine-mesylate-4mg-ml-nasal-spray-1-migranal/,True,dihydroergotamine mesylate,migranal,4mg ml nasal spray 1,nasal spray,2569836,dihydroergotamine mesylate 0.725 MG/ACTUAT Metered Dose Nasal Spray,68.2,100.0,0.0,100,True,861668:dihydroergotamine mesylate 0.5 MG/ACTUAT Metered D(68.2)
https://www.costplusdrugs.com/medications/azelastine-fluticasone-137-50mcg-act-nasal-spray-23-dymista/,True,azelastine-fluticasone,dymista,137 50mcg act nasal spray 23,nasal spray,1797847,azelastine hydrochloride 0.137 MG/ACTUAT / fluticasone propionate 0.05 MG/ACTUAT Metered Dose Nasal Spray,100.0,100.0,100.0,100,False,
https://www.costplusdrugs.com/medications/arformoterol-tartrate-15mcg-2ml-nebulization-solution-2-brovana/,True,arformoterol tartrate,brovana,15mcg 2ml nebulization solution 2,nebulization solution,668956,arformoterol 0.0075 MG/ML Inhalation Solution,68.2,100.0,0.0,100,False,
https://www.costplusdrugs.com/medications/albuterol-sulfate-1_25mg_3ml-inhalation-suspension-75ml/,True,albuterol sulfate,accuneb,1_25mg_3ml inhalation suspension 75ml,nebulization solution,1437702,albuterol 0.833 MG/ML / ipratropium bromide 0.167 MG/ML Inhalation Solution,68.2,100.0,0.0,100,True,1190220:120 ACTUAT albuterol 0.1 MG/ACTUAT / ipratropium b(68.2); 1649560:200 ACTUAT albuterol 0.09 MG/ACTUAT Dry Powder Inh(68.2); 351136:albuterol 0.417 MG/ML Inhalation Solution(68.2)
https://www.costplusdrugs.com/medications/lamotrigine-50mg-orallydisintegratingtablet-odt/,True,lamotrigine,lamictal odt,50mg orallydisintegratingtablet odt,odt tablet,199322,lamotrigine 50 MG Oral Tablet,100.0,100.0,100.0,100,False,
https://www.costplusdrugs.com/medications/ondansetron-8mg-orallydisintegratingtablet-odt/,True,ondansetron,zofran odt,8mg orallydisintegratingtablet odt,odt tablet,312086,ondansetron 8 MG Oral Tablet,100.0,100.0,100.0,100,False,
https://www.costplusdrugs.com/medications/olanzapine-5mg-odt/,True,olanzapine,zyprexa zydis,5mg odt,odt tablet,312078,olanzapine 5 MG Oral Tablet,100.0,100.0,100.0,100,True,2570392:olanzapine 5 MG / samidorphan 10 MG Oral Tablet(100); 314155:olanzapine 5 MG Disintegrating Oral Tablet(97.1)
https://www.costplusdrugs.com/medications/rizatriptan-benzoate-5mg-odt-tablet/,True,rizatriptan benzoate,maxalt-mlt,5mg odt tablet,odt tablet,312840,rizatriptan 5 MG Oral Tablet,100.0,100.0,100.0,100,False,
https://www.costplusdrugs.com/medications/zolmitriptan-5mg-blister-pack-of-3-odt-tablets/,True,zolmitriptan,zomig zmt,5mg blister pack of 3 odt tablets,odt tablet,200194,zolmitriptan 5 MG Oral Tablet,100.0,100.0,100.0,100,False,
https://www.costplusdrugs.com/medications/mirtazapine-45mg-orallydisintegratingtablet-odt/,True,mirtazapine odt,remeron soltab,mirtazapine 45mg orallydisintegratingtablet odt,odt tablet,311726,mirtazapine 45 MG Oral Tablet,100.0,100.0,100.0,100,False,
https://www.costplusdrugs.com/medications/fluocinolone-acetonide-body-0_01-oil-118_28ml/,True,fluocinolone acetonide body,derma-smoothe/fs body,0_01 oil 118_28ml,oil,2099361,fluocinolone acetonide 0.18 MG Drug Implant,68.2,100.0,0.0,100,True,1191256:fluocinolone acetonide 0.00025 MG/MG Topical Ointm(68.2); 1191262:fluocinolone acetonide 0.1 MG/ML / hydroquinone 40(68.2); 1191265:fluocinolone acetonide 0.1 MG/ML Medicated Shampoo(68.2)
https://www.costplusdrugs.com/medications/mupirocin-2-ointment-22g/,True,mupirocin,bactroban,2 ointment 22g,ointment,311877,mupirocin 20 MG/ML Topical Cream,68.2,100.0,0.0,100,True,106346:mupirocin 0.02 MG/MG Topical Ointment(68.2)
https://www.costplusdrugs.com/medications/lidocaine-hcl-4-bottle-of-solution-50-xylocaine/,True,lidocaine hcl,xylocaine,4 bottle of solution 50,ointment,1361410,capsaicin 0.000325 MG/MG / lidocaine 0.045 MG/MG / menthol 0.1 MG/MG / methyl salicylate 0.275 MG/MG Topical Ointment,86.6,100.0,50.0,100,True,2471955:lidocaine hydrochloride 0.04 MG/MG / menthol 0.01 (86.6); 250912:lidocaine 40 MG/ML / menthol 10 MG/ML Topical Crea(86.6); 1745450:lidocaine 50 MG/ML / mineral oil 170 MG/ML / petro(86.6)
https://www.costplusdrugs.com/medications/Nystatin-100000unitsg-Ointment/,True,nystatin,nystex,100000unitsg ointment,ointment,1053697,nystatin 100 UNT/MG / triamcinolone acetonide 0.001 MG/MG Topical Ointment,86.6,100.0,50.0,100,True,884308:nystatin 100 UNT/MG Topical Ointment(86.6); 1053753:nystatin 100000 UNT/ML / triamcinolone acetonide 1(86.6); 543546:nystatin 100000 UNT/ML Topical Cream(86.6)
https://www.costplusdrugs.com/medications/Erythromycin-5mg-Ointment/,True,erythromycin,ilotycin,5mg ointment,ointment,310149,erythromycin 0.005 MG/MG Ophthalmic Ointment,68.2,100.0,0.0,100,False,
https://www.costplusdrugs.com/medications/cromolynsodium-0_04-ophthalmicsolution/,True,cromolyn sodium,opticrom,0_04 ophthalmicsolution,ophthalmic solution,1298435,sodium chloride 0.000855 MEQ/MG Ophthalmic Ointment,86.6,100.0,50.0,100,True,750121:sodium chloride 0.342 MEQ/ML Ophthalmic Solution(86.6); 2706648:sodium chloride 9 MG/ML Ophthalmic Solution(86.6); 806392:calcium chloride 0.004 MEQ/ML / magnesium chloride(86.6)
https://www.costplusdrugs.com/medications/ketotifen-fumarate-0_035-ophthalmic-solution-5ml/,True,ketotifen fumarate,zaditor,0_035 ophthalmic solution 5ml,ophthalmic solution,311237,ketotifen 0.25 MG/ML Ophthalmic Solution,68.2,100.0,0.0,100,False,
https://www.costplusdrugs.com/medications/brimonidinetartrate-0_002-solution/,True,brimonidine tartrate,alphagan,0_002 solution,ophthalmic solution,861200,brimonidine tartrate 2 MG/ML Ophthalmic Solution,86.6,100.0,50.0,100,True,861204:brimonidine tartrate 1 MG/ML Ophthalmic Solution(86.6); 861208:brimonidine tartrate 1.5 MG/ML Ophthalmic Solution(86.6); 1999016:brimonidine tartrate 0.25 MG/ML Ophthalmic Solutio(86.6)
https://www.costplusdrugs.com/medications/tobramycin-0_003-ophthalmicsolution/,True,tobramycin,tobrex,0_003 ophthalmicsolution,ophthalmic solution,309682,dexamethasone 0.001 MG/MG / tobramycin 0.003 MG/MG Ophthalmic Ointment,86.6,100.0,50.0,100,True,313414:tobramycin 0.003 MG/MG Ophthalmic Ointment(86.6); 313415:tobramycin 3 MG/ML Ophthalmic Solution(86.6)
https://www.costplusdrugs.com/medications/olopatadinehcl-0_001-ophthalmicsolution/,True,olopatadine hcl,pataday,0_001 ophthalmicsolution,ophthalmic solution,1111339,olopatadine 1 MG/ML Ophthalmic Solution,86.6,100.0,50.0,100,True,1111343:olopatadine 2 MG/ML Ophthalmic Solution(86.6); 1601086:olopatadine 7 MG/ML Ophthalmic Solution(86.6)
https://www.costplusdrugs.com/medications/ciprofloxacin-hcl-0_3-ophthalmic-solution-10ml/,True,ciprofloxacin hcl,ciloxan,0_3 ophthalmic solution 10ml,ophthalmic solution,309306,ciprofloxacin 0.003 MG/MG Ophthalmic Ointment,68.2,100.0,0.0,100,True,309307:ciprofloxacin 3 MG/ML Ophthalmic Solution(68.2)
https://www.costplusdrugs.com/medications/ketorolac-tromethamine-0_005-solution-5ml/,True,ketorolac tromethamine,acular,0_005 solution 5ml,ophthalmic solution 10ml,860107,ketorolac tromethamine 5 MG/ML Ophthalmic Solution,100.0,100.0,100.0,100,True,858364:ketorolac tromethamine 4.5 MG/ML Ophthalmic Soluti(100)
https://www.costplusdrugs.com/medications/neomycinpolymyxindexamethasone-3_5-10000-0_1-suspension/,True,neomycin polymyxin dexamethasone,maxitrol,3_5 10000 0_1 suspension,ophthalmic suspension,226343,dexamethasone phosphate 1 MG/ML Ophthalmic Solution,86.6,100.0,50.0,100,True,244967:polymyxin B 10000 UNT/ML / trimethoprim 1 MG/ML Op(86.6); 308493:bacitracin 0.4 UNT/MG / neomycin 0.0035 MG/MG / po(86.6); 308511:bacitracin 0.5 UNT/MG / polymyxin B 10 UNT/MG Opht(86.6)
https://www.costplusdrugs.com/medications/NeomycinPolymyxinHydrocortisone-3_5mgmL-10000UnitmL-0_01-Suspension/,True,neomycin polymyxin hydrocortisone,cortisporin,3_5mgml 10000unitml 0_01 suspension,opthalmic suspension,204874,hydrocortisone 10 MG/ML / neomycin 3.5 MG/ML / polymyxin B 10000 UNT/ML Ophthalmic Suspension,100.0,100.0,100.0,100,True,311888:neomycin 3.5 MG/ML / polymyxin B 10000 UNT/ML / pr(100); 763095:hydrocortisone 10 MG/ML / neomycin 3.5 MG/ML / pol(100.0); 206511:hydrocortisone 10 MG/ML / neomycin 3.5 MG/ML / pol(100.0)
https://www.costplusdrugs.com/medications/sirolimus-1mg_ml-oral-solution-60ml/,True,sirolimus oral solution,rapamune oral solution,sirolimus 1mg_ml oral solution 60ml,oral solution,314230,sirolimus 1 MG/ML Oral Solution,86.6,100.0,50.0,100,False,
https://www.costplusdrugs.com/medications/lamotrigine-starter-kit-orange-42-x-25mg-7-x-100mg-orange-kit-49-lamictal/,True,lamotrigine starter kit-orange,lamictal,42 x 25mg 7 x 100mg orange kit 49,orange kit,,,0.0,0.0,0.0,0,True,NO MATCH FOUND
https://www.costplusdrugs.com/medications/premphase-0_625-5mg-28-tablets/,False,conjugated estrogens / medroxyprogesterone,premphase ,0_625 5mg 28 tablets,pack of 28 tablets,1000356,"estrogens, conjugated (USP) 0.625 MG / medroxyprogesterone acetate 5 MG Oral Tablet",75.0,100.0,100.0,100,True,1000145:medroxyprogesterone acetate 5 MG Oral Tablet [Prov(73.5)
https://www.costplusdrugs.com/medications/prempro-0_625-5mg-28-tablets/,False,conjugated estrogens / medroxyprogesterone,prempro ,0_625 5mg 28 tablets,pack of 28 tablets,1000145,medroxyprogesterone acetate 5 MG Oral Tablet [Provera],75.4,50.0,100.0,100,True,"1000356:estrogens, conjugated (USP) 0.625 MG / medroxyprog(75.0)"
https://www.costplusdrugs.com/medications/euthyrox-88mcg-tablet-30/,False,levothyroxine sodium,euthyrox ,88mcg tablet 30,pack of 30 tablets,966173,levothyroxine sodium 0.088 MG Oral Tablet [Euthyrox],100.0,100.0,100.0,100,False,
https://www.costplusdrugs.com/medications/vardenafil-hcl-orally-disintegrating-tablet-10mg-blister-pack-of-4-odt-tablets/,True,vardenafil hcl orally disintegrating tablet,staxyn,10mg blister pack of 4 odt tablets,pack of 4 odt tablet,404638,vardenafil 10 MG Oral Tablet [Levitra],100.0,100.0,100.0,100,False,
https://www.costplusdrugs.com/medications/ipratropium-albuterol-0_5-2_5mg_solution-30-x-3ml/,True,ipratropium-albuterol,duoneb,0_5 2_5mg_solution 30 x 3ml,pack of 60 vials of solution,836358,ipratropium bromide 0.2 MG/ML Inhalation Solution,68.2,100.0,0.0,100,True,1437702:albuterol 0.833 MG/ML / ipratropium bromide 0.167 (68.2); 1649560:200 ACTUAT albuterol 0.09 MG/ACTUAT Dry Powder Inh(68.2); 351136:albuterol 0.417 MG/ML Inhalation Solution(68.2)
https://www.costplusdrugs.com/medications/aprepitant-80-125mg-pack-of-capsules-3-emend-tri-pack/,True,aprepitant,emend tri-pack,80 125mg pack of capsules 3,pack of capsules,403811,aprepitant 125 MG Oral Capsule,100.0,100.0,100.0,100,False,
https://www.costplusdrugs.com/medications/norethindrone-ace-ethinyl-estradiol-fe-1mg-20mcg-pack-of-capsules-28-gemmily/,True,norethindrone ace-ethinyl estradiol-fe,gemmily,1mg 20mcg pack of capsules 28,pack of capsules,1421459,ethinyl estradiol 0.02 MG / norethindrone acetate 1 MG Oral Capsule,100.0,100.0,100.0,100,False,
https://www.costplusdrugs.com/medications/norethindrone-ace-eth-estradiol-fe-1mg-20mcg-pack-of-chewable-tablets-28-mibelas-24-fe/,True,norethindrone ace-eth estradiol-fe,mibelas 24 fe,1mg 20mcg pack of chewable tablets 28,pack of chewable tablets,1358762,ethinyl estradiol 0.02 MG / norethindrone acetate 1 MG Oral Tablet,100.0,100.0,100.0,100,True,1426288:ethinyl estradiol 0.02 MG / norethindrone acetate (100)
https://www.costplusdrugs.com/medications/norethindrone-ethinyl-estradiol-fe-0_4mg-35mcg-pack-of-chewable-tablets-28-wymzya-fe/,True,norethindrone & ethinyl estradiol-fe,wymzya fe,0_4mg 35mcg pack of chewable tablets 28,pack of chewable tablets,433718,ethinyl estradiol 0.035 MG / norethindrone 0.4 MG Chewable Tablet,100.0,100.0,100.0,100,True,238015:ethinyl estradiol 0.035 MG / norethindrone 0.4 MG (100)
https://www.costplusdrugs.com/medications/norethindrone-ethinyl-estradiol-fe-0_8-25mg-mcg-pack-of-chewable-tablets-28-kaitlib-fe/,True,norethindrone & ethinyl estradiol-fe,kaitlib fe,0_8 25mg mcg pack of chewable tablets 28,pack of chewable tablets,433718,ethinyl estradiol 0.035 MG / norethindrone 0.4 MG Chewable Tablet,68.2,100.0,0.0,100,True,1359022:ethinyl estradiol 0.03 MG / norethindrone acetate (68.2); 310463:ethinyl estradiol 0.035 MG / norethindrone 0.5 MG (68.2); 312033:ethinyl estradiol 0.035 MG / norethindrone 1 MG Or(68.2)
https://www.costplusdrugs.com/medications/fluoxetine-hcl-90mg-pack-of-delayed-release-capsules-4-prozac-weekly/,True,fluoxetine hcl,prozac weekly,90mg pack of delayed release capsules 4,pack of delayed release capsules,313995,fluoxetine 90 MG Delayed Release Oral Capsule,100.0,100.0,100.0,100,False,
https://www.costplusdrugs.com/medications/desloratadine-5mg-pack-of-disintegrating-tablets-30-clarinex-reditabs/,True,desloratadine,clarinex reditabs,5mg pack of disintegrating tablets 30,pack of disintegrating tablets,403841,desloratadine 5 MG Disintegrating Oral Tablet,100.0,100.0,100.0,100,True,904026:loratadine 5 MG Disintegrating Oral Tablet [Clarit(100.0)
https://www.costplusdrugs.com/medications/mesalamine-cleanser-4gm-bottles-kit-1-rowasa/,True,mesalamine,rowasa,cleanser 4gm bottles kit 1,pack of enemas,248420,mesalamine 1000 MG Rectal Suppository,68.2,100.0,0.0,100,False,
https://www.costplusdrugs.com/medications/budesonide-er-9mg-tablet-extended-release-uceris/,True,budesonide,uceris,er 9mg tablet extended release,pack of foam canisters,1366550,24 HR budesonide 9 MG Extended Release Oral Tablet,100.0,100.0,100.0,100,True,2273110:24 HR budesonide 9 MG Extended Release Oral Capsul(100.0)
https://www.costplusdrugs.com/medications/levalbuterol-hcl-1_25mg-3ml-pack-of-solution-vials-3-xopenex/,True,levalbuterol hcl,xopenex,1_25mg 3ml pack of solution vials 3,pack of solution vials,242754,levalbuterol 0.417 MG/ML Inhalation Solution,68.2,100.0,0.0,100,True,745791:200 ACTUAT levalbuterol 0.045 MG/ACTUAT Metered Do(68.2); 311286:levalbuterol 0.21 MG/ML Inhalation Solution(68.2); 349590:levalbuterol 0.103 MG/ML Inhalation Solution(68.2)
https://www.costplusdrugs.com/medications/promethazine-hcl-50mg-pack-of-suppositories-12-promethegan/,False,promethazine hcl,promethegan ,50mg pack of suppositories 12,pack of suppositories,992481,promethazine hydrochloride 50 MG Rectal Suppository [Promethegan],100.0,100.0,100.0,100,False,
https://www.costplusdrugs.com/medications/prochlorperazine-25mg-pack-of-suppositories-12-compro/,True,prochlorperazine,compro,25mg pack of suppositories 12,pack of suppositories,198159,prochlorperazine 25 MG Rectal Suppository,100.0,100.0,100.0,100,False,
https://www.costplusdrugs.com/medications/ethynodiol-diacetate-ethinyl-estradiol-1mg-50mcg-pack-of-tablets-28-kelnor/,True,ethynodiol diacetate & ethinyl estradiol,kelnor,1mg 50mcg pack of tablets 28,pack of tablets,315096,ethinyl estradiol 0.05 MG / ethynodiol diacetate 1 MG Oral Tablet,100.0,100.0,100.0,100,False,
https://www.costplusdrugs.com/medications/desogestrel-and-ethinyl-estradiol-0_1-0_125-0_15-0_025mg-pack-of-tablets-28-velivet/,False,desogestrel and ethinyl estradiol,velivet ,0_1 0_125 0_15 0_025mg pack of tablets 28,pack of tablets,654353,desogestrel 0.1 MG / ethinyl estradiol 0.025 MG Oral Tablet,75.0,100.0,100.0,100,True,578732:ethinyl estradiol 0.025 MG / norgestimate 0.18 MG (75.0); 759741:desogestrel 0.125 MG / ethinyl estradiol 0.025 MG (75.0); 729534:desogestrel 0.15 MG / ethinyl estradiol 0.025 MG O(75.0)
https://www.costplusdrugs.com/medications/norethindrone-ace-ethinyl-estradiol-fe-1mg-20mcg-pack-of-tablets-28-junel-fe-24/,True,norethindrone ace-ethinyl estradiol-fe,junel fe 24,1mg 20mcg pack of tablets 28,pack of tablets,1358762,ethinyl estradiol 0.02 MG / norethindrone acetate 1 MG Oral Tablet,100.0,100.0,100.0,100,True,1426288:ethinyl estradiol 0.02 MG / norethindrone acetate (100)
https://www.costplusdrugs.com/medications/drospirenone-ethinyl-estrad-levomefolate-3-0_03-0_451mg-pack-of-tablets-28-tydemy/,True,drospirenone-ethinyl estrad-levomefolate,tydemy,3 0_03 0_451mg pack of tablets 28,pack of tablets,1301016,drospirenone 0.25 MG / ethinyl estradiol 0.5 MG Oral Tablet,100.0,100.0,100.0,100,True,1483549:drospirenone 0.25 MG / estradiol 0.5 MG Oral Table(100); 1483552:drospirenone 0.5 MG / estradiol 1 MG Oral Tablet(100); 1013626:drospirenone 3 MG / ethinyl estradiol 0.02 MG / le(100)
https://www.costplusdrugs.com/medications/drospiren-eth-estrad-levomefol-3-0_02-0_451mg-pack-of-tablets-28-beyaz/,True,drospiren-eth estrad-levomefol,beyaz,3 0_02 0_451mg pack of tablets 28,pack of tablets,,,0.0,0.0,0.0,0,True,NO MATCH FOUND
https://www.costplusdrugs.com/medications/norethindrone-eth-estradiol-0_5-0_75-1-35mg-mcg-pack-of-tablets-28-nylia-7-7-7/,True,norethindrone-eth estradiol,nylia 7/7/7,0_5 0_75 1 35mg mcg pack of tablets 28 nylia 7 7 7,pack of tablets,577029,estradiol 1.8 MG Oral Tablet,68.2,100.0,0.0,100,True,577027:estradiol 0.45 MG Oral Tablet(68.2); 197657:estradiol 0.5 MG Oral Tablet(68.2); 197658:estradiol 1 MG Oral Tablet(68.2)
https://www.costplusdrugs.com/medications/cabergoline-0_5mg-pack-of-tablets-8-dostinex/,True,cabergoline,dostinex,0_5mg pack of tablets 8,pack of tablets,199703,cabergoline 0.5 MG Oral Tablet,100.0,100.0,100.0,100,False,
https://www.costplusdrugs.com/medications/levonorgestrel-and-ethinyl-estradiol-0_05-30-0_075-40-0_125-30-mg-mcg-pack-of-tablets-28-enpresse-28/,True,levonorgestrel and ethinyl estradiol,enpresse-28,0_05 30 0_075 40 0_125 30 mg mcg pack of tablets 28,pack of tablets,240128,ethinyl estradiol 0.035 MG / norgestimate 0.25 MG Oral Tablet,68.2,100.0,0.0,100,True,249357:desogestrel 0.15 MG / ethinyl estradiol 0.02 MG Or(68.2); 654353:desogestrel 0.1 MG / ethinyl estradiol 0.025 MG Or(68.2); 1301016:drospirenone 0.25 MG / ethinyl estradiol 0.5 MG Or(68.2)
https://www.costplusdrugs.com/medications/norethindrone-ac-ethinyl-estrad-fe-1-20-1-30-1-35mg-mcg-pack-of-tablets-28-tri-legest-fe/,True,norethindrone ac-ethinyl estrad-fe,tri-legest fe,1 20 1 30 1 35mg mcg pack of tablets 28,pack of tablets,1359123,estradiol 0.5 MG / norethindrone acetate 0.1 MG Oral Tablet,68.2,100.0,0.0,100,True,1359126:estradiol 1 MG / norethindrone acetate 0.5 MG Oral(68.2); 2556799:estradiol 1 MG / norethindrone acetate 0.5 MG / re(68.2); 1359130:ethinyl estradiol 0.03 MG / norethindrone acetate (68.2)
https://www.costplusdrugs.com/medications/levonor-eth-est-0_1-0_125-0_15-0_025mg-pack-of-tablets-91-rivelsa/,True,levonor-eth est,rivelsa,0_1 0_125 0_15 0_025mg pack of tablets 91,pack of tablets,,,0.0,0.0,0.0,0,True,NO MATCH FOUND
https://www.costplusdrugs.com/medications/norethindrone-eth-estradiol-0_5-1-0_5mg-35mcg-pack-of-tablets-28-aranelle/,True,norethindrone-eth estradiol,aranelle,0_5 1 0_5mg 35mcg pack of tablets 28,pack of tablets,310463,ethinyl estradiol 0.035 MG / norethindrone 0.5 MG Oral Tablet,100.0,100.0,100.0,100,False,
https://www.costplusdrugs.com/medications/yaz-3-0_02mg-tablet-28/,False,drospirenone / ethinyl estradiol,yaz ,3 0_02mg tablet 28,pack of tablets,1013626,drospirenone 3 MG / ethinyl estradiol 0.02 MG / levomefolate calcium 0.451 MG Oral Tablet,75.0,100.0,100.0,100,True,630734:drospirenone 3 MG / ethinyl estradiol 0.02 MG Oral(75.0)
https://www.costplusdrugs.com/medications/norethindroneacetateethinylestradiol-1mg_35mcg-blisterpack/,True,norethindrone & ethinyl estradiol,nortrel,norethindroneacetateethinylestradiol 1mg_35mcg blisterpack,pack of tablets,312033,ethinyl estradiol 0.035 MG / norethindrone 1 MG Oral Tablet,100.0,100.0,100.0,100,False,
https://www.costplusdrugs.com/medications/norethindrone-ethinyl-estradiol-0_4mg-35mcg-pack-of-tablets-28-vyfemla/,True,norethindrone & ethinyl estradiol,vyfemla,0_4mg 35mcg pack of tablets 28,pack of tablets,433718,ethinyl estradiol 0.035 MG / norethindrone 0.4 MG Chewable Tablet,100.0,100.0,100.0,100,True,238015:ethinyl estradiol 0.035 MG / norethindrone 0.4 MG (100)
https://www.costplusdrugs.com/medications/levonorgestrel-and-ethinyl-estradiol-90-20mcg-pack-of-tablets-28-amethyst/,True,levonorgestrel and ethinyl estradiol,amethyst,90 20mcg pack of tablets 28,pack of tablets,249357,desogestrel 0.15 MG / ethinyl estradiol 0.02 MG Oral Tablet,100.0,100.0,100.0,100,True,242297:ethinyl estradiol 0.02 MG / levonorgestrel 0.1 MG (100); 2539224:ethinyl estradiol 0.02 MG / levonorgestrel 0.1 MG (100); 722152:ethinyl estradiol 0.02 MG / levonorgestrel 0.09 MG(100)
https://www.costplusdrugs.com/medications/desogestrel-ethinyl-estradiol-0_15mg-30mcg-pack-of-tablets-28-apri/,True,desogestrel & ethinyl estradiol,apri,0_15mg 30mcg pack of tablets 28,pack of tablets,240707,desogestrel 0.15 MG / ethinyl estradiol 0.03 MG Oral Tablet,100.0,100.0,100.0,100,False,
https://www.costplusdrugs.com/medications/norgestimate-eth-estradiol-0_25-35mg-mcg-pack-of-tablets-28-ortho-cyclen-28/,True,norgestimate-eth estradiol,ortho-cyclen (28,0_25 35mg mcg pack of tablets 28,pack of tablets,240128,ethinyl estradiol 0.035 MG / norgestimate 0.25 MG Oral Tablet,68.2,100.0,0.0,100,True,577029:estradiol 1.8 MG Oral Tablet(68.2); 577027:estradiol 0.45 MG Oral Tablet(68.2); 197657:estradiol 0.5 MG Oral Tablet(68.2)
https://www.costplusdrugs.com/medications/levonorgestrel-and-ethinyl-estradiol-0_1-0_02-0_01mg-pack-of-tablets-91-camrese-lo/,True,levonorgestrel and ethinyl estradiol,camrese lo,0_1 0_02 0_01mg pack of tablets 91,pack of tablets,1037183,ethinyl estradiol 0.01 MG / norethindrone acetate 1 MG Oral Tablet,100.0,100.0,100.0,100,True,248310:ethinyl estradiol 0.01 MG Oral Tablet(100)
https://www.costplusdrugs.com/medications/norethindrone-acetate-ethinyl-estradiol-1mg-5mcg-pack-of-tablets-90-fyavolv/,True,norethindrone acetate-ethinyl estradiol,fyavolv,1mg 5mcg pack of tablets 90,pack of tablets,1090992,ethinyl estradiol 0.005 MG / norethindrone acetate 1 MG Oral Tablet,100.0,100.0,100.0,100,False,
https://www.costplusdrugs.com/medications/levonorgestrel-+-ee-0_1mg-20mcg-pack-of-tablets-28-vienva/,True,levonorgestrel + ee,vienva,0_1mg 20mcg pack of tablets 28,pack of tablets,2539224,ethinyl estradiol 0.02 MG / levonorgestrel 0.1 MG Chewable Tablet,100.0,100.0,100.0,100,True,242297:ethinyl estradiol 0.02 MG / levonorgestrel 0.1 MG (100)
https://www.costplusdrugs.com/medications/drospirenone-ethinyl-estradiol-3-0_02mg-pack-of-tablets-28-yaz/,True,drospirenone-ethinyl estradiol,yaz,3 0_02mg pack of tablets 28,pack of tablets,249357,desogestrel 0.15 MG / ethinyl estradiol 0.02 MG Oral Tablet,100.0,100.0,100.0,100,True,242297:ethinyl estradiol 0.02 MG / levonorgestrel 0.1 MG (100); 2539224:ethinyl estradiol 0.02 MG / levonorgestrel 0.1 MG (100); 722152:ethinyl estradiol 0.02 MG / levonorgestrel 0.09 MG(100)
https://www.costplusdrugs.com/medications/prednisolone-sodium-phosphate-15mg-5ml-bottle-of-soltuion-237-orapred/,True,prednisolone sodium phosphate,orapred,15mg 5ml bottle of soltuion 237,pack of tablets disintegrating,630796,1000 ML glucose 50 MG/ML / potassium chloride 0.01 MEQ/ML / sodium chloride 4.5 MG/ML Injection,78.8,100.0,50.0,50,True,311888:neomycin 3.5 MG/ML / polymyxin B 10000 UNT/ML / pr(78.8); 615099:1000 ML glucose 50 MG/ML / potassium chloride 0.03(78.8); 615100:1000 ML glucose 50 MG/ML / potassium chloride 0.04(78.8)
https://www.costplusdrugs.com/medications/potassiumchloride-20meq-packet/,True,potassium chloride,klor-con,20meq packet,packet,1116179,ascorbic acid 100 MG / calcium carbonate 200 MG / cholecalciferol 0.01 MG / copper sulfate 2 MG / dl-alpha tocopheryl acetate 30 UNT / ferrous fumarate 65 MG / folic acid 1 MG / magnesium oxide 10 MG / niacinamide 20 MG / potassium iodide 0.15 MG / pyridoxine hydrochloride 5 MG / retinol acetate 4000 UNT / riboflavin 3.4 MG / thiamine mononitrate 3 MG / vitamin B12 0.012 MG / zinc sulfate 15 MG Oral Tablet,100.0,100.0,100.0,100,True,596940:iodine 20 MG/ML / potassium iodide 24 MG/ML Topica(100); 1547445:calcium acetate 22 MG/ML / magnesium acetate 43 MG(100)
https://www.costplusdrugs.com/medications/fosfomycin-tromethamine-3gm-packet-1-monurol/,True,fosfomycin tromethamine,monurol,3gm packet 1,packet,808917,fosfomycin 3000 MG Granules for Oral Solution,100.0,100.0,100.0,100,False,
https://www.costplusdrugs.com/medications/Lidocaine-0_05-Patch/,True,lidocaine,lidoderm,0_05 patch,patch,,,0.0,0.0,0.0,0,True,NO MATCH FOUND
https://www.costplusdrugs.com/medications/nitroglycerin-0_6mg-hr-patch-minitran/,True,nitroglycerin,minitran,0_6mg hr patch,patch,,,0.0,0.0,0.0,0,True,NO MATCH FOUND
https://www.costplusdrugs.com/medications/rivastigmine-tartrate-6mg-capsule/,True,rivastigmine,exelon,tartrate 6mg capsule,patch,312836,rivastigmine 6 MG Oral Capsule,97.1,100.0,100.0,50,False,
https://www.costplusdrugs.com/medications/scopolamine-1mg-patch-transderm-scop/,True,scopolamine,transderm-scop,1mg patch,patch,226552,72 HR scopolamine 0.0139 MG/HR Transdermal System,68.2,100.0,0.0,100,False,
https://www.costplusdrugs.com/medications/climara-0_1mg-24hr-patch-weekly-4/,False,estradiol,climara ,0_1mg 24hr patch weekly 4,patch weekly,,,0.0,0.0,0.0,0,True,NO MATCH FOUND
https://www.costplusdrugs.com/medications/Nystatin-100000unitsg-Powder/,True,nystatin,nystop,100000unitsg powder,powder,,,0.0,0.0,0.0,0,True,NO MATCH FOUND
https://www.costplusdrugs.com/medications/etonogestrel-ethinyl-estradiol-0_12-0_015mg-ring-1-eluryng/,True,etonogestrel-ethinyl estradiol,eluryng,0_12 0_015mg ring 1,ring,,,0.0,0.0,0.0,0,True,NO MATCH FOUND
https://www.costplusdrugs.com/medications/nuvaring-etonogestrel-ethinyl-estradiol-vaginal-ring-0_12-0_015mg-24hr-ring-1/,False,etonogestrel/ethinyl estradiol vaginal ring,nuvaring ,etonogestrel ethinyl estradiol vaginal ring 0_12 0_015mg 24hr ring 1,ring,,,0.0,0.0,0.0,0,True,NO MATCH FOUND
https://www.costplusdrugs.com/medications/estring-2mg-1-ring/,False,estradiol,estring ,2mg 1 ring,ring,,,0.0,0.0,0.0,0,True,NO MATCH FOUND
https://www.costplusdrugs.com/medications/medroxyprogesterone-acetate-150mg-ml-suspension-syringe-1-depo-provera/,True,medroxyprogesterone acetate,depo-provera,150mg ml suspension syringe 1,single dose vial,1000126,1 ML medroxyprogesterone acetate 150 MG/ML Injection,100.0,100.0,100.0,100,True,1000153:1 ML medroxyprogesterone acetate 150 MG/ML Prefill(100); 1000156:0.65 ML medroxyprogesterone acetate 160 MG/ML Pref(100)
https://www.costplusdrugs.com/medications/FluticasonePropionate-16_ml-Suspension/,True,fluticasone propionate,flonase,16_ml suspension,solution,1424899,14 ACTUAT fluticasone furoate 0.1 MG/ACTUAT / vilanterol 0.025 MG/ACTUAT Dry Powder Inhaler,86.6,100.0,50.0,100,True,896004:120 ACTUAT fluticasone propionate 0.22 MG/ACTUAT M(86.6); 896018:60 ACTUAT fluticasone propionate 0.05 MG/ACTUAT Dr(86.6); 896021:60 ACTUAT fluticasone propionate 0.1 MG/ACTUAT Dry(86.6)
https://www.costplusdrugs.com/medications/AzelastineHCl-0_0005-Solution/,True,azelastine hcl,optivar,0_0005 solution,solution,860805,azelastine hydrochloride 0.5 MG/ML Ophthalmic Solution,86.6,100.0,50.0,100,True,1797867:azelastine hydrochloride 0.137 MG/ACTUAT Metered D(86.6); 1797847:azelastine hydrochloride 0.137 MG/ACTUAT / flutica(86.6); 1797883:azelastine hydrochloride 0.206 MG/ACTUAT Metered D(86.6)
https://www.costplusdrugs.com/medications/PolymyxinBTrimethoprim-10000UnitML-0_001-Solution/,True,polymyxin b trimethoprim,polytrim,10000unitml 0_001 solution,solution,1359360,neomycin 3.5 MG/ML / polymyxin B 10000 UNT/ML / pramoxine hydrochloride 10 MG/ML Topical Cream,86.6,100.0,50.0,100,True,1359363:bacitracin 0.5 UNT/MG / neomycin 0.0035 MG/MG / po(86.6); 204423:hydrocortisone 10 MG/ML / neomycin 3.5 MG/ML / pol(86.6); 314124:neomycin 40 MG/ML / polymyxin B 200000 UNT/ML Irri(86.6)
https://www.costplusdrugs.com/medications/peg3350-kcl-nabicarb-nacl-nasulfate-236gm-solution/,True,peg 3350-kcl-na bicarb-nacl-na sulfate,golytely,236gm solution,solution,,,0.0,0.0,0.0,0,True,NO MATCH FOUND
https://www.costplusdrugs.com/medications/ciclopirox-0_08-solution/,True,ciclopirox,penlac,0_08 solution,solution,250344,ciclopirox 10 MG/ML Medicated Shampoo,86.6,100.0,50.0,100,True,309289:ciclopirox 7.7 MG/ML Topical Cream(86.6); 309290:ciclopirox 7.7 MG/ML Topical Lotion(86.6); 309291:ciclopirox 80 MG/ML Topical Solution(86.6)
https://www.costplusdrugs.com/medications/diclofenacsodium-3-gel100g/,True,diclofenac sodium,voltaren,3 gel100g,solution dropper,1298435,sodium chloride 0.000855 MEQ/MG Ophthalmic Ointment,68.2,100.0,0.0,100,True,750121:sodium chloride 0.342 MEQ/ML Ophthalmic Solution(68.2); 854801:diclofenac sodium 1 MG/ML Ophthalmic Solution(68.2); 2706648:sodium chloride 9 MG/ML Ophthalmic Solution(68.2)
https://www.costplusdrugs.com/medications/timolol-maleate-once-daily-0_50-solution-dropper-2_5-istalol/,True,timolol maleate (once-daily),istalol,0_50 solution dropper 2_5,solution dropper,2702393,timolol hemihydrate 5 MG/ML Ophthalmic Solution,86.6,100.0,50.0,100,True,2702398:timolol hemihydrate 2.5 MG/ML Ophthalmic Solution(86.6); 313407:timolol 0.0025 MG/MG Ophthalmic Gel(86.6); 313408:timolol 0.005 MG/MG Ophthalmic Gel(86.6)
https://www.costplusdrugs.com/medications/gatifloxacin-0_50-solution-dropper-2_5-zymaxid/,True,gatifloxacin,zymaxid,0_50 solution dropper 2_5,solution dropper,402089,gatifloxacin 3 MG/ML Ophthalmic Solution,86.6,100.0,50.0,100,True,992395:gatifloxacin 5 MG/ML Ophthalmic Solution(86.6)
https://www.costplusdrugs.com/medications/carteolol-hcl-1-solution-dropper-5-ocupress/,True,carteolol hcl,ocupress,1 solution dropper 5,solution dropper,978573,carteolol hydrochloride 10 MG/ML Ophthalmic Solution,86.6,100.0,50.0,100,False,
https://www.costplusdrugs.com/medications/bromfenac-sodium-once-daily-0_09-solution-dropper-1_7-bromday/,True,bromfenac sodium (once-daily),bromday,0_09 solution dropper 1_7,solution dropper,1298435,sodium chloride 0.000855 MEQ/MG Ophthalmic Ointment,86.6,100.0,50.0,100,True,1790141:bromfenac 0.75 MG/ML Ophthalmic Solution(86.6); 578018:bromfenac 0.9 MG/ML Ophthalmic Solution(86.6); 750121:sodium chloride 0.342 MEQ/ML Ophthalmic Solution(86.6)
https://www.costplusdrugs.com/medications/tropicamide-1-solution-dropper-15-mydriacyl/,True,tropicamide,mydriacyl,1 solution dropper 15,solution dropper,204426,p-hydroxyamphetamine 10 MG/ML / tropicamide 2.5 MG/ML Ophthalmic Solution,86.6,100.0,50.0,100,True,313521:tropicamide 5 MG/ML Ophthalmic Solution(86.6); 314238:tropicamide 10 MG/ML Ophthalmic Solution(86.6)
https://www.costplusdrugs.com/medications/atropine-sulfate-1-solution-dropper-15-isopto-atropine/,True,atropine sulfate,isopto atropine,1 solution dropper 15,solution dropper,1190570,atropine sulfate 0.01 MG/MG Ophthalmic Ointment,86.6,100.0,50.0,100,True,1190655:atropine sulfate 10 MG/ML Ophthalmic Solution(86.6)
https://www.costplusdrugs.com/medications/apraclonidine-hcl-0_50-solution-dropper-10-iopidine/,True,apraclonidine hcl,iopidine,0_50 solution dropper 10,solution dropper,308345,apraclonidine 5 MG/ML Ophthalmic Solution,86.6,100.0,50.0,100,True,308346:apraclonidine 10 MG/ML Ophthalmic Solution(86.6)
https://www.costplusdrugs.com/medications/latanoprost-0_01-solution-dropper-2_5-xalatan/,True,latanoprost,xalatan,0_01 solution dropper 2_5,solution dropper,2119701,latanoprost 0.05 MG/ML / netarsudil 0.2 MG/ML Ophthalmic Solution,86.6,100.0,50.0,100,True,314072:latanoprost 0.05 MG/ML Ophthalmic Solution(86.6)
https://www.costplusdrugs.com/medications/bepotastine-besilate-1_50-solution-dropper-10-bepreve/,True,bepotastine besilate,bepreve,1_50 solution dropper 10,solution dropper,863038,bepotastine besilate 15 MG/ML Ophthalmic Solution,86.6,100.0,50.0,100,False,
https://www.costplusdrugs.com/medications/sulfacetamide-prednisolone-10-0_23-solution-dropper-5-vasocidin/,True,sulfacetamide-prednisolone,vasocidin,10 0_23 solution dropper 5,solution dropper,1011985,prednisolone acetate 0.002 MG/MG / sulfacetamide sodium 0.1 MG/MG Ophthalmic Ointment,86.6,100.0,50.0,100,True,1012021:prednisolone sodium phosphate 2.5 MG/ML / sulfacet(86.6); 314165:prednisolone 10 MG/ML Ophthalmic Solution(86.6)
https://www.costplusdrugs.com/medications/dexamethasone-intensol-1mg-ml-solution-dropper-30-dexamethasone-intensol/,False,dexamethasone,dexamethasone intensol ,intensol 1mg ml solution dropper 30  intensol,solution dropper,226343,dexamethasone phosphate 1 MG/ML Ophthalmic Solution,75.0,100.0,100.0,100,False,
https://www.costplusdrugs.com/medications/epinastine-hcl-0_05-solution-dropper-5-elestat/,True,epinastine hcl,elestat,0_05 solution dropper 5,solution dropper,860654,epinastine hydrochloride 0.5 MG/ML Ophthalmic Solution,86.6,100.0,50.0,100,False,
https://www.costplusdrugs.com/medications/levobunolol-hcl-0_50-solution-dropper-5-betagan/,True,levobunolol hcl,betagan,0_50 solution dropper 5,solution dropper,1150832,levobunolol hydrochloride 2.5 MG/ML Ophthalmic Solution,86.6,100.0,50.0,100,True,1150836:levobunolol hydrochloride 5 MG/ML Ophthalmic Solut(86.6)
https://www.costplusdrugs.com/medications/proparacaine-hcl-0_50-solution-dropper-15-alcaine/,True,proparacaine hcl,alcaine,0_50 solution dropper 15,solution dropper,1191013,proparacaine hydrochloride 5 MG/ML Ophthalmic Solution,86.6,100.0,50.0,100,True,1247445:fluorescein sodium 2.5 MG/ML / proparacaine hydroc(86.6)
https://www.costplusdrugs.com/medications/sodium-fluoride-0_5mg-ml-solution-dropper-50-luride/,True,sodium fluoride,luride,0_5mg ml solution dropper 50,solution dropper,1298435,sodium chloride 0.000855 MEQ/MG Ophthalmic Ointment,68.2,100.0,0.0,100,True,750121:sodium chloride 0.342 MEQ/ML Ophthalmic Solution(68.2); 2706648:sodium chloride 9 MG/ML Ophthalmic Solution(68.2); 806392:calcium chloride 0.004 MEQ/ML / magnesium chloride(68.2)
https://www.costplusdrugs.com/medications/prednisolone-sodium-phosphate-1-solution-dropper-10-inflamase-forte/,True,prednisolone sodium phosphate,inflamase forte,1 solution dropper 10,solution dropper,730780,sodium chloride 0.854 MEQ/ML Ophthalmic Solution,86.6,100.0,50.0,100,True,314165:prednisolone 10 MG/ML Ophthalmic Solution(86.6); 2706648:sodium chloride 9 MG/ML Ophthalmic Solution(86.6); 1298435:sodium chloride 0.000855 MEQ/MG Ophthalmic Ointmen(86.6)
https://www.costplusdrugs.com/medications/neomycin-polymyxin-gramicidin-1_75-10000-_025-solution-dropper-10-neosporin-prescription/,True,neomycin-polymyxin-gramicidin,neosporin prescription,1_75 10000 _025 solution dropper 10,solution dropper,308493,bacitracin 0.4 UNT/MG / neomycin 0.0035 MG/MG / polymyxin B 10 UNT/MG Ophthalmic Ointment,86.6,100.0,50.0,100,True,308511:bacitracin 0.5 UNT/MG / polymyxin B 10 UNT/MG Opht(86.6); 309679:dexamethasone 0.001 MG/MG / neomycin 0.0035 MG/MG (86.6); 310594:gramicidin 0.025 MG/ML / neomycin 1.75 MG/ML / pol(86.6)
https://www.costplusdrugs.com/medications/trifluridine-1-solution-dropper-7_5-viroptic/,True,trifluridine,viroptic,1 solution dropper 7_5,solution dropper,313477,trifluridine 10 MG/ML Ophthalmic Solution,86.6,100.0,50.0,100,False,
https://www.costplusdrugs.com/medications/betaxolol-hcl-0_50-solution-dropper-5-betoptic/,True,betaxolol hcl,betoptic,0_50 solution dropper 5,solution dropper,308720,betaxolol 5 MG/ML Ophthalmic Solution,86.6,100.0,50.0,100,False,
https://www.costplusdrugs.com/medications/cyclopentolate-hcl-1-solution-dropper-2-cyclogyl/,True,cyclopentolate hcl,cyclogyl,1 solution dropper 2,solution dropper,1298066,cyclopentolate hydrochloride 10 MG/ML Ophthalmic Solution,86.6,100.0,50.0,100,True,1298068:cyclopentolate hydrochloride 2 MG/ML / phenylephri(86.6); 1298070:cyclopentolate hydrochloride 20 MG/ML Ophthalmic S(86.6); 1298072:cyclopentolate hydrochloride 5 MG/ML Ophthalmic So(86.6)
https://www.costplusdrugs.com/medications/hydrocortisone-acetic-acid-1-2-solution-dropper-10-acetasol-hc/,True,hydrocortisone-acetic acid,acetasol hc,1 2 solution dropper 10,solution dropper,1116150,bacitracin zinc 0.4 UNT/MG / hydrocortisone acetate 0.01 MG/MG / neomycin sulfate 0.0035 MG/MG / polymyxin B sulfate 10 UNT/MG Ophthalmic Ointment,86.6,100.0,50.0,100,False,
https://www.costplusdrugs.com/medications/flurbiprofen-sodium-0_03-solution-dropper-2_5-ocufen/,True,flurbiprofen sodium,ocufen,0_03 solution dropper 2_5,solution dropper,1298435,sodium chloride 0.000855 MEQ/MG Ophthalmic Ointment,86.6,100.0,50.0,100,True,1243585:flurbiprofen sodium 0.3 MG/ML Ophthalmic Solution(86.6); 750121:sodium chloride 0.342 MEQ/ML Ophthalmic Solution(86.6); 2706648:sodium chloride 9 MG/ML Ophthalmic Solution(86.6)
https://www.costplusdrugs.com/medications/na-sulfate-k-sulfate-mg-sulf-17_5-3_13-1_6gm-177ml-solution-kit-177-suprep-bowel-prep-kit/,True,na sulfate-k sulfate-mg sulf,suprep bowel prep kit,17_5 3_13 1_6gm 177ml solution kit 177,solution kit,,,0.0,0.0,0.0,0,True,NO MATCH FOUND
https://www.costplusdrugs.com/medications/liraglutide-18-mg_3ml-solution-pen-injector-6/,True,liraglutide,victoza,18 mg_3ml solution pen injector 6,solution pen-injector,897122,3 ML liraglutide 6 MG/ML Pen Injector,68.2,100.0,0.0,100,True,1860167:3 ML insulin degludec 100 UNT/ML / liraglutide 3.6(68.2)
https://www.costplusdrugs.com/medications/teriparatide-600-mcg_2_4ml-solution-pen-injector-2_4/,True,teriparatide,forteo,600 mcg_2_4ml solution pen injector 2_4,solution pen-injector,2693637,0.56 ML teriparatide 0.3 MG/ML Pen Injector,68.2,100.0,0.0,100,True,1435115:28 ACTUAT teriparatide 0.02 MG/ACTUAT Pen Injector(68.2)
https://www.costplusdrugs.com/medications/glatopa-glatiramer-acetate-40mg-ml-copaxone/,True,glatopa (glatiramer acetate),copaxone,40mg ml,solution prefilled syringe,1487361,1 ML glatiramer acetate 40 MG/ML Prefilled Syringe,100.0,100.0,100.0,100,False,
https://www.costplusdrugs.com/medications/nitroglycerin-0_4mg-spray-solution-spray-4_9-nitrolingual/,True,nitroglycerin,nitrolingual,0_4mg spray solution spray 4_9,solution spray,705129,nitroglycerin 0.4 MG/ACTUAT Mucosal Spray,100.0,100.0,100.0,100,True,1868494:250 ML nitroglycerin 0.4 MG/ML Injection(100); 1799428:nitroglycerin 0.4 MG Sublingual Powder(100)
https://www.costplusdrugs.com/medications/clobetasol-propionate-0_0005-lotion/,True,clobetasol propionate,clobex,0_0005 lotion,spray bottle,1789962,halobetasol propionate 0.5 MG/ML Topical Lotion,86.6,100.0,50.0,100,True,977978:halobetasol propionate 0.0005 MG/MG Topical Ointme(86.6); 977990:halobetasol propionate 0.5 MG/ML Topical Cream(86.6); 1992273:Emollient clobetasol propionate 0.5 MG/ML Topical (86.6)
https://www.costplusdrugs.com/medications/promethazine-25mg-suppository/,True,promethazine hcl,promethegan,promethazine 25mg suppository,suppository,992454,promethazine hydrochloride 25 MG Rectal Suppository,100.0,100.0,100.0,100,False,
https://www.costplusdrugs.com/medications/mesalamine-1000mg-suppository/,True,mesalamine,canasa,1000mg suppository,suppository,248420,mesalamine 1000 MG Rectal Suppository,100.0,100.0,100.0,100,False,
https://www.costplusdrugs.com/medications/HydrocortisonePerianal-0_025-Cream/,True,hydrocortisone perianal,anusol-hc,0_025 cream,suppository,2590741,hydrocortisone acetate 25 MG / pramoxine hydrochloride 18 MG Rectal Suppository,86.6,100.0,50.0,100,True,1291082:hydrocortisone acetate 25 MG Rectal Suppository(86.6); 1291085:hydrocortisone acetate 30 MG Rectal Suppository(86.6)
https://www.costplusdrugs.com/medications/miconazole-3-200mg-suppository-kit-3-monistat-3/,True,miconazole 3,monistat 3,200mg suppository kit 3,suppository kit,,,0.0,0.0,0.0,0,True,NO MATCH FOUND
https://www.costplusdrugs.com/medications/mometasonefuroate-50mcg-suspension/,True,mometasone furoate,nasonex,50mcg suspension,suspension,2196790,120 ACTUAT mometasone furoate 0.05 MG/ACTUAT Metered Dose Inhaler,100.0,100.0,100.0,100,True,1797865:mometasone furoate 0.05 MG/ACTUAT Metered Dose Nas(100); 2196590:120 ACTUAT formoterol fumarate 0.005 MG/ACTUAT / m(100)
https://www.costplusdrugs.com/medications/tobramycin-dexamethasone-0_3-0_1-suspension-dropper-5-tobradex/,True,tobramycin-dexamethasone,tobradex,0_3 0_1 suspension dropper 5,suspension dropper,854177,dexamethasone 0.7 MG Drug Implant,86.6,100.0,50.0,100,True,226343:dexamethasone phosphate 1 MG/ML Ophthalmic Solutio(86.6); 348719:tobramycin 60 MG/ML Inhalation Solution(86.6); 309679:dexamethasone 0.001 MG/MG / neomycin 0.0035 MG/MG (86.6)
https://www.costplusdrugs.com/medications/bupropionhclextendedrelease-200mg-tablet/,True,bupropion sr,wellbutrin sr,bupropionhclextendedrelease 200mg tablet,sustained release tablet,993536,12 HR bupropion hydrochloride 200 MG Extended Release Oral Tablet,100.0,100.0,100.0,100,False,
https://www.costplusdrugs.com/medications/candesartan-cilexetil-hctz-32-25mg-tablet-atacand-hct/,True,candesartan cilexetil-hctz,atacand hct,32 25mg tablet,tablet,802749,candesartan cilexetil 32 MG / hydrochlorothiazide 25 MG Oral Tablet,100.0,100.0,100.0,100,False,
https://www.costplusdrugs.com/medications/roflumilast-500mcg-tablet/,True,roflumilast,daliresp,500mcg tablet,tablet,1091843,roflumilast 0.5 MG Oral Tablet [Daliresp],100.0,100.0,100.0,100,False,
https://www.costplusdrugs.com/medications/spironolactone-hctz-25mg-25mg-tablet/,True,spironolactone-hctz,aldactazide,25mg 25mg tablet,tablet,313096,spironolactone 25 MG Oral Tablet,100.0,100.0,100.0,100,True,208112:hydrochlorothiazide 25 MG / spironolactone 25 MG O(100.0)
https://www.costplusdrugs.com/medications/valsartan-hydrochlorothiazide-80mg-12_5mg-tablet/,True,valsartan-hydrochlorothiazide,diovan hct,80mg 12_5mg tablet,tablet,200284,hydrochlorothiazide 12.5 MG / valsartan 80 MG Oral Tablet,100.0,100.0,100.0,100,True,749837:hydrochlorothiazide 12.5 MG / telmisartan 80 MG Or(100.0)
https://www.costplusdrugs.com/medications/fosinopril-sodium-hctz-20-12_5mg-tablet-monopril-hct/,True,fosinopril sodium-hctz,monopril hct,20 12_5mg tablet,tablet,857166,fosinopril sodium 10 MG / hydrochlorothiazide 12.5 MG Oral Tablet,100.0,100.0,100.0,100,True,857174:fosinopril sodium 20 MG / hydrochlorothiazide 12.5(100)
https://www.costplusdrugs.com/medications/erythromycin-base-500mg-tablet-delayed-release-ery-tab/,True,erythromycin base,ery-tab,500mg tablet delayed release,tablet,206080,erythromycin 500 MG Delayed Release Oral Tablet [Ery-Tab],100.0,100.0,100.0,100,False,
https://www.costplusdrugs.com/medications/pramipexole-dihydrochloride-0_75mg-tablet/,True,pramipexole dihydrochloride,mirapex,0_75mg tablet,tablet,858625,pramipexole dihydrochloride 0.75 MG Oral Tablet,100.0,100.0,100.0,100,False,
https://www.costplusdrugs.com/medications/atenolol-chlorthalidone-100mg-25mg-tablet/,True,atenolol-chlorthalidone,tenoretic,100mg 25mg tablet,tablet,746023,atenolol 100 MG / chlorthalidone 25 MG Oral Tablet [Tenoretic],100.0,100.0,100.0,100,False,
https://www.costplusdrugs.com/medications/colchicine-0_6mg-tablet/,True,colchicine,colcrys,0_6mg tablet,tablet,197541,colchicine 0.6 MG Oral Tablet,100.0,100.0,100.0,100,False,
https://www.costplusdrugs.com/medications/colchicine-probenecid-0_5-500mg-tablet-colbenemid/,True,colchicine-probenecid,colbenemid,0_5 500mg tablet,tablet,198152,probenecid 500 MG Oral Tablet,100.0,100.0,100.0,100,True,198153:colchicine 0.5 MG / probenecid 500 MG Oral Tablet(100); 2717843:probenecid 500 MG / sulopenem etzadroxil 500 MG Or(100)
https://www.costplusdrugs.com/medications/fluphenazine-hcl-5mg-ml-concentrate-dropper-120-permitil/,True,fluphenazine hcl,permitil,5mg ml concentrate dropper 120,tablet,860918,fluphenazine hydrochloride 5 MG Oral Tablet,100.0,100.0,100.0,100,True,861848:fluphenazine hydrochloride 5 MG/ML Oral Solution(97.1)
https://www.costplusdrugs.com/medications/tolvaptan-30mg-tablet/,True,tolvaptan,samsca,30mg tablet,tablet,2044357,tolvaptan 30 MG Oral Tablet [Jynarque],100.0,100.0,100.0,100,True,849835:Hyponatremia tolvaptan 30 MG Oral Tablet [Samsca](100.0)
https://www.costplusdrugs.com/medications/amlodipine-valsartan-hctz-5-160-25mg-tablet-exforge-hct/,True,amlodipine-valsartan-hctz,exforge hct,5 160 25mg tablet,tablet,1656340,sacubitril 24 MG / valsartan 26 MG Oral Tablet,100.0,100.0,100.0,100,True,999991:amlodipine 10 MG / hydrochlorothiazide 25 MG / olm(100); 809022:hydrochlorothiazide 25 MG / valsartan 160 MG Oral (100.0)
https://www.costplusdrugs.com/medications/colesevelam-hcl-625mg-tablet/,True,colesevelam hcl,welchol,625mg tablet,tablet,866912,colesevelam hydrochloride 625 MG Oral Tablet [Welchol],100.0,100.0,100.0,100,False,
https://www.costplusdrugs.com/medications/doxepin-hcl-6mg-tablet-silenor/,True,doxepin hcl,silenor,6mg tablet,tablet,966793,doxepin 6 MG Oral Tablet,100.0,100.0,100.0,100,False,
https://www.costplusdrugs.com/medications/glipizide-metformin-hcl-5-500mg-tablet-metaglip/,True,glipizide-metformin hcl,metaglip,5 500mg tablet,tablet,861736,glipizide 2.5 MG / metformin hydrochloride 500 MG Oral Tablet,100.0,100.0,100.0,100,True,861740:glipizide 5 MG / metformin hydrochloride 500 MG Or(100); 861748:glyburide 2.5 MG / metformin hydrochloride 500 MG (100); 861753:glyburide 5 MG / metformin hydrochloride 500 MG Or(100)
https://www.costplusdrugs.com/medications/nevirapine-50mg-5ml-bottle-of-solution-240-viramune/,True,nevirapine,viramune,50mg 5ml bottle of solution 240,tablet,199422,nevirapine 200 MG Oral Tablet,68.2,100.0,0.0,100,False,
https://www.costplusdrugs.com/medications/bismuth-subcitrate-potassium-metronidaz-tetracyclin-140-125-125mg-tablet-pylera/,True,bismuth subcitrate potassium/metronidaz/tetracyclin,pylera,bismuth subcitrate potassium metronidaz tetracyclin 140 125 125mg tablet,tablet,,,0.0,0.0,0.0,0,True,NO MATCH FOUND
https://www.costplusdrugs.com/medications/losartanhctz-50mg_12_5mg-tablet/,True,losartan / hctz,hyzaar,50mg_12_5mg tablet,tablet,979468,hydrochlorothiazide 12.5 MG / losartan potassium 50 MG Oral Tablet,78.8,50.0,100.0,100,False,
https://www.costplusdrugs.com/medications/enalapril-hydrochlorothiazide-5-12_5mg-tablet-vaseretic/,True,enalapril-hydrochlorothiazide,vaseretic,5 12_5mg tablet,tablet,999967,amlodipine 5 MG / hydrochlorothiazide 12.5 MG / olmesartan medoxomil 20 MG Oral Tablet,100.0,100.0,100.0,100,True,999986:amlodipine 10 MG / hydrochlorothiazide 12.5 MG / o(100); 999996:amlodipine 5 MG / hydrochlorothiazide 12.5 MG / ol(100)
https://www.costplusdrugs.com/medications/clonidine-0_3mg-tablet/,True,clonidine,catapres,0_3mg tablet,tablet,884189,clonidine hydrochloride 0.3 MG Oral Tablet,100.0,100.0,100.0,100,True,884203:chlorthalidone 15 MG / clonidine hydrochloride 0.3(100)
https://www.costplusdrugs.com/medications/fenofibrate-120mg-tablet-fenoglide/,True,fenofibrate,fenoglide,120mg tablet,tablet,749802,fenofibrate 120 MG Oral Tablet,100.0,100.0,100.0,100,False,
https://www.costplusdrugs.com/medications/rufinamide-40mg-ml-bottle-of-suspension-460-banzel/,True,rufinamide,banzel,40mg ml bottle of suspension 460,tablet,1092357,rufinamide 40 MG/ML Oral Suspension,97.1,100.0,100.0,50,False,
https://www.costplusdrugs.com/medications/almotriptan-malate-6_25mg-tablet-axert/,True,almotriptan malate,axert,6_25mg tablet,tablet,284204,almotriptan 6.25 MG Oral Tablet,100.0,100.0,100.0,100,False,
https://www.costplusdrugs.com/medications/desmopressin-acetate-spray-0_01-nasal-spray-5-ddavp/,True,desmopressin acetate,ddavp,spray 0_01 nasal spray 5,tablet,2048716,desmopressin acetate 0.0277 MG Sublingual Tablet,86.6,100.0,50.0,100,True,2048720:desmopressin acetate 0.0553 MG Sublingual Tablet(86.6); 833008:desmopressin acetate 0.2 MG Oral Tablet(86.6); 849515:desmopressin acetate 0.1 MG Oral Tablet(86.6)
https://www.costplusdrugs.com/medications/lisinoprilhctz-20mg_25mg-tablet/,True,lisinopril / hctz,zestoretic,20mg_25mg tablet,tablet,197887,hydrochlorothiazide 25 MG / lisinopril 20 MG Oral Tablet,78.8,50.0,100.0,100,False,
https://www.costplusdrugs.com/medications/clemastine-fumarate-2_68mg-tablet-tavist/,True,clemastine fumarate,tavist,2_68mg tablet,tablet,2720338,clemastine fumarate 2.68 MG Oral Tablet [Clemsza],100.0,100.0,100.0,100,False,
https://www.costplusdrugs.com/medications/ibuprofen-famotidine-800-26_6mg-tablet-duexis/,True,ibuprofen-famotidine,duexis,800 26_6mg tablet,tablet,1100066,famotidine 26.6 MG / ibuprofen 800 MG Oral Tablet,100.0,100.0,100.0,100,False,
https://www.costplusdrugs.com/medications/liothyroninesodium-5mcg-tablet/,True,liothyronine sodium,cytomel,5mcg tablet,tablet,903456,liothyronine sodium 0.005 MG Oral Tablet,100.0,100.0,100.0,100,False,
https://www.costplusdrugs.com/medications/oxybutynin-chloride-5mg-5ml-bottle-of-syrup-473-ditropan/,True,oxybutynin chloride,ditropan,5mg 5ml bottle of syrup 473,tablet,863664,oxybutynin chloride 5 MG Oral Tablet,100.0,100.0,100.0,100,False,
https://www.costplusdrugs.com/medications/pioglitazone-45mg-tablet/,True,pioglitazone,actos,45mg tablet,tablet,261268,pioglitazone 45 MG Oral Tablet [Actos],100.0,100.0,100.0,100,True,1368417:alogliptin 12.5 MG / pioglitazone 45 MG Oral Table(100); 1368438:alogliptin 25 MG / pioglitazone 45 MG Oral Tablet(100)
https://www.costplusdrugs.com/medications/amlodipine-besylate-valsartan-5-320mg-tablet-exforge/,True,amlodipine besylate-valsartan,exforge,5 320mg tablet,tablet,349200,valsartan 320 MG Oral Tablet,100.0,100.0,100.0,100,True,809026:hydrochlorothiazide 12.5 MG / valsartan 320 MG Ora(100.0); 809030:hydrochlorothiazide 25 MG / valsartan 320 MG Oral (100.0)
https://www.costplusdrugs.com/medications/digoxin-62_5mcg-tablet-lanoxin/,True,digoxin,lanoxin,62_5mcg tablet,tablet,104206,digoxin 0.0625 MG Oral Tablet [Lanoxin],100.0,100.0,100.0,100,False,
https://www.costplusdrugs.com/medications/colestipol-hcl-5gm-bottle-of-granules-500-colestid/,True,colestipol hcl,colestid,5gm bottle of granules 500,tablet,1048445,colestipol hydrochloride 1000 MG Oral Tablet,68.2,100.0,0.0,100,False,
https://www.costplusdrugs.com/medications/fenofibrate-54mg-tablet/,True,fenofibrate,"tricor, triglide, fenoglide, and other brands",54mg tablet,tablet,577031,fenofibrate 50 MG Oral Tablet,100.0,100.0,100.0,100,True,351133:fenofibrate 54 MG Oral Tablet(100)
https://www.costplusdrugs.com/medications/memantine-hcl-2mg-ml-bottle-of-solution-360-namenda/,True,memantine,namenda,hcl 2mg ml bottle of solution 360,tablet,996740,memantine hydrochloride 2 MG/ML Oral Solution,97.1,100.0,100.0,50,False,
https://www.costplusdrugs.com/medications/naproxen-550mg-tablet/,True,naproxen,"naprosyn, anaprox ds",550mg tablet,tablet,849431,naproxen sodium 550 MG Oral Tablet,100.0,100.0,100.0,100,True,849450:naproxen sodium 500 MG / sumatriptan 85 MG Oral Ta(100); 105899:naproxen 500 MG Oral Tablet [Naprosyn](100.0)
https://www.costplusdrugs.com/medications/sertraline-hcl-20mg-ml-bottle-of-concentrate-60-zoloft/,True,sertraline,zoloft,hcl 20mg ml bottle of concentrate 60,tablet,861064,sertraline 20 MG/ML Oral Solution,97.1,100.0,100.0,50,False,
https://www.costplusdrugs.com/medications/famotidine-40mg_5ml-50ml-bottle-of-suspension/,True,famotidine,pepcid,40mg_5ml 50ml bottle of suspension,tablet,284245,famotidine 40 MG Oral Tablet,80.5,100.0,33.3,100,False,
https://www.costplusdrugs.com/medications/haloperidol-lactate-2mg-ml-concentrate-dropper-15-haldol/,True,haloperidol,haldol,lactate 2mg ml concentrate dropper 15,tablet,314034,haloperidol 2 MG Oral Tablet,100.0,100.0,100.0,100,True,141935:haloperidol 2 MG/ML Oral Solution(97.1)
https://www.costplusdrugs.com/medications/hyoscyamine-sulfate-0_125mg-tablet-levsin/,True,hyoscyamine sulfate,levsin,0_125mg tablet,tablet,1597581,"hyoscyamine sulfate 0.12 MG / methenamine 81.6 MG / methylene blue 10.8 MG / sodium phosphate, monobasic 40.8 MG Oral Tablet [Uro-Blue]",100.0,100.0,100.0,100,True,1149355:hyoscyamine sulfate 0.125 MG Oral Tablet [Oscimin](100.0); 1046982:hyoscyamine sulfate 0.125 MG Sublingual Tablet(100); 1037234:benzoic acid 9 MG / hyoscyamine sulfate 0.12 MG / (100)
https://www.costplusdrugs.com/medications/prenatal-vitamin-w-fe-fumarate-fa-27-1mg-tablet-westab-plus/,True,prenatal vitamin w/fe fumarate-fa,westab plus,prenatal vitamin w fe fumarate fa 27 1mg tablet,tablet,2711570,folic acid 1 MG / vitamin B12 0.4 MG / vitamin B6 10 MG Oral Tablet,78.8,50.0,100.0,100,True,1116179:ascorbic acid 100 MG / calcium carbonate 200 MG / (78.8); 237779:vitamin B12 1 MG Sublingual Tablet(78.8); 198890:vitamin B12 1 MG Chewable Tablet(78.8)
https://www.costplusdrugs.com/medications/varenicline-tartrate-1mg-tablet-chantix-continuing-month-pak/,True,varenicline tartrate,chantix,1mg tablet  continuing month pak,tablet,636676,varenicline 1 MG Oral Tablet,100.0,100.0,100.0,100,False,
https://www.costplusdrugs.com/medications/doxycycline-monohydrate-150mg-tablet-adoxa-pak-1-150/,True,doxycycline monohydrate,adoxa pak 1/150,150mg tablet adoxa pak 1 150,tablet,1650444,doxycycline monohydrate 150 MG Oral Tablet,100.0,100.0,100.0,100,True,1650446:doxycycline hyclate 150 MG Oral Tablet(100)
https://www.costplusdrugs.com/medications/isosorb-dinitrate-hydralazine-20-37_5mg-tablet-bidil/,True,isosorb dinitrate-hydralazine,bidil,20 37_5mg tablet,tablet,905377,hydralazine hydrochloride 37.5 MG / isosorbide dinitrate 20 MG Oral Tablet,100.0,100.0,100.0,100,False,
https://www.costplusdrugs.com/medications/premarin-1_25mg-tablet/,False,conjugated estrogens,premarin ,1_25mg tablet,tablet,202301,"estrogens, conjugated (USP) 1.25 MG Oral Tablet [Premarin]",100.0,100.0,100.0,100,False,
https://www.costplusdrugs.com/medications/misoprostol-200mcg-tablet-cytotec/,True,misoprostol,cytotec,200mcg tablet,tablet,104098,misoprostol 0.2 MG Oral Tablet [Cytotec],100.0,100.0,100.0,100,False,
https://www.costplusdrugs.com/medications/risedronate-sodium-35mg-tablet-atelvia/,True,risedronate sodium,atelvia,35mg tablet,tablet,905024,risedronate sodium 35 MG Oral Tablet,100.0,100.0,100.0,100,False,
https://www.costplusdrugs.com/medications/escitalopram-oxalate-5mg-5ml-bottle-of-solution-240-lexapro/,True,escitalopram oxalate,lexapro,5mg 5ml bottle of solution 240,tablet,351249,escitalopram 5 MG Oral Tablet,100.0,100.0,100.0,100,False,
https://www.costplusdrugs.com/medications/naratriptan-hcl-2_5mg-tablet-9-doses/,True,naratriptan hcl,amerge,2_5mg tablet 9 doses,tablet,213212,naratriptan 2.5 MG Oral Tablet [Amerge],100.0,100.0,100.0,100,False,
https://www.costplusdrugs.com/medications/benazepril-hydrochlorothiazide-5-6_25mg-tablet-lotensin-hct/,True,benazepril-hydrochlorothiazide,lotensin hct,5 6_25mg tablet,tablet,854908,bisoprolol fumarate 10 MG / hydrochlorothiazide 6.25 MG Oral Tablet,100.0,100.0,100.0,100,True,854916:bisoprolol fumarate 2.5 MG / hydrochlorothiazide 6(100); 854919:bisoprolol fumarate 5 MG / hydrochlorothiazide 6.2(100)
https://www.costplusdrugs.com/medications/efavirenz-lamivudine-tenofovir-400-300-300mg-tablet-symfi-lo/,True,efavirenz-lamivudine-tenofovir,symfi lo,400 300 300mg tablet,tablet,2001424,efavirenz 400 MG / lamivudine 300 MG / tenofovir disoproxil fumarate 300 MG Oral Tablet,100.0,100.0,100.0,100,True,2043464:efavirenz 600 MG / lamivudine 300 MG / tenofovir d(100.0); 213088:lamivudine 150 MG / zidovudine 300 MG Oral Tablet (100.0); 2055813:doravirine 100 MG / lamivudine 300 MG / tenofovir (100)
https://www.costplusdrugs.com/medications/felbamate-600mg-5ml-bottle-of-suspension-237-felbatol/,True,felbamate,felbatol,600mg 5ml bottle of suspension 237,tablet,198359,felbamate 600 MG Oral Tablet,86.6,100.0,50.0,100,False,
https://www.costplusdrugs.com/medications/griseofulvin-microsize-500mg-tablet-fulvicin-u-f/,True,griseofulvin microsize,fulvicin u/f,500mg tablet fulvicin u f,tablet,310600,griseofulvin 500 MG Oral Tablet,100.0,100.0,100.0,100,False,
https://www.costplusdrugs.com/medications/metformin-850mg-tablet/,True,metformin,glucophage,850mg tablet,tablet,861822,metformin hydrochloride 850 MG / pioglitazone 15 MG Oral Tablet,100.0,100.0,100.0,100,True,861010:metformin hydrochloride 850 MG Oral Tablet(100); 1243034:linagliptin 2.5 MG / metformin hydrochloride 850 M(100)
https://www.costplusdrugs.com/medications/abacavirlamivudine-600mg_300mg-tablet/,True,abacavir / lamivudine,epzicom,600mg_300mg tablet,tablet,1546888,abacavir 600 MG / dolutegravir 50 MG / lamivudine 300 MG Oral Tablet,100.0,100.0,100.0,100,True,602393:abacavir 600 MG / lamivudine 300 MG Oral Tablet(100)
https://www.costplusdrugs.com/medications/carbidopa-levodopa-entacapone-50-200-200mg-tablet-stalevo-200/,True,carbidopa-levodopa-entacapone,stalevo 200,50 200 200mg tablet,tablet,403850,carbidopa 12.5 MG / entacapone 200 MG / levodopa 50 MG Oral Tablet,100.0,100.0,100.0,100,True,403851:carbidopa 25 MG / entacapone 200 MG / levodopa 100(100); 403852:carbidopa 37.5 MG / entacapone 200 MG / levodopa 1(100); 317094:entacapone 200 MG Oral Tablet(100)
https://www.costplusdrugs.com/medications/ezetimibe-simvastatin-10-80mg-tablet-vytorin/,True,ezetimibe-simvastatin,vytorin,10 80mg tablet,tablet,1245449,ezetimibe 10 MG / simvastatin 80 MG Oral Tablet [Vytorin],100.0,100.0,100.0,100,True,1422099:atorvastatin 80 MG / ezetimibe 10 MG Oral Tablet(100); 200345:simvastatin 80 MG Oral Tablet(100)
https://www.costplusdrugs.com/medications/phenelzine-sulfate-15mg-tablet-nardil/,True,phenelzine sulfate,nardil,15mg tablet,tablet,104836,phenelzine 15 MG Oral Tablet [Nardil],100.0,100.0,100.0,100,False,
https://www.costplusdrugs.com/medications/metoprolol-hydrochlorothiazide-50-25mg-tablet-lopressor-hct/,True,metoprolol-hydrochlorothiazide,lopressor hct,50 25mg tablet,tablet,999991,amlodipine 10 MG / hydrochlorothiazide 25 MG / olmesartan medoxomil 40 MG Oral Tablet,100.0,100.0,100.0,100,True,1000001:amlodipine 5 MG / hydrochlorothiazide 25 MG / olme(100); 197436:captopril 25 MG / hydrochlorothiazide 15 MG Oral T(100)
https://www.costplusdrugs.com/medications/lamotrigine-5mg-chewabletablet/,True,lamotrigine,lamictal,5mg chewabletablet,tablet,199322,lamotrigine 50 MG Oral Tablet,68.2,100.0,0.0,100,True,198427:lamotrigine 100 MG Oral Tablet(68.2); 198428:lamotrigine 150 MG Oral Tablet(68.2); 282401:lamotrigine 25 MG Oral Tablet(68.2)
https://www.costplusdrugs.com/medications/pioglitazone-metformin-15mg-850mg-tablet/,True,pioglitazone-metformin,actoplus met,15mg 850mg tablet,tablet,861822,metformin hydrochloride 850 MG / pioglitazone 15 MG Oral Tablet,100.0,100.0,100.0,100,False,
https://www.costplusdrugs.com/medications/pirfenidone-801mg-tablet-esbriet/,True,pirfenidone,esbriet,801mg tablet,tablet,1868018,pirfenidone 801 MG Oral Tablet,100.0,100.0,100.0,100,False,
https://www.costplusdrugs.com/medications/lamivudine-zidovudine-150-300mg-tablet-combivir/,True,lamivudine-zidovudine,combivir,150 300mg tablet,tablet,2055813,doravirine 100 MG / lamivudine 300 MG / tenofovir disoproxil fumarate 300 MG Oral Tablet,100.0,100.0,100.0,100,True,1546888:abacavir 600 MG / dolutegravir 50 MG / lamivudine (100); 2001424:efavirenz 400 MG / lamivudine 300 MG / tenofovir d(100)
https://www.costplusdrugs.com/medications/methylergonovine-maleate-0_2mg-tablet-methergine/,True,methylergonovine maleate,methergine,0_2mg tablet,tablet,996824,methylergonovine maleate 0.2 MG Oral Tablet,100.0,100.0,100.0,100,False,
https://www.costplusdrugs.com/medications/promethazine-hcl-6_25mg-5ml-bottle-of-syrup-473-phenergan/,True,promethazine hcl,phenergan,6_25mg 5ml bottle of syrup 473,tablet,992438,promethazine hydrochloride 12.5 MG Oral Tablet,68.2,100.0,0.0,100,True,992447:promethazine hydrochloride 25 MG Oral Tablet(68.2); 992475:promethazine hydrochloride 50 MG Oral Tablet(68.2)
https://www.costplusdrugs.com/medications/alendronate-sodium-70mg-75ml-bottle-of-solution-75-fosamax/,True,alendronate sodium,fosamax,70mg 75ml bottle of solution 75,tablet,905083,risedronate sodium 75 MG Oral Tablet,100.0,100.0,100.0,100,True,706943:sodium chloride 70 MG/ML Inhalation Solution(97.1); 1100742:calcium chloride 0.00232 MEQ/ML / icodextrin 75 MG(97.1); 1547459:calcium chloride 16.55 MG/ML / magnesium chloride (97.1)
https://www.costplusdrugs.com/medications/clopidogrel-bisulfate-300mg-tablet-plavix/,True,clopidogrel,plavix,bisulfate 300mg tablet,tablet,749196,clopidogrel 300 MG Oral Tablet,100.0,100.0,100.0,100,False,
https://www.costplusdrugs.com/medications/lopinavir-ritonavir-400-100mg-5ml-bottle-of-solution-160-kaletra/,True,lopinavir-ritonavir,kaletra,400 100mg 5ml bottle of solution 160,tablet,746645,lopinavir 100 MG / ritonavir 25 MG Oral Tablet,86.6,100.0,50.0,100,True,900575:ritonavir 100 MG Oral Tablet(86.6)
https://www.costplusdrugs.com/medications/sucralfate-1gm-10ml-bottle-of-suspension-414-carafate/,True,sucralfate,carafate,1gm 10ml bottle of suspension 414,tablet,314234,sucralfate 1000 MG Oral Tablet,86.6,100.0,50.0,100,False,
https://www.costplusdrugs.com/medications/sumatriptan-naproxen-sodium-85-500mg-tablet-treximet/,True,sumatriptan-naproxen sodium,treximet,85 500mg tablet,tablet,198014,naproxen 500 MG Oral Tablet,100.0,100.0,100.0,100,True,849431:naproxen sodium 550 MG Oral Tablet(100); 849450:naproxen sodium 500 MG / sumatriptan 85 MG Oral Ta(100)
https://www.costplusdrugs.com/medications/paroxetine-hcl-10mg-5ml-bottle-of-suspension-250-paxil/,True,paroxetine,paxil,hcl 10mg 5ml bottle of suspension 250,tablet,1738515,paroxetine mesylate 10 MG Oral Tablet,86.6,100.0,50.0,100,False,
https://www.costplusdrugs.com/medications/captopril-hydrochlorothiazide-50-25mg-tablet-capozide/,True,captopril-hydrochlorothiazide,capozide,50 25mg tablet,tablet,999991,amlodipine 10 MG / hydrochlorothiazide 25 MG / olmesartan medoxomil 40 MG Oral Tablet,100.0,100.0,100.0,100,True,1000001:amlodipine 5 MG / hydrochlorothiazide 25 MG / olme(100); 197436:captopril 25 MG / hydrochlorothiazide 15 MG Oral T(100)
https://www.costplusdrugs.com/medications/metoclopramide-hcl-5mg_5ml-solution-473ml/,True,metoclopramide hcl,reglan,5mg_5ml solution 473ml,tablet,311668,metoclopramide 5 MG Oral Tablet,92.8,100.0,66.7,100,False,
https://www.costplusdrugs.com/medications/pyridostigmine-bromide-er-180mg-tablet-extended-release-mestinon/,True,pyridostigmine bromide,mestinon,er 180mg tablet extended release,tablet,903847,pyridostigmine bromide 180 MG Extended Release Oral Tablet,100.0,100.0,100.0,100,False,
https://www.costplusdrugs.com/medications/trazodonehcl-300mg-tablet/,True,trazodone,desyrel,hcl 300mg tablet,tablet,856369,trazodone hydrochloride 300 MG Oral Tablet,100.0,100.0,100.0,100,False,
https://www.costplusdrugs.com/medications/Estradiol-2mg-Tablet/,True,estradiol oral estrogen tablet,estrace,estradiol 2mg tablet,tablet,577029,estradiol 1.8 MG Oral Tablet,100.0,100.0,100.0,100,True,197659:estradiol 2 MG Oral Tablet(100)
https://www.costplusdrugs.com/medications/sulfamethoxazoletrimethoprim-800mg160mg-tablet/,True,sulfamethoxazole / trimethoprim,bactrim,800mg160mg tablet,tablet,849580,sulfamethoxazole 800 MG / trimethoprim 160 MG Oral Tablet [Bactrim],100.0,100.0,100.0,100,False,
https://www.costplusdrugs.com/medications/amlodipine-olmesartan-5-40mg-tablet-azor/,True,amlodipine-olmesartan,azor,5 40mg tablet,tablet,2727463,amlodipine 5 MG / indapamide 2.5 MG / telmisartan 40 MG Oral Tablet,100.0,100.0,100.0,100,True,999986:amlodipine 10 MG / hydrochlorothiazide 12.5 MG / o(100); 999991:amlodipine 10 MG / hydrochlorothiazide 25 MG / olm(100)
https://www.costplusdrugs.com/medications/atovaquone-proguanil-hcl-62_5-25mg-tablet-malarone/,True,atovaquone-proguanil hcl,malarone,62_5 25mg tablet,tablet,864681,atovaquone 62.5 MG / proguanil hydrochloride 25 MG Oral Tablet,100.0,100.0,100.0,100,False,
https://www.costplusdrugs.com/medications/carbidopa-levodopa-25-250mg-tablet-sinemet/,True,carbidopa-levodopa,sinemet,25 250mg tablet,tablet,197445,carbidopa 25 MG / levodopa 250 MG Oral Tablet,100.0,100.0,100.0,100,False,
https://www.costplusdrugs.com/medications/levothyroxine-88mcg-tablet/,True,levothyroxine,synthroid,88mcg tablet,tablet,966173,levothyroxine sodium 0.088 MG Oral Tablet [Euthyrox],100.0,100.0,100.0,100,False,
https://www.costplusdrugs.com/medications/telmisartan_hctz-80_25mg-tablet/,True,telmisartan/hctz,micardis hct,telmisartan_hctz 80_25mg tablet,tablet,283317,hydrochlorothiazide 12.5 MG / telmisartan 80 MG Oral Tablet,78.8,50.0,100.0,100,True,477130:hydrochlorothiazide 25 MG / telmisartan 80 MG Oral(78.8); 876519:amlodipine 10 MG / telmisartan 80 MG Oral Tablet(78.8); 876529:amlodipine 5 MG / telmisartan 80 MG Oral Tablet(78.8)
https://www.costplusdrugs.com/medications/fludrocortisoneacetate-0_1mg-tablet/,True,fludrocortisone acetate,florinef,0_1mg tablet,tablet,313979,fludrocortisone acetate 0.1 MG Oral Tablet,100.0,100.0,100.0,100,False,
https://www.costplusdrugs.com/medications/fosamprenavir-calcium-700mg-tablet-lexiva/,True,fosamprenavir calcium,lexiva,700mg tablet,tablet,1044532,calcium carbonate 750 MG Chewable Tablet [Tums],100.0,100.0,100.0,100,True,2590817:calcium carbonate 750 MG / simethicone 250 MG Chew(100.0); 209010:calcium acetate 667 MG Oral Tablet [Calphron](100.0); 991370:calcium carbonate 650 MG Chewable Tablet(100)
https://www.costplusdrugs.com/medications/Loratadine-5mg_5ml-Syrup/,True,loratadine,claritin,5mg_5ml syrup,tablet,2180650,loratadine 5 MG Chewable Tablet [Wal-itin],100.0,100.0,100.0,100,True,352086:desloratadine 5 MG Oral Tablet [Clarinex](100.0)
https://www.costplusdrugs.com/medications/perphenazine-amitriptyline-4-25mg-tablet-triavil/,True,perphenazine-amitriptyline,triavil,4 25mg tablet,tablet,856834,amitriptyline hydrochloride 25 MG Oral Tablet,100.0,100.0,100.0,100,True,856792:amitriptyline hydrochloride 25 MG / chlordiazepoxi(100); 856825:amitriptyline hydrochloride 25 MG / perphenazine 4(100); 856797:amitriptyline hydrochloride 25 MG / perphenazine 2(100)
https://www.costplusdrugs.com/medications/dexamethasone-sodium-phosphate-0_10-solution-dropper-5-decadron/,True,dexamethasone,decadron,sodium phosphate 0_10 solution dropper 5,tablet,2261802,dexamethasone 20 MG Oral Tablet,86.6,100.0,50.0,100,True,197577:dexamethasone 0.5 MG Oral Tablet(86.6); 197579:dexamethasone 1 MG Oral Tablet(86.6); 197580:dexamethasone 1.5 MG Oral Tablet(86.6)
https://www.costplusdrugs.com/medications/montelukastsodium-4mg-packet/,True,montelukast,singulair,sodium 4mg packet,tablet,311759,montelukast 4 MG Chewable Tablet,100.0,100.0,100.0,100,True,351246:montelukast 4 MG Oral Granules(97.1)
https://www.costplusdrugs.com/medications/ondansetron-hcl-4mg-5ml-bottle-of-solution-50-zofran/,True,ondansetron hcl,zofran,4mg 5ml bottle of solution 50,tablet,198052,ondansetron 4 MG Oral Tablet,86.6,100.0,50.0,100,False,
https://www.costplusdrugs.com/medications/pitavastatin-calcium-1-mg-tablet/,True,pitavastatin calcium,livalo,1 mg tablet,tablet,1116179,ascorbic acid 100 MG / calcium carbonate 200 MG / cholecalciferol 0.01 MG / copper sulfate 2 MG / dl-alpha tocopheryl acetate 30 UNT / ferrous fumarate 65 MG / folic acid 1 MG / magnesium oxide 10 MG / niacinamide 20 MG / potassium iodide 0.15 MG / pyridoxine hydrochloride 5 MG / retinol acetate 4000 UNT / riboflavin 3.4 MG / thiamine mononitrate 3 MG / vitamin B12 0.012 MG / zinc sulfate 15 MG Oral Tablet,100.0,100.0,100.0,100,True,2689112:pitavastatin sodium 1 MG Oral Tablet(100); 1102201:ascorbic acid 100 MG / biotin 0.3 MG / calcium car(100)
https://www.costplusdrugs.com/medications/fluphenazine-hcl-2_5mg-5ml-elixir-dropper-60-prolixin/,True,fluphenazine hcl,prolixin,2_5mg 5ml elixir dropper 60,tablet,865123,fluphenazine hydrochloride 2.5 MG Oral Tablet,86.6,100.0,50.0,100,True,860918:fluphenazine hydrochloride 5 MG Oral Tablet(86.6)
https://www.costplusdrugs.com/medications/methenamine-hippurate-1gm-tablet-hiprex/,True,methenamine hippurate,hiprex,1gm tablet,tablet,992150,methenamine hippurate 1000 MG Oral Tablet,100.0,100.0,100.0,100,False,
https://www.costplusdrugs.com/medications/dicyclomine-hcl-10mg-5ml-bottle-of-solution-473-bentyl/,True,dicyclomine hcl,bentyl,10mg 5ml bottle of solution 473,tablet,991086,dicyclomine hydrochloride 20 MG Oral Tablet,68.2,100.0,0.0,100,True,2719470:dicyclomine hydrochloride 40 MG Oral Tablet(68.2)
https://www.costplusdrugs.com/medications/dapsone-7_50-gel-pump-90-aczone/,True,dapsone,aczone,7_50 gel pump 90,tablet,197557,dapsone 100 MG Oral Tablet,68.2,100.0,0.0,100,True,197558:dapsone 25 MG Oral Tablet(68.2)
https://www.costplusdrugs.com/medications/isoniazid-50mg-5ml-bottle-of-syrup-473-nyzadrid/,True,isoniazid,nydrazid,50mg 5ml bottle of syrup 473 nyzadrid,tablet,197832,isoniazid 300 MG Oral Tablet,68.2,100.0,0.0,100,True,311166:isoniazid 100 MG Oral Tablet(68.2)
https://www.costplusdrugs.com/medications/olmesartan-amlodipine-hctz-40-5-25mg-tablet-tribenzor/,True,olmesartan-amlodipine-hctz,tribenzor,40 5 25mg tablet,tablet,999991,amlodipine 10 MG / hydrochlorothiazide 25 MG / olmesartan medoxomil 40 MG Oral Tablet,100.0,100.0,100.0,100,True,1000001:amlodipine 5 MG / hydrochlorothiazide 25 MG / olme(100); 848135:amlodipine 10 MG / hydrochlorothiazide 25 MG / val(100)
https://www.costplusdrugs.com/medications/glyburide-micronized-6mg-tablet-glynase/,True,glyburide micronized,glynase,6mg tablet,tablet,881411,glyburide 6 MG Oral Tablet [Glynase],100.0,100.0,100.0,100,False,
https://www.costplusdrugs.com/medications/olmesartanmedoxomil_hctz-40_25mg-tablet/,True,olmesartan medoxomil/hctz,benicar hct,olmesartanmedoxomil_hctz 40_25mg tablet,tablet,403854,hydrochlorothiazide 12.5 MG / olmesartan medoxomil 40 MG Oral Tablet,87.5,66.7,100.0,100,True,403855:hydrochlorothiazide 25 MG / olmesartan medoxomil 4(87.5); 999986:amlodipine 10 MG / hydrochlorothiazide 12.5 MG / o(87.5); 999991:amlodipine 10 MG / hydrochlorothiazide 25 MG / olm(87.5)
https://www.costplusdrugs.com/medications/pioglitazone-hcl-glimepiride-30-4mg-tablet-duetact/,True,pioglitazone hcl-glimepiride,duetact,30 4mg tablet,tablet,731457,glimepiride 4 MG / pioglitazone 30 MG Oral Tablet [Duetact],100.0,100.0,100.0,100,True,199247:glimepiride 4 MG Oral Tablet(100)
https://www.costplusdrugs.com/medications/tizanidine-hcl-6mg-capsule-zanaflex/,True,tizanidine hcl,zanaflex,6mg capsule,tablet,485484,tizanidine 6 MG Oral Capsule,97.1,100.0,100.0,50,False,
https://www.costplusdrugs.com/medications/amlodipine-atorvastatin-5-80mg-tablet-caduet/,True,amlodipine-atorvastatin,caduet,5 80mg tablet,tablet,404011,amlodipine 5 MG / atorvastatin 80 MG Oral Tablet,100.0,100.0,100.0,100,True,404013:amlodipine 10 MG / atorvastatin 80 MG Oral Tablet(100); 259255:atorvastatin 80 MG Oral Tablet(100)
https://www.costplusdrugs.com/medications/carvedilol-6_25mg-tablet/,True,carvedilol,coreg,6_25mg tablet,tablet,212388,carvedilol 6.25 MG Oral Tablet [Coreg],100.0,100.0,100.0,100,False,
https://www.costplusdrugs.com/medications/triamterene-hctz-37_5-25mg-tablet-maxzide/,True,triamterene-hctz,maxzide,37_5 25mg tablet,tablet,310812,hydrochlorothiazide 25 MG / triamterene 37.5 MG Oral Tablet,100.0,100.0,100.0,100,False,
https://www.costplusdrugs.com/medications/calcium-acetate-phos-binder-667mg-tablet-calphron/,True,calcium acetate (phos binder),calphron,667mg tablet,tablet,209010,calcium acetate 667 MG Oral Tablet [Calphron],100.0,100.0,100.0,100,True,428703:calcium acetate 668 MG Oral Tablet(100); 284308:calcium polycarbophil 625 MG Oral Tablet [Fiber Ta(100.0); 308933:calcium polycarbophil 625 MG Chewable Tablet(100)
https://www.costplusdrugs.com/medications/prednisone-5mg-5ml-bottle-of-solution-120-deltasone/,True,prednisone,deltasone,5mg 5ml bottle of solution 120,tablet,312617,prednisone 5 MG Oral Tablet,100.0,100.0,100.0,100,True,808118:prednisolone 5 MG Oral Tablet [MILLIPRED](100.0); 249066:prednisolone 5 MG/ML Oral Solution(97.1); 205301:prednisone 5 MG/ML Oral Solution(97.1)
https://www.costplusdrugs.com/medications/levocarnitine-330mg-tablet-carnitor/,True,levocarnitine,carnitor,330mg tablet,tablet,206346,levocarnitine 330 MG Oral Tablet [Carnitor],100.0,100.0,100.0,100,False,
https://www.costplusdrugs.com/medications/meclizinehcl-12_5mg-tablet/,True,meclizine hcl,antivert,12_5mg tablet,tablet,995624,meclizine hydrochloride 12.5 MG Oral Tablet,100.0,100.0,100.0,100,False,
https://www.costplusdrugs.com/medications/carbidopa-levodopa-entacapone-37_5mg-150mg-200mg-tablet/,True,carbidopa-levodopa-entacapone,stalevo,37_5mg 150mg 200mg tablet,tablet,403852,carbidopa 37.5 MG / entacapone 200 MG / levodopa 150 MG Oral Tablet,100.0,100.0,100.0,100,False,
https://www.costplusdrugs.com/medications/teriflunomide-7mg-tablet/,True,teriflunomide,aubagio,7mg tablet,tablet,1310533,teriflunomide 7 MG Oral Tablet,100.0,100.0,100.0,100,False,
https://www.costplusdrugs.com/medications/erlotinib-hcl-25mg-bottle-of-tablets-30-tarceva/,True,erlotinib hcl,tarceva,25mg bottle of tablets 30,tablet,603208,erlotinib 25 MG Oral Tablet,100.0,100.0,100.0,100,False,
https://www.costplusdrugs.com/medications/tranexamic-acid-650mg-tablet-lysteda/,True,tranexamic acid,lysteda,650mg tablet,tablet,883826,tranexamic acid 650 MG Oral Tablet,100.0,100.0,100.0,100,False,
https://www.costplusdrugs.com/medications/amiloride-hydrochlorothiazide-5-50mg-tablet-moduretic/,True,amiloride-hydrochlorothiazide,moduretic,5 50mg tablet,tablet,197438,captopril 50 MG / hydrochlorothiazide 15 MG Oral Tablet,100.0,100.0,100.0,100,True,197439:captopril 50 MG / hydrochlorothiazide 25 MG Oral T(100); 197770:hydrochlorothiazide 50 MG Oral Tablet(100); 977883:amiloride hydrochloride 5 MG / hydrochlorothiazide(100)
https://www.costplusdrugs.com/medications/ivermectin-3mg-tablet-stromectol/,True,ivermectin,stromectol,3mg tablet,tablet,261314,ivermectin 3 MG Oral Tablet [Stromectol],100.0,100.0,100.0,100,False,
https://www.costplusdrugs.com/medications/prednisolone-sodium-phosphate-10mg-5ml-bottle-of-soltuion-237-millipred/,True,prednisolone,millipred,sodium phosphate 10mg 5ml bottle of soltuion 237,tablet,198145,prednisone 10 MG Oral Tablet,86.6,100.0,50.0,100,True,312617:prednisone 5 MG Oral Tablet(86.6); 198142:prednisolone 5 MG Oral Tablet(86.6)
https://www.costplusdrugs.com/medications/sapropterin-dihydrochloride-500mg-packet-kuvan/,True,sapropterin dihydrochloride,kuvan,500mg packet,tablet,1653217,sapropterin dihydrochloride 500 MG Powder for Oral Solution,97.1,100.0,100.0,50,False,
https://www.costplusdrugs.com/medications/acyclovir-0_05-ointment/,True,acyclovir,zovirax,0_05 ointment,tablet,197313,acyclovir 800 MG Oral Tablet,86.6,100.0,50.0,100,True,197311:acyclovir 400 MG Oral Tablet(86.6)
https://www.costplusdrugs.com/medications/glyburide-metformin-5mg-500mg-tablet/,True,glyburide-metformin,glucovance,5mg 500mg tablet,tablet,861740,glipizide 5 MG / metformin hydrochloride 500 MG Oral Tablet,100.0,100.0,100.0,100,True,861753:glyburide 5 MG / metformin hydrochloride 500 MG Or(100); 1664315:empagliflozin 5 MG / metformin hydrochloride 500 M(100)
https://www.costplusdrugs.com/medications/levonorgestrel-1_5mg-tablet-plan-b-one-step/,True,levonorgestrel,plan b one-step,1_5mg tablet,tablet,1490063,levonorgestrel 1.5 MG Oral Tablet [Take Action],100.0,100.0,100.0,100,False,
https://www.costplusdrugs.com/medications/valganciclovir-hcl-50mg-ml-bottle-of-solution-reconstituted-88-valcyte/,True,valganciclovir hcl,valcyte,50mg ml bottle of solution reconstituted 88,tablet,863559,valganciclovir 50 MG/ML Oral Solution,97.1,100.0,100.0,50,False,
https://www.costplusdrugs.com/medications/bisoprolol-hydrochlorothiazide-5mg-6_25mg-tablet/,True,bisoprolol-hydrochlorothiazide,ziac,5mg 6_25mg tablet,tablet,854919,bisoprolol fumarate 5 MG / hydrochlorothiazide 6.25 MG Oral Tablet,100.0,100.0,100.0,100,True,898378:benazepril hydrochloride 5 MG / hydrochlorothiazid(100)
https://www.costplusdrugs.com/medications/irbesartan-hydrochlorothiazide-300mg-12_5mg-tablet/,True,irbesartan-hydrochlorothiazide,avalide,300mg 12_5mg tablet,tablet,1011750,aliskiren 300 MG / hydrochlorothiazide 12.5 MG Oral Tablet,100.0,100.0,100.0,100,True,823938:hydrochlorothiazide 12.5 MG / irbesartan 300 MG Or(100.0); 636042:hydrochlorothiazide 12.5 MG / valsartan 320 MG Ora(100)
https://www.costplusdrugs.com/medications/sodium-fluoride-0_5mg-tablet-chewable-ludent/,True,sodium fluoride,ludent,0_5mg tablet chewable,tablet chewable,999476,sodium fluoride 0.55 MG Chewable Tablet [Epiflur],100.0,100.0,100.0,100,True,1235389:ascorbic acid 60 MG / cholecalciferol 0.01 MG / fo(100); 328162:sodium fluoride 0.55 MG Oral Tablet(100); 1098474:sodium fluoride 0.55 MG / xylitol 237 MG Chewable (100)
https://www.costplusdrugs.com/medications/aspirin-81mg-tablet-chewable-aspirin/,True,aspirin,aspirin,81mg tablet chewable,tablet chewable,318272,aspirin 81 MG Chewable Tablet,100.0,100.0,100.0,100,True,1722689:aspirin 81 MG / calcium carbonate 777 MG Oral Tabl(100); 243670:aspirin 81 MG Oral Tablet(100)
https://www.costplusdrugs.com/medications/lanthanum-carbonate-750mg-tablet-chewable-fosrenol/,True,lanthanum carbonate,fosrenol,750mg tablet chewable,tablet chewable,642452,lanthanum carbonate 750 MG Chewable Tablet,100.0,100.0,100.0,100,False,
https://www.costplusdrugs.com/medications/phenytoin-sodium-100mg-capsule/,True,phenytoin,dilantin,sodium 100mg capsule,tablet chewable,1313885,phenytoin 50 MG Chewable Tablet,68.2,100.0,0.0,100,False,
https://www.costplusdrugs.com/medications/doxycycline-hyclate-75mg-tablet-delayed-release-doryx/,True,doxycycline hyclate,doryx,75mg tablet delayed release,tablet delayed release,2360884,doxycycline hyclate 80 MG Delayed Release Oral Tablet [Doryx],100.0,100.0,100.0,100,True,406524:doxycycline hyclate 75 MG Delayed Release Oral Tab(100)
https://www.costplusdrugs.com/medications/naproxen-esomeprazole-mg-500-20mg-tablet-delayed-release-vimovo/,True,naproxen-esomeprazole mg,vimovo,500 20mg tablet delayed release,tablet delayed release,1743279,esomeprazole 20 MG Delayed Release Oral Tablet [Nexium],100.0,100.0,100.0,100,True,994005:esomeprazole 20 MG / naproxen 375 MG Delayed Relea(100); 994008:esomeprazole 20 MG / naproxen 500 MG Delayed Relea(100)
https://www.costplusdrugs.com/medications/aspirin-low-dose-81mg-tablet-delayed-release-aspirin-low-dose/,True,aspirin low dose,aspirin low dose,81mg tablet delayed release,tablet delayed release,1052678,aspirin 81 MG Delayed Release Oral Tablet [Miniprin],100.0,100.0,100.0,100,True,1811631:aspirin 81 MG / omeprazole 40 MG Delayed Release O(100)
https://www.costplusdrugs.com/medications/doxylamine-pyridoxine-10-10mg-tablet-delayed-release-diclegis/,True,doxylamine-pyridoxine,diclegis,10 10mg tablet delayed release,tablet delayed release,1375948,doxylamine succinate 10 MG / pyridoxine hydrochloride 10 MG Delayed Release Oral Tablet,100.0,100.0,100.0,100,False,
https://www.costplusdrugs.com/medications/mesalamine-800mg-tablet-delayed-release-asacol-hd/,True,mesalamine,asacol hd,800mg tablet delayed release,tablet delayed release,849383,mesalamine 800 MG Delayed Release Oral Tablet [Asacol],100.0,100.0,100.0,100,False,
https://www.costplusdrugs.com/medications/diclofenac-misoprostol-75-0_2mg-tablet-delayed-release-arthrotec/,True,diclofenac-misoprostol,arthrotec,75 0_2mg tablet delayed release,tablet delayed release,1359105,diclofenac sodium 75 MG / misoprostol 0.2 MG Delayed Release Oral Tablet,100.0,100.0,100.0,100,True,1359107:diclofenac sodium 50 MG / misoprostol 0.2 MG Delay(100.0)
https://www.costplusdrugs.com/medications/acamprosate-calcium-333mg-tablet-delayed-release-campral/,True,acamprosate calcium,campral,333mg tablet delayed release,tablet delayed release,835726,acamprosate calcium 333 MG Delayed Release Oral Tablet,100.0,100.0,100.0,100,False,
https://www.costplusdrugs.com/medications/hyoscyamine-sulfate-0_125mg-tablet-disintegrating-nulev/,True,hyoscyamine sulfate,nulev,0_125mg tablet disintegrating,tablet disintegrating,,,0.0,0.0,0.0,0,True,NO MATCH FOUND
https://www.costplusdrugs.com/medications/donepezil-hcl-5mg-tablet-disintegrating-aricept-odt/,True,donepezil hcl,aricept odt,5mg tablet disintegrating,tablet disintegrating,,,0.0,0.0,0.0,0,True,NO MATCH FOUND
https://www.costplusdrugs.com/medications/risperidone-4mg-orally-disintegrating-tablet/,True,risperidone,risperdal m-tab,4mg orally disintegrating tablet,tablet disintegrating,616705,risperidone 4 MG Disintegrating Oral Tablet,97.1,100.0,100.0,50,False,
https://www.costplusdrugs.com/medications/ibandronate-sodium-150mg-tablet-dose-pack-3-boniva/,True,ibandronate sodium,boniva,150mg tablet dose pack 3,tablet dose pack,905028,risedronate sodium 150 MG Oral Tablet,100.0,100.0,100.0,100,False,
https://www.costplusdrugs.com/medications/felodipine-er-5mg-tablet-extended-release-24hr-plendil/,True,felodipine er,plendil,5mg tablet extended release 24hr,tablet extended release,402696,24 HR felodipine 5 MG Extended Release Oral Tablet,100.0,100.0,100.0,100,False,
https://www.costplusdrugs.com/medications/carbamazepine-er-400mg-tablet-extended-release-tegretol-xr/,True,carbamazepine er,tegretol-xr,400mg tablet extended release,tablet extended release,866307,12 HR carbamazepine 400 MG Extended Release Oral Tablet [Tegretol],100.0,100.0,100.0,100,False,
https://www.costplusdrugs.com/medications/etodolac-er-600mg-tablet-extended-release-lodine-xl/,True,etodolac er,lodine xl,600mg tablet extended release,tablet extended release,310247,24 HR etodolac 600 MG Extended Release Oral Tablet,100.0,100.0,100.0,100,False,
https://www.costplusdrugs.com/medications/bupropion-hcl-er-smoking-det-150mg-tablet-extended-release-zyban/,True,bupropion hcl er,zyban,smoking det 150mg tablet extended release,tablet extended release,993541,24 HR bupropion hydrochloride 150 MG Extended Release Oral Tablet,100.0,100.0,100.0,100,False,
https://www.costplusdrugs.com/medications/naproxen-sodium-er-750mg-tablet-extended-release-naprelan/,True,naproxen sodium er,naprelan,750mg tablet extended release,tablet extended release,1116349,24 HR naproxen 750 MG Extended Release Oral Tablet,100.0,100.0,100.0,100,False,
https://www.costplusdrugs.com/medications/venlafaxine-hcl-er-75mg-tablet-extended-release-effexor-xr/,True,venlafaxine hcl er,effexor xr,75mg tablet extended release,tablet extended release,808753,24 HR venlafaxine 75 MG Extended Release Oral Tablet,100.0,100.0,100.0,100,False,
https://www.costplusdrugs.com/medications/fluvastatin-sodium-er-80mg-tablet-extended-release-lescol-xl/,True,fluvastatin sodium er,lescol xl,80mg tablet extended release,tablet extended release,360507,24 HR fluvastatin 80 MG Extended Release Oral Tablet,100.0,100.0,100.0,100,False,
https://www.costplusdrugs.com/medications/metformin-hcl-er-mod-500mg-tablet-extended-release-glumetza/,True,metformin hcl er (mod),glumetza,500mg tablet extended release,tablet extended release,1811002,24 HR canagliflozin 150 MG / metformin hydrochloride 500 MG Extended Release Oral Tablet,100.0,100.0,100.0,100,True,1811010:24 HR canagliflozin 50 MG / metformin hydrochlorid(100); 2696284:24 HR metformin hydrochloride 500 MG / sitagliptin(100.0)
https://www.costplusdrugs.com/medications/zileuton-er-600mg-tablet-extended-release-zyflo-cr/,True,zileuton er,zyflo cr,600mg tablet extended release,tablet extended release,730834,12 HR zileuton 600 MG Extended Release Oral Tablet,100.0,100.0,100.0,100,False,
https://www.costplusdrugs.com/medications/nisoldipine-er-8_5mg-tablet-extended-release-sular/,True,nisoldipine er,sular,8_5mg tablet extended release,tablet extended release,790840,24 HR nisoldipine 8.5 MG Extended Release Oral Tablet [Sular],100.0,100.0,100.0,100,False,
https://www.costplusdrugs.com/medications/theophylline-er-600mg-tablet-extended-release-theochron/,True,theophylline er,theochron,600mg tablet extended release,tablet extended release,348472,theophylline 600 MG Extended Release Oral Tablet,100.0,100.0,100.0,100,False,
https://www.costplusdrugs.com/medications/metformin-hcl-er-osm-500mg-tablet-extended-release-fortamet/,True,metformin hcl er (osm),fortamet,500mg tablet extended release,tablet extended release,1811002,24 HR canagliflozin 150 MG / metformin hydrochloride 500 MG Extended Release Oral Tablet,100.0,100.0,100.0,100,True,1811010:24 HR canagliflozin 50 MG / metformin hydrochlorid(100); 2696284:24 HR metformin hydrochloride 500 MG / sitagliptin(100.0)
https://www.costplusdrugs.com/medications/nevirapine-er-400mg-tablet-extended-release-viramune-xr/,True,nevirapine er,viramune xr,400mg tablet extended release,tablet extended release,1095712,24 HR nevirapine 400 MG Extended Release Oral Tablet,100.0,100.0,100.0,100,False,
https://www.costplusdrugs.com/medications/nifedipine-er-90mg-tablet-extended-release-adalat-cc/,True,nifedipine er,adalat cc,90mg tablet extended release,tablet extended release,1812015,Osmotic 24 HR nifedipine 90 MG Extended Release Oral Tablet,100.0,100.0,100.0,100,True,198036:24 HR nifedipine 90 MG Extended Release Oral Table(100)
https://www.costplusdrugs.com/medications/cefaclor-er-500mg-tablet-extended-release-ceclor-cd/,True,cefaclor er,ceclor cd,500mg tablet extended release,tablet extended release,309043,12 HR cefaclor 500 MG Extended Release Oral Tablet,100.0,100.0,100.0,100,False,
https://www.costplusdrugs.com/medications/minocycline-hcl-er-90mg-tablet-extended-release-24hr-solodyn/,True,minocycline hcl er,solodyn,90mg tablet extended release 24hr,tablet extended release,629699,24 HR minocycline 90 MG Extended Release Oral Tablet,100.0,100.0,100.0,100,False,
https://www.costplusdrugs.com/medications/pramipexole-dihydrochloride-er-4_5mg-tablet/,True,pramipexole dihydrochloride er,mirapex er,4_5mg tablet,tablet extended release,901534,24 HR pramipexole dihydrochloride 4.5 MG Extended Release Oral Tablet,100.0,100.0,100.0,100,False,
https://www.costplusdrugs.com/medications/guaifenesin-er-600mg-tablet-extended-release-12hr-guaifenex-la/,True,guaifenesin er,guaifenex la,600mg tablet extended release 12hr,tablet extended release 12hr,1305603,12 HR guaifenesin 600 MG / pseudoephedrine hydrochloride 60 MG Extended Release Oral Tablet,100.0,100.0,100.0,100,True,1244695:12 HR guaifenesin 600 MG / pseudoephedrine hydroch(100); 1357905:12 HR dextromethorphan hydrobromide 25 MG / guaife(100); 1357928:12 HR guaifenesin 550 MG / phenylephrine hydrochlo(100)
https://www.costplusdrugs.com/medications/mirabegron-er-50-mg-tablet-extended-release-24-hour/,True,mirabegron er,myrbetriq,50 mg tablet extended release 24 hour,tablet extended release 24 hour,1300801,24 HR mirabegron 50 MG Extended Release Oral Tablet,100.0,100.0,100.0,100,False,
https://www.costplusdrugs.com/medications/lithium-carbonate-er-450mg-tablet-extended-release-eskalith-cr/,True,lithium carbonate er,eskalith cr,450mg tablet extended release,tablet extended-release,197892,lithium carbonate 450 MG Extended Release Oral Tablet,100.0,100.0,100.0,100,False,
https://www.costplusdrugs.com/medications/potassium-chloride-er-20meq-tablet-extended-release-k-tab/,True,potassium chloride er,k-tab,20meq tablet extended release,tablet extended-release,1483340,potassium chloride 20 MEQ Extended Release Oral Tablet [K-Tab],100.0,100.0,100.0,100,True,1801294:Microencapsulated potassium chloride 20 MEQ Extend(100)
https://www.costplusdrugs.com/medications/pentoxifylline-er-400mg-tablet-extended-release-trental/,True,pentoxifylline er,trental,400mg tablet extended release,tablet extended-release,312301,pentoxifylline 400 MG Extended Release Oral Tablet,100.0,100.0,100.0,100,False,
https://www.costplusdrugs.com/medications/potassium-citrate-er-5meq-540mg-tablet-extended-release-urocit-k/,True,potassium citrate er,urocit-k,5meq 540mg tablet extended release,tablet extended-release,199376,potassium citrate 5 MEQ Extended Release Oral Tablet,86.6,100.0,50.0,100,False,
https://www.costplusdrugs.com/medications/trandolapril-verapamil-hcl-er-4-240mg-tablet-extended-release-tarka/,True,trandolapril-verapamil hcl er,tarka,4 240mg tablet extended release,tablet extended-release,897680,verapamil hydrochloride 240 MG Extended Release Oral Tablet [Calan],100.0,100.0,100.0,100,True,897844:24 HR trandolapril 2 MG / verapamil hydrochloride (100); 897853:24 HR trandolapril 4 MG / verapamil hydrochloride (100)
https://www.costplusdrugs.com/medications/niacin-er-antihyperlipidemic-750mg-tablet-extended-release-niaspan/,True,niacin er (antihyperlipidemic),niaspan,750mg tablet extended release,tablet extended-release,2001474,niacin 750 MG Extended Release Oral Tablet [Endur-Acin],100.0,100.0,100.0,100,False,
https://www.costplusdrugs.com/medications/quinidine-gluconate-er-324mg-tablet-extended-release-quinaglute/,True,quinidine gluconate er,quinaglute,324mg tablet extended release,tablet extended-release,852920,quinidine gluconate 324 MG Extended Release Oral Tablet,100.0,100.0,100.0,100,False,
https://www.costplusdrugs.com/medications/deferasirox-500mg-tablet-soluble-exjade/,True,deferasirox,exjade,500mg tablet soluble,tablet soluble,1607784,deferasirox 180 MG Oral Tablet,68.2,100.0,0.0,100,True,1607792:deferasirox 360 MG Oral Tablet(68.2); 1607796:deferasirox 90 MG Oral Tablet(68.2)
https://www.costplusdrugs.com/medications/hyoscyamine-sulfate-0_125mg-tablet-sublingual-levsin-sl/,True,hyoscyamine sulfate,levsin/sl,0_125mg tablet sublingual levsin sl,tablet sublingual,1597581,"hyoscyamine sulfate 0.12 MG / methenamine 81.6 MG / methylene blue 10.8 MG / sodium phosphate, monobasic 40.8 MG Oral Tablet [Uro-Blue]",100.0,100.0,100.0,100,True,1149355:hyoscyamine sulfate 0.125 MG Oral Tablet [Oscimin](100.0); 1046982:hyoscyamine sulfate 0.125 MG Sublingual Tablet(100); 1037234:benzoic acid 9 MG / hyoscyamine sulfate 0.12 MG / (100)
https://www.costplusdrugs.com/medications/zolmitriptan-5mg-carton-of-solution-doses-6-zomig/,True,zolmitriptan,zomig,5mg carton of solution doses 6,tablets,200194,zolmitriptan 5 MG Oral Tablet,100.0,100.0,100.0,100,True,402000:zolmitriptan 5 MG/ACTUAT Nasal Spray(97.1)
https://www.costplusdrugs.com/medications/hydrocortisone-ace-pramoxine-1-1-tube-of-cream-30-analpram-hc/,True,hydrocortisone ace-pramoxine,analpram-hc,1 1 tube of cream 30,tube of cream,1303727,bacitracin 0.5 UNT/MG / pramoxine hydrochloride 0.01 MG/MG Topical Ointment,86.6,100.0,50.0,100,True,1116150:bacitracin zinc 0.4 UNT/MG / hydrocortisone acetat(86.6); 1116155:menthol 10 MG/ML / pramoxine hydrochloride 10 MG/M(86.6); 198707:hydrocortisone 5 MG/ML Topical Cream(86.6)
https://www.costplusdrugs.com/medications/ivermectin-1-tube-of-cream-45-soolantra/,True,ivermectin,soolantra,1 tube of cream 45,tube of cream,1598068,ivermectin 10 MG/ML Topical Cream,86.6,100.0,50.0,100,False,
https://www.costplusdrugs.com/medications/clocortolone-pivalate-0_10-tube-of-cream-45-cloderm/,True,clocortolone pivalate,cloderm,0_10 tube of cream 45,tube of cream,197520,clocortolone 1 MG/ML Topical Cream,86.6,100.0,50.0,100,False,
https://www.costplusdrugs.com/medications/terbinafinehcl-1-cream/,True,terbinafine hcl,lamisil at,1 cream,tube of cream,992528,terbinafine hydrochloride 10 MG/ML Topical Cream,86.6,100.0,50.0,100,False,
https://www.costplusdrugs.com/medications/terconazole-80mg-suppository-dose-pack-3-zazole/,True,terconazole,zazole,80mg suppository dose pack 3,tube of cream,313226,terconazole 4 MG/ML Vaginal Cream,68.2,100.0,0.0,100,True,313227:terconazole 8 MG/ML Vaginal Cream(68.2)
https://www.costplusdrugs.com/medications/desoximetasone-0_25-tube-of-ointment-60-topicort/,True,desoximetasone,topicort,0_25 tube of ointment 60,tube of cream,197573,desoximetasone 0.5 MG/ML Topical Cream,86.6,100.0,50.0,100,True,197574:desoximetasone 2.5 MG/ML Topical Cream(86.6); 197575:desoximetasone 0.0025 MG/MG Topical Ointment(86.6); 141850:desoximetasone 0.0005 MG/MG Topical Ointment(86.6)
https://www.costplusdrugs.com/medications/fluorouracil-5-tube-of-cream-40-efudex/,True,fluorouracil,efudex,5 tube of cream 40,tube of cream,284191,fluorouracil 5 MG/ML Topical Cream,86.6,100.0,50.0,100,True,197709:fluorouracil 10 MG/ML Topical Cream(86.6); 105583:fluorouracil 50 MG/ML Topical Cream(86.6); 1669868:fluorouracil 40 MG/ML Topical Cream(86.6)
https://www.costplusdrugs.com/medications/metronidazole-0_75-cream-45g/,True,metronidazole,metrocream,0_75 cream 45g,tube of cream,311680,metronidazole 10 MG/ML Topical Cream,68.2,100.0,0.0,100,True,311678:metronidazole 7.5 MG/ML Topical Cream(68.2)
https://www.costplusdrugs.com/medications/miconazole-antifungal-2-tube-of-cream-30-micatin/,True,miconazole antifungal,micatin,2 tube of cream 30,tube of cream,998540,miconazole nitrate 20 MG/ML Vaginal Cream,86.6,100.0,50.0,100,True,998544:miconazole nitrate 40 MG/ML Vaginal Cream(86.6); 831391:miconazole nitrate 0.0025 MG/MG / petrolatum 0.814(86.6); 998442:miconazole nitrate 0.02 MG/MG Topical Ointment(86.6)
https://www.costplusdrugs.com/medications/gentamicin-sulfate-0_3-ophthalmic-solution-5ml/,True,gentamicin sulfate,garamycin,0_3 ophthalmic solution 5ml,tube of cream,197735,gentamicin 1 MG/ML Topical Cream,68.2,100.0,0.0,100,True,310465:gentamicin 0.001 MG/MG Topical Ointment(68.2); 310466:gentamicin 0.003 MG/MG Ophthalmic Ointment(68.2)
https://www.costplusdrugs.com/medications/doxepin-hcl-5-tube-of-cream-45-zonalon/,True,doxepin hcl,zonalon,5 tube of cream 45,tube of cream,1000091,doxepin hydrochloride 50 MG/ML Topical Cream,86.6,100.0,50.0,100,False,
https://www.costplusdrugs.com/medications/hydrocortisone-perianal-1-tube-of-cream-28_4-procto-pak/,True,hydrocortisone (perianal),procto-pak,1 tube of cream 28_4,tube of cream,1116150,bacitracin zinc 0.4 UNT/MG / hydrocortisone acetate 0.01 MG/MG / neomycin sulfate 0.0035 MG/MG / polymyxin B sulfate 10 UNT/MG Ophthalmic Ointment,86.6,100.0,50.0,100,True,198707:hydrocortisone 5 MG/ML Topical Cream(86.6); 1116499:hydrocortisone acetate 10 MG/ML / pramoxine hydroc(86.6); 1370746:hydrocortisone probutate 1 MG/ML Topical Cream(86.6)
https://www.costplusdrugs.com/medications/pimecrolimus-1-tube-of-cream-30-elidel/,True,pimecrolimus,elidel,1 tube of cream 30,tube of cream,562806,pimecrolimus 10 MG/ML Topical Cream,86.6,100.0,50.0,100,False,
https://www.costplusdrugs.com/medications/penciclovir-1-tube-of-cream-5-denavir/,True,penciclovir,denavir,1 tube of cream 5,tube of cream,312255,penciclovir 10 MG/ML Topical Cream,86.6,100.0,50.0,100,False,
https://www.costplusdrugs.com/medications/oxiconazole-nitrate-1-tube-of-cream-30-oxistat/,True,oxiconazole nitrate,oxistat,1 tube of cream 30,tube of cream,998540,miconazole nitrate 20 MG/ML Vaginal Cream,86.6,100.0,50.0,100,True,998544:miconazole nitrate 40 MG/ML Vaginal Cream(86.6); 831391:miconazole nitrate 0.0025 MG/MG / petrolatum 0.814(86.6); 998442:miconazole nitrate 0.02 MG/MG Topical Ointment(86.6)
https://www.costplusdrugs.com/medications/fluocinonide-emulsified-base-0_05-tube-of-cream-30-lidex-e/,True,fluocinonide emulsified base,lidex-e,0_05 tube of cream 30,tube of cream,485647,fluocinonide 1 MG/ML Topical Cream,86.6,100.0,50.0,100,True,103456:fluocinonide 0.5 MG/ML Topical Cream(86.6); 103457:fluocinonide 0.0005 MG/MG Topical Ointment(86.6)
https://www.costplusdrugs.com/medications/alclometasone-dipropionate-0_05-tube-of-ointment-45-aclovate/,True,alclometasone dipropionate,aclovate,0_05 tube of ointment 45,tube of cream,2471873,betamethasone dipropionate 0.64 MG/ML / calcipotriene 0.05 MG/ML Topical Cream,86.6,100.0,50.0,100,True,855474:alclometasone dipropionate 0.5 MG/ML Topical Cream(86.6); 855480:alclometasone dipropionate 0.0005 MG/MG Topical Oi(86.6)
https://www.costplusdrugs.com/medications/fluocinonide-0_10-tube-of-cream-30-vanos/,True,fluocinonide,vanos,0_10 tube of cream 30,tube of cream,485647,fluocinonide 1 MG/ML Topical Cream,86.6,100.0,50.0,100,True,103456:fluocinonide 0.5 MG/ML Topical Cream(86.6); 103457:fluocinonide 0.0005 MG/MG Topical Ointment(86.6); 1801283:Emollient fluocinonide 0.5 MG/ML Topical Cream(86.6)
https://www.costplusdrugs.com/medications/silver-sulfadiazine-1-85g-tube-of-cream/,True,silver sulfadiazine,ssd,1 85g tube of cream,tube of cream,487261,silver nitrate 0.1 MG/MG Topical Ointment,68.2,100.0,0.0,100,True,106351:silver sulfadiazine 10 MG/ML Topical Cream(68.2)
https://www.costplusdrugs.com/medications/tazarotene-0_10-tube-of-gel-100-tazorac/,True,tazarotene,tazorac,0_10 tube of gel 100,tube of cream,313200,tazarotene 1 MG/ML Topical Cream,86.6,100.0,50.0,100,True,314268:tazarotene 0.5 MG/ML Topical Cream(86.6)
https://www.costplusdrugs.com/medications/triamcinolone-acetonide-0_1-jar-of-ointment-454g/,True,triamcinolone acetonide,aristocort a,0_1 jar of ointment 454g,tube of cream,1053697,nystatin 100 UNT/MG / triamcinolone acetonide 0.001 MG/MG Topical Ointment,68.2,100.0,0.0,100,True,1014314:triamcinolone acetonide 1 MG/ML Topical Cream(68.2); 1053753:nystatin 100000 UNT/ML / triamcinolone acetonide 1(68.2); 1090641:triamcinolone acetonide 0.0005 MG/MG Topical Ointm(68.2)
https://www.costplusdrugs.com/medications/triamcinolone-acetonide-0_1-tube-of-cream-30g/,True,triamcinolone acetonide,triderm,0_1 tube of cream 30g,tube of cream,1053697,nystatin 100 UNT/MG / triamcinolone acetonide 0.001 MG/MG Topical Ointment,68.2,100.0,0.0,100,True,1014314:triamcinolone acetonide 1 MG/ML Topical Cream(68.2); 1053753:nystatin 100000 UNT/ML / triamcinolone acetonide 1(68.2); 1090641:triamcinolone acetonide 0.0005 MG/MG Topical Ointm(68.2)
https://www.costplusdrugs.com/medications/adapalene-0_30-tube-of-gel-45-differin/,True,adapalene,differin,0_30 tube of gel 45,tube of cream,313852,adapalene 1 MG/ML Topical Cream,86.6,100.0,50.0,100,False,
https://www.costplusdrugs.com/medications/betamethasone-valerate-0_10-tube-of-cream-15-beta-val/,True,betamethasone valerate,beta-val,0_10 tube of cream 15,tube of cream,197405,betamethasone 0.0005 MG/MG Topical Ointment,86.6,100.0,50.0,100,True,197407:betamethasone 1 MG/ML Topical Cream(86.6); 197409:betamethasone 0.001 MG/MG Topical Ointment(86.6); 388525:betamethasone 0.0005 MG/MG / calcipotriene 0.00005(86.6)
https://www.costplusdrugs.com/medications/tretinoin-0_10-tube-of-cream-20-retin-a/,True,tretinoin,retin-a,0_10 tube of cream 20,tube of cream,997641,tretinoin 0.375 MG/ML Topical Cream,86.6,100.0,50.0,100,True,2117659:Emollient tretinoin 0.5 MG/ML Topical Cream(86.6); 198300:tretinoin 1 MG/ML Topical Cream(86.6); 2565807:benzoyl peroxide 30 MG/ML / tretinoin 1 MG/ML Topi(86.6)
https://www.costplusdrugs.com/medications/hydrocortisone-butyr-lipo-base-0_10-tube-of-cream-45-locoid-lipocream/,True,hydrocortisone butyrate lipid,locoid lipocream,hydrocortisone butyr lipo base 0_10 tube of cream 45,tube of cream,1116150,bacitracin zinc 0.4 UNT/MG / hydrocortisone acetate 0.01 MG/MG / neomycin sulfate 0.0035 MG/MG / polymyxin B sulfate 10 UNT/MG Ophthalmic Ointment,86.6,100.0,50.0,100,True,198707:hydrocortisone 5 MG/ML Topical Cream(86.6); 1116499:hydrocortisone acetate 10 MG/ML / pramoxine hydroc(86.6); 1370758:hydrocortisone butyrate 0.001 MG/MG Topical Ointme(86.6)
https://www.costplusdrugs.com/medications/naftifine-hcl-2-tube-of-cream-60-naftin/,True,naftifine hcl,naftin,2 tube of cream 60,tube of cream,896110,naftifine hydrochloride 10 MG/ML Topical Cream,86.6,100.0,50.0,100,True,1246096:naftifine hydrochloride 20 MG/ML Topical Cream(86.6)
https://www.costplusdrugs.com/medications/diflorasone-diacetate-0_05-tube-of-cream-30-psorcon/,True,diflorasone diacetate,psorcon,0_05 tube of cream 30,tube of cream,966607,diflorasone diacetate 0.0005 MG/MG Topical Ointment,86.6,100.0,50.0,100,True,966577:diflorasone diacetate 0.5 MG/ML Topical Cream(86.6)
https://www.costplusdrugs.com/medications/clotrimazole-0_01-vaginalcream/,True,clotrimazole,gyne-lotrimin,0_01 vaginalcream,tube of cream,309367,clotrimazole 10 MG/ML Topical Cream,86.6,100.0,50.0,100,True,308714:betamethasone 0.5 MG/ML / clotrimazole 10 MG/ML To(86.6); 418475:clotrimazole 0.01 MG/MG Topical Ointment(86.6); 199603:clotrimazole 20 MG/ML Vaginal Cream(86.6)
https://www.costplusdrugs.com/medications/terconazole-0_40-tube-of-cream-45-terazol-7/,True,terconazole,terazol 7,0_40 tube of cream 45,tube of cream,313226,terconazole 4 MG/ML Vaginal Cream,86.6,100.0,50.0,100,True,313227:terconazole 8 MG/ML Vaginal Cream(86.6)
https://www.costplusdrugs.com/medications/tretinoin-0_05-tube-of-gel-45-atralin/,True,tretinoin,atralin,0_05 tube of gel 45,tube of gel,359050,tretinoin 0.0004 MG/MG Topical Gel,86.6,100.0,50.0,100,True,1488045:tretinoin 0.0008 MG/MG Topical Gel(86.6); 250939:tretinoin 0.5 MG/ML Topical Lotion(86.6); 1987644:tretinoin 0.0006 MG/MG Topical Gel(86.6)
https://www.costplusdrugs.com/medications/metronidazole-0_75-gel-45g/,True,metronidazole,rosadan,0_75 gel 45g,tube of gel,242736,metronidazole 7.5 MG/ML Topical Lotion,68.2,100.0,0.0,100,True,577237:metronidazole 0.01 MG/MG Topical Gel(68.2); 311679:metronidazole 0.0075 MG/MG Topical Gel(68.2)
https://www.costplusdrugs.com/medications/ciclopiroxolamine-0_77-cream/,True,ciclopirox,loprox,olamine 0_77 cream,tube of gel,309290,ciclopirox 7.7 MG/ML Topical Lotion,86.6,100.0,50.0,100,True,309291:ciclopirox 80 MG/ML Topical Solution(86.6); 313941:ciclopirox 0.0077 MG/MG Topical Gel(86.6)
https://www.costplusdrugs.com/medications/fluocinonide-0_0005-solution/,True,fluocinonide,lidex,0_0005 solution,tube of gel,310362,fluocinonide 0.0005 MG/MG Topical Gel,86.6,100.0,50.0,100,True,310364:fluocinonide 0.5 MG/ML Topical Solution(86.6)
https://www.costplusdrugs.com/medications/azelaic-acid-15-tube-of-gel-50-finacea/,True,azelaic acid,finacea,15 tube of gel 50,tube of gel,1041518,azelaic acid 0.15 MG/MG Topical Gel,86.6,100.0,50.0,100,False,
https://www.costplusdrugs.com/medications/erythromycin-2-tube-of-gel-60-erygel/,True,erythromycin,erygel,2 tube of gel 60,tube of gel,310152,erythromycin 0.02 MG/MG Topical Gel,86.6,100.0,50.0,100,True,244374:benzoyl peroxide 0.05 MG/MG / erythromycin 0.03 MG(86.6); 250697:erythromycin 0.04 MG/MG Topical Gel(86.6); 318202:erythromycin 20 MG/ML Topical Solution(86.6)
https://www.costplusdrugs.com/medications/betamethasone-dipropionate-augmented-0_0005-ointment/,True,betamethasone dipropionate augmented,diprolene,0_0005 ointment,tube of gel,197408,betamethasone 1 MG/ML Topical Lotion,86.6,100.0,50.0,100,True,848178:Augmented betamethasone 0.5 MG/ML Topical Lotion(86.6); 833461:betamethasone 0.5 MG/ML / calcipotriene 0.05 MG/ML(86.6); 848208:Augmented betamethasone 0.0005 MG/MG Topical Gel(86.6)
https://www.costplusdrugs.com/medications/clindamycin-tretinoin-1_2-0_025-tube-of-gel-30-ziana/,True,clindamycin-tretinoin,ziana,1_2 0_025 tube of gel 30,tube of gel,358917,benzoyl peroxide 0.05 MG/MG / clindamycin 0.01 MG/MG Topical Gel,86.6,100.0,50.0,100,True,1598470:benzoyl peroxide 0.0375 MG/MG / clindamycin phosph(86.6); 250939:tretinoin 0.5 MG/ML Topical Lotion(86.6); 1987644:tretinoin 0.0006 MG/MG Topical Gel(86.6)
https://www.costplusdrugs.com/medications/desonide-0_05-tube-of-gel-60-desonate/,True,desonide,desonate,0_05 tube of gel 60,tube of gel,197572,desonide 0.5 MG/ML Topical Lotion,86.6,100.0,50.0,100,True,669081:desonide 0.0005 MG/MG Topical Gel(86.6)
https://www.costplusdrugs.com/medications/tacrolimus-0_1-ointment-100g/,True,tacrolimus,protopic,0_1 ointment 100g,tube of ointment,314266,tacrolimus 0.001 MG/MG Topical Ointment,68.2,100.0,0.0,100,True,313189:tacrolimus 0.0003 MG/MG Topical Ointment(68.2)
https://www.costplusdrugs.com/medications/nitroglycerin-2-tube-of-ointment-30-nitro-bid/,False,nitroglycerin,nitro-bid ,2 tube of ointment 30,tube of ointment,207273,nitroglycerin 0.02 MG/MG Topical Ointment [Nitro-Bid],91.9,100.0,50.0,100,False,
https://www.costplusdrugs.com/medications/hydrocortisone-1-tube-of-ointment-28_35-cortizone-10/,True,hydrocortisone,cortizone-10,1 tube of ointment 28_35,tube of ointment,1116150,bacitracin zinc 0.4 UNT/MG / hydrocortisone acetate 0.01 MG/MG / neomycin sulfate 0.0035 MG/MG / polymyxin B sulfate 10 UNT/MG Ophthalmic Ointment,86.6,100.0,50.0,100,True,198707:hydrocortisone 5 MG/ML Topical Cream(86.6); 1116499:hydrocortisone acetate 10 MG/ML / pramoxine hydroc(86.6); 1370746:hydrocortisone probutate 1 MG/ML Topical Cream(86.6)
https://www.costplusdrugs.com/medications/bacitracin-zinc-500-unit-g-tube-of-ointment-28-baciguent/,True,bacitracin,baciguent,zinc 500 unit g tube of ointment 28,tube of ointment,1359363,bacitracin 0.5 UNT/MG / neomycin 0.0035 MG/MG / polymyxin B 10 UNT/MG Topical Ointment,86.6,100.0,50.0,100,True,308493:bacitracin 0.4 UNT/MG / neomycin 0.0035 MG/MG / po(86.6); 308498:bacitracin 0.5 UNT/MG / lidocaine 0.04 MG/MG / neo(86.6); 308508:bacitracin 0.5 UNT/MG Ophthalmic Ointment(86.6)
https://www.costplusdrugs.com/medications/bacitracin-polymyxin-b-500-10000-unit-gm-tube-of-ointment-3_5-polycin/,True,bacitracin-polymyxin b,polycin,500 10000 unit gm tube of ointment 3_5,tube of ointment,1359360,neomycin 3.5 MG/ML / polymyxin B 10000 UNT/ML / pramoxine hydrochloride 10 MG/ML Topical Cream,86.6,100.0,50.0,100,True,1359363:bacitracin 0.5 UNT/MG / neomycin 0.0035 MG/MG / po(86.6); 308493:bacitracin 0.4 UNT/MG / neomycin 0.0035 MG/MG / po(86.6); 308498:bacitracin 0.5 UNT/MG / lidocaine 0.04 MG/MG / neo(86.6)
https://www.costplusdrugs.com/medications/betamethasone-valerate-0_10-tube-of-ointment-15-betatrex/,True,betamethasone valerate,betatrex,0_10 tube of ointment 15,tube of ointment,197405,betamethasone 0.0005 MG/MG Topical Ointment,86.6,100.0,50.0,100,True,197407:betamethasone 1 MG/ML Topical Cream(86.6); 197409:betamethasone 0.001 MG/MG Topical Ointment(86.6); 388525:betamethasone 0.0005 MG/MG / calcipotriene 0.00005(86.6)
https://www.costplusdrugs.com/medications/fluticasonepropionate-0_05-cream/,True,fluticasone propionate,cutivate,0_05 cream,tube of ointment,895487,fluticasone propionate 0.00005 MG/MG Topical Ointment,86.6,100.0,50.0,100,True,895987:fluticasone propionate 0.5 MG/ML Topical Cream(86.6)
https://www.costplusdrugs.com/medications/diflorasone-diacetate-0_05-tube-of-ointment-60-florone/,True,diflorasone diacetate,florone,0_05 tube of ointment 60,tube of ointment,966607,diflorasone diacetate 0.0005 MG/MG Topical Ointment,86.6,100.0,50.0,100,True,966577:diflorasone diacetate 0.5 MG/ML Topical Cream(86.6)
https://www.costplusdrugs.com/medications/bacitra-neomycin-polymyxin-hc-1-tube-of-ointment-3_5-neo-polycin-hc/,True,bacitra-neomycin-polymyxin-hc,neo-polycin hc,1 tube of ointment 3_5,tube of ointment,1359360,neomycin 3.5 MG/ML / polymyxin B 10000 UNT/ML / pramoxine hydrochloride 10 MG/ML Topical Cream,86.6,100.0,50.0,100,True,1359363:bacitracin 0.5 UNT/MG / neomycin 0.0035 MG/MG / po(86.6); 308493:bacitracin 0.4 UNT/MG / neomycin 0.0035 MG/MG / po(86.6); 308498:bacitracin 0.5 UNT/MG / lidocaine 0.04 MG/MG / neo(86.6)
https://www.costplusdrugs.com/medications/neomycin-bacitracin-zn-polymyx-5-400-10000-tube-of-ointment-3_5-neo-polycin/,True,neomycin-bacitracin zn-polymyx,neo-polycin,5 400 10000 tube of ointment 3_5,tube of ointment,1359360,neomycin 3.5 MG/ML / polymyxin B 10000 UNT/ML / pramoxine hydrochloride 10 MG/ML Topical Cream,86.6,100.0,50.0,100,True,1359363:bacitracin 0.5 UNT/MG / neomycin 0.0035 MG/MG / po(86.6); 308493:bacitracin 0.4 UNT/MG / neomycin 0.0035 MG/MG / po(86.6); 308498:bacitracin 0.5 UNT/MG / lidocaine 0.04 MG/MG / neo(86.6)
https://www.costplusdrugs.com/medications/hydrocortisone-valerate-0_002-cream/,True,hydrocortisone valerate,westcort,0_002 cream,tube of ointment,1116150,bacitracin zinc 0.4 UNT/MG / hydrocortisone acetate 0.01 MG/MG / neomycin sulfate 0.0035 MG/MG / polymyxin B sulfate 10 UNT/MG Ophthalmic Ointment,86.6,100.0,50.0,100,True,198707:hydrocortisone 5 MG/ML Topical Cream(86.6); 1116499:hydrocortisone acetate 10 MG/ML / pramoxine hydroc(86.6); 1370746:hydrocortisone probutate 1 MG/ML Topical Cream(86.6)
https://www.costplusdrugs.com/medications/neomycin-polymyxin-dexameth-3_5-10000-0_1-tube-of-ointment-3_5-maxitrol/,True,neomycin-polymyxin-dexameth,maxitrol,3_5 10000 0_1 tube of ointment 3_5,tube of ointment,1359360,neomycin 3.5 MG/ML / polymyxin B 10000 UNT/ML / pramoxine hydrochloride 10 MG/ML Topical Cream,86.6,100.0,50.0,100,True,1359363:bacitracin 0.5 UNT/MG / neomycin 0.0035 MG/MG / po(86.6); 1089101:bacitracin 0.5 UNT/ML / lidocaine hydrochloride 40(86.6); 1542804:hydrocortisone acetate 5 MG/ML / neomycin 3.5 MG/M(86.6)
https://www.costplusdrugs.com/medications/triamcinoloneacetonide-0_1-paste5g/,True,triamcinolone acetonide,oralone,0_1 paste5g,tube of paste,1053697,nystatin 100 UNT/MG / triamcinolone acetonide 0.001 MG/MG Topical Ointment,68.2,100.0,0.0,100,True,1014314:triamcinolone acetonide 1 MG/ML Topical Cream(68.2); 1085996:triamcinolone hexacetonide 20 MG/ML Injectable Sus(68.2); 1053753:nystatin 100000 UNT/ML / triamcinolone acetonide 1(68.2)
https://www.costplusdrugs.com/medications/miconazolenitrate-2-vaginalcream/,True,miconazole nitrate,monistat,2 vaginalcream,vaginal cream,998540,miconazole nitrate 20 MG/ML Vaginal Cream,86.6,100.0,50.0,100,True,998544:miconazole nitrate 40 MG/ML Vaginal Cream(86.6); 857366:econazole nitrate 10 MG/ML Topical Cream(86.6); 831391:miconazole nitrate 0.0025 MG/MG / petrolatum 0.814(86.6)
https://www.costplusdrugs.com/medications/Metronidazole-0_0075-Gel/,True,metronidazole,metrogel-vaginal,0_0075 gel,vaginal gel,242736,metronidazole 7.5 MG/ML Topical Lotion,100.0,100.0,100.0,100,False,
https://www.costplusdrugs.com/medications/estradiol-10mcg-vaginaltablet8pack/,True,estradiol vaginal estrogen tablet insert,vagifem,estradiol 10mcg vaginaltablet8pack,vaginal tablet,577029,estradiol 1.8 MG Oral Tablet,68.2,100.0,0.0,100,True,577027:estradiol 0.45 MG Oral Tablet(68.2); 197657:estradiol 0.5 MG Oral Tablet(68.2); 197658:estradiol 1 MG Oral Tablet(68.2)
https://www.costplusdrugs.com/medications/ipratropium-bromide-0_06-solution-15ml/,True,ipratropium bromide,atrovent,0_06 solution 15ml,vial of solution,836358,ipratropium bromide 0.2 MG/ML Inhalation Solution,68.2,100.0,0.0,100,True,1437702:albuterol 0.833 MG/ML / ipratropium bromide 0.167 (68.2); 1797833:ipratropium bromide 0.021 MG/ACTUAT Metered Dose N(68.2); 1190220:120 ACTUAT albuterol 0.1 MG/ACTUAT / ipratropium b(68.2)
https://www.costplusdrugs.com/medications/norelgestromin-ethinyl-estradiol-150-35mcg-weekly-patch-zafemy/,True,norelgestromin-ethinyl estradiol,zafemy,150 35mcg weekly patch,weekly patch,2396242,168 HR ethinyl estradiol 0.00125 MG/HR / levonorgestrel 0.005 MG/HR Transdermal System,68.2,100.0,0.0,100,True,242333:168 HR estradiol 0.00104 MG/HR Transdermal System(68.2); 1251493:84 HR estradiol 0.00208 MG/HR / norethindrone acet(68.2); 1251499:84 HR estradiol 0.00208 MG/HR / norethindrone acet(68.2)
https://www.costplusdrugs.com/medications/orphenadrine-citrate-er-100mg-tablet/,True,orphenadrine citrate er,norflex,100mg tablet,extended release tablet,994521,12 HR orphenadrine citrate 100 MG Extended Release Oral Tablet,100.0,100.0,100.0,100,False,
https://www.costplusdrugs.com/medications/ritonavir-100mg-tablet/,True,ritonavir,norvir,100mg tablet,tablet,900577,ritonavir 100 MG Oral Tablet [Norvir],100.0,100.0,100.0,100,True,847745:lopinavir 100 MG / ritonavir 25 MG Oral Tablet [Ka(100.0)
https://www.costplusdrugs.com/medications/tiopronin-100mg-tablet-thiola/,True,tiopronin,thiola,100mg tablet,tablet,207840,tiopronin 100 MG Oral Tablet [Thiola],100.0,100.0,100.0,100,False,
https://www.costplusdrugs.com/medications/lamivudine-100mg-tablet-epivir-hbv/,True,lamivudine,epivir hbv,100mg tablet,tablet,2055813,doravirine 100 MG / lamivudine 300 MG / tenofovir disoproxil fumarate 300 MG Oral Tablet,100.0,100.0,100.0,100,True,205328:lamivudine 100 MG Oral Tablet(100)
https://www.costplusdrugs.com/medications/trimethoprim-100mg-tablet-proloprim/,True,trimethoprim,proloprim,100mg tablet,tablet,198332,trimethoprim 100 MG Oral Tablet,100.0,100.0,100.0,100,False,
https://www.costplusdrugs.com/medications/tolcapone-100mg-tablet-tasmar/,True,tolcapone,tasmar,100mg tablet,tablet,200220,tolcapone 100 MG Oral Tablet,100.0,100.0,100.0,100,False,
https://www.costplusdrugs.com/medications/DoxycyclineHyclate-100mg-Tablet/,True,doxycycline hyclate,lymepak,100mg tablet,tablet,830605,doxycycline monohydrate 100 MG Oral Tablet [Avidoxy],100.0,100.0,100.0,100,True,1650143:doxycycline hyclate 100 MG Oral Tablet(100)
https://www.costplusdrugs.com/medications/flavoxate-hcl-100mg-tablet-urispas/,True,flavoxate hcl,urispas,100mg tablet,tablet,1095229,flavoxate hydrochloride 100 MG Oral Tablet,100.0,100.0,100.0,100,False,
https://www.costplusdrugs.com/medications/rimantadine-hcl-100mg-tablet-flumadine/,True,rimantadine hcl,flumadine,100mg tablet,tablet,856605,rimantadine hydrochloride 100 MG Oral Tablet,100.0,100.0,100.0,100,False,
https://www.costplusdrugs.com/medications/flurbiprofen-100mg-tablet-ansaid/,True,flurbiprofen,ansaid,100mg tablet,tablet,2720355,flurbiprofen 100 MG Oral Tablet [Lurbiro],100.0,100.0,100.0,100,False,
https://www.costplusdrugs.com/medications/tretinoin-10mg-capsule-vesanoid/,True,tretinoin,vesanoid,10mg capsule,capsule,199159,tretinoin 10 MG Oral Capsule,100.0,100.0,100.0,100,False,
https://www.costplusdrugs.com/medications/methoxsalen-rapid-10mg-capsule-oxsoralen-ultra/,True,methoxsalen rapid,oxsoralen ultra,10mg capsule,capsule,197947,methoxsalen 10 MG Oral Capsule,100.0,100.0,100.0,100,False,
https://www.costplusdrugs.com/medications/nifedipine-10mg-capsule-procardia/,True,nifedipine,procardia,10mg capsule,capsule,198032,nifedipine 10 MG Oral Capsule,100.0,100.0,100.0,100,False,
https://www.costplusdrugs.com/medications/phenoxybenzamine-hcl-10mg-capsule-dibenzyline/,True,phenoxybenzamine hcl,dibenzyline,10mg capsule,capsule,861402,phenoxybenzamine hydrochloride 10 MG Oral Capsule,100.0,100.0,100.0,100,False,
https://www.costplusdrugs.com/medications/alfuzosinhcler-10mg-tablet/,True,alfuzosin hcl er,uroxatral,10mg tablet,extended release tablet,861132,24 HR alfuzosin hydrochloride 10 MG Extended Release Oral Tablet,100.0,100.0,100.0,100,False,
https://www.costplusdrugs.com/medications/dalfampridine-er-10mg-tablet/,True,dalfampridine er,ampyra,10mg tablet,extended release tablet,897025,12 HR dalfampridine 10 MG Extended Release Oral Tablet [Ampyra],100.0,100.0,100.0,100,False,
https://www.costplusdrugs.com/medications/ezetimibe-10mg-tablet/,True,ezetimibe,zetia,10mg tablet,tablet,2536064,ezetimibe 10 MG / rosuvastatin 40 MG Oral Tablet [Roszet],100.0,100.0,100.0,100,True,1245441:ezetimibe 10 MG / simvastatin 40 MG Oral Tablet [V(100.0); 2536066:ezetimibe 10 MG / rosuvastatin 5 MG Oral Tablet [R(100.0); 1422086:atorvastatin 10 MG / ezetimibe 10 MG Oral Tablet(100)
https://www.costplusdrugs.com/medications/adefovir-dipivoxil-10mg-tablet-hepsera/,True,adefovir dipivoxil,hepsera,10mg tablet,tablet,881341,adefovir dipivoxil 10 MG Oral Tablet,100.0,100.0,100.0,100,False,
https://www.costplusdrugs.com/medications/tranylcypromine-sulfate-10mg-tablet-parnate/,True,tranylcypromine sulfate,parnate,10mg tablet,tablet,313447,tranylcypromine 10 MG Oral Tablet,100.0,100.0,100.0,100,False,
https://www.costplusdrugs.com/medications/KetorolacTromethamine-10mg-Tablet/,True,ketorolac tromethamine,toradol,10mg tablet,tablet,834022,ketorolac tromethamine 10 MG Oral Tablet,100.0,100.0,100.0,100,False,
https://www.costplusdrugs.com/medications/rasagiline-mesylate-1mg-tablet-azilect/,True,rasagiline mesylate,azilect,1mg tablet,tablet,637185,rasagiline 1 MG Oral Tablet [Azilect],100.0,100.0,100.0,100,False,
https://www.costplusdrugs.com/medications/FolicAcid-1mg-Tablet/,True,folic acid,folic acid,1mg tablet,tablet,2670602,ferrous sulfate 175 MG / folic acid 1 MG Oral Tablet,100.0,100.0,100.0,100,True,2711570:folic acid 1 MG / vitamin B12 0.4 MG / vitamin B6 (100); 1116179:ascorbic acid 100 MG / calcium carbonate 200 MG / (100); 2283546:cholecalciferol 0.095 MG / folic acid 1 MG Oral Ta(100)
https://www.costplusdrugs.com/medications/alosetron-hcl-1mg-tablet-lotronex/,True,alosetron hcl,lotronex,1mg tablet,tablet,259306,alosetron 1 MG Oral Tablet,100.0,100.0,100.0,100,False,
https://www.costplusdrugs.com/medications/granisetron-hcl-1mg-tablet/,True,granisetron hcl,kytril,1mg tablet,tablet,310599,granisetron 1 MG Oral Tablet,100.0,100.0,100.0,100,False,
https://www.costplusdrugs.com/medications/everolimus-1mg-tablet-zortress/,True,everolimus,zortress,1mg tablet,tablet,2056895,everolimus 1 MG Oral Tablet,100.0,100.0,100.0,100,False,
https://www.costplusdrugs.com/medications/Anastrozole-1mg-Tablet/,True,anastrozole,arimidex,1mg tablet,tablet,199224,anastrozole 1 MG Oral Tablet,100.0,100.0,100.0,100,False,
https://www.costplusdrugs.com/medications/entecavir-1mg-tablet/,True,entecavir,baraclude,1mg tablet,tablet,578459,entecavir 1 MG Oral Tablet [Baraclude],100.0,100.0,100.0,100,False,
https://www.costplusdrugs.com/medications/emtricitabine-200mg-capsule-emtriva/,True,emtricitabine,emtriva,200mg capsule,capsule,403875,emtricitabine 200 MG Oral Capsule,100.0,100.0,100.0,100,False,
https://www.costplusdrugs.com/medications/progesterone-200mg-capsule/,True,progesterone,prometrium,200mg capsule,capsule,312641,progesterone 200 MG Oral Capsule,100.0,100.0,100.0,100,False,
https://www.costplusdrugs.com/medications/ribavirin-200mg-capsule-rebetol/,True,ribavirin,rebetol,200mg capsule,capsule,312817,ribavirin 200 MG Oral Capsule,100.0,100.0,100.0,100,False,
https://www.costplusdrugs.com/medications/benzonatate-200mg-capsule/,True,benzonatate,tessalon,200mg capsule,capsule,283417,benzonatate 200 MG Oral Capsule,100.0,100.0,100.0,100,False,
https://www.costplusdrugs.com/medications/sorafenib-tosylate-200mg-tablet-nexavar/,True,sorafenib tosylate,nexavar,200mg tablet,tablet,615979,sorafenib 200 MG Oral Tablet [Nexavar],100.0,100.0,100.0,100,False,
https://www.costplusdrugs.com/medications/cefpodoxime-proxetil-200mg-tablet-vantin/,True,cefpodoxime proxetil,vantin,200mg tablet,tablet,309078,cefpodoxime 200 MG Oral Tablet,100.0,100.0,100.0,100,False,
https://www.costplusdrugs.com/medications/albendazole-200mg-tablet/,True,albendazole,albenza,200mg tablet,tablet,199672,albendazole 200 MG Oral Tablet,100.0,100.0,100.0,100,False,
https://www.costplusdrugs.com/medications/Carbamazepine-200mg-Tablet/,True,carbamazepine,epitol,200mg tablet,tablet,197442,carbamazepine 200 MG Chewable Tablet,100.0,100.0,100.0,100,True,211817:carbamazepine 200 MG Oral Tablet [Epitol](100.0)
https://www.costplusdrugs.com/medications/sulindac-200mg-tablet-clinoril/,True,sulindac,clinoril,200mg tablet,tablet,198239,sulindac 200 MG Oral Tablet,100.0,100.0,100.0,100,False,
https://www.costplusdrugs.com/medications/etravirine-200mg-tablet-intelence/,True,etravirine,intelence,200mg tablet,tablet,1052658,etravirine 200 MG Oral Tablet,100.0,100.0,100.0,100,False,
https://www.costplusdrugs.com/medications/entacapone-200mg-tablet-comtan/,True,entacapone,comtan,200mg tablet,tablet,810083,carbidopa 31.25 MG / entacapone 200 MG / levodopa 125 MG Oral Tablet,100.0,100.0,100.0,100,True,261318:entacapone 200 MG Oral Tablet [Comtan](100.0); 404551:carbidopa 12.5 MG / entacapone 200 MG / levodopa 5(100.0)
https://www.costplusdrugs.com/medications/ribavirin-200mg-tablet-copegus/,True,ribavirin,copegus,200mg tablet,tablet,248109,ribavirin 200 MG Oral Tablet,100.0,100.0,100.0,100,False,
https://www.costplusdrugs.com/medications/rabeprazole-sodium-dr-20mg-tablet/,True,rabeprazole sodium dr,aciphex,20mg tablet,delayed release tablet,854868,rabeprazole sodium 20 MG Delayed Release Oral Tablet,100.0,100.0,100.0,100,False,
https://www.costplusdrugs.com/medications/omeprazole-magnesium-delayed-release-dr-20mg-tablet/,True,omeprazole magnesium delayed release (dr),prilosec otc,20mg tablet,delayed release tablet,608796,omeprazole 20 MG Delayed Release Oral Tablet [Prilosec],100.0,100.0,100.0,100,False,
https://www.costplusdrugs.com/medications/isosorbide-mononitrate-20mg-tablet-monoket/,True,isosorbide mononitrate,monoket,20mg tablet,tablet,311197,isosorbide mononitrate 20 MG Oral Tablet,100.0,100.0,100.0,100,True,905377:hydralazine hydrochloride 37.5 MG / isosorbide din(100); 206842:isosorbide dinitrate 20 MG Oral Tablet(100)
https://www.costplusdrugs.com/medications/leflunomide-20mg-tablet/,True,leflunomide,arava,20mg tablet,tablet,213379,leflunomide 20 MG Oral Tablet [Arava],100.0,100.0,100.0,100,False,
https://www.costplusdrugs.com/medications/zafirlukast-20mg-tablet-accolate/,True,zafirlukast,accolate,20mg tablet,tablet,211776,zafirlukast 20 MG Oral Tablet [Accolate],100.0,100.0,100.0,100,False,
https://www.costplusdrugs.com/medications/betaxolol-hcl-20mg-tablet-kerlone/,True,betaxolol hcl,kerlone,20mg tablet,tablet,1297757,betaxolol hydrochloride 20 MG Oral Tablet,100.0,100.0,100.0,100,False,
https://www.costplusdrugs.com/medications/sildenafilcitrate-20mg-tablet/,True,sildenafil citrate,revatio,20mg tablet,tablet,577033,sildenafil 20 MG Oral Tablet,100.0,100.0,100.0,100,False,
https://www.costplusdrugs.com/medications/tamoxifencitrate-20mg-tablet/,True,tamoxifen citrate,nolvadex,20mg tablet,tablet,313195,tamoxifen 20 MG Oral Tablet,100.0,100.0,100.0,100,False,
https://www.costplusdrugs.com/medications/tadalafil-pah-20mg-tablet-adcirca/,True,tadalafil (pah),adcirca,20mg tablet,tablet,402019,tadalafil 20 MG Oral Tablet,100.0,100.0,100.0,100,True,2677765:macitentan 10 MG / tadalafil 20 MG Oral Tablet(100); 849866:Pulmonary Hypertension tadalafil 20 MG Oral Tablet(100.0)
https://www.costplusdrugs.com/medications/trospium-chloride-20mg-tablet-sanctura/,True,trospium chloride,sanctura,20mg tablet,tablet,857560,trospium chloride 20 MG Oral Tablet,100.0,100.0,100.0,100,False,
https://www.costplusdrugs.com/medications/penicillamine-250mg-capsule/,True,penicillamine,cuprimine,250mg capsule,bottle of capsules,207369,penicillamine 250 MG Oral Capsule [Cuprimine],100.0,100.0,100.0,100,False,
https://www.costplusdrugs.com/medications/mefenamic-acid-250mg-capsule-ponstel/,True,mefenamic acid,ponstel,250mg capsule,capsule,829500,mefenamic acid 250 MG Oral Capsule,100.0,100.0,100.0,100,False,
https://www.costplusdrugs.com/medications/vancomycin-250mg-capsule/,True,vancomycin,vancocin hcl,250mg capsule,capsule,313571,vancomycin 250 MG Oral Capsule,100.0,100.0,100.0,100,False,
https://www.costplusdrugs.com/medications/mexiletine-hcl-250mg-capsule-mexitil/,True,mexiletine hcl,mexitil,250mg capsule,capsule,1362720,mexiletine hydrochloride 250 MG Oral Capsule,100.0,100.0,100.0,100,False,
https://www.costplusdrugs.com/medications/trientine-hcl-250mg-capsule/,True,trientine hcl,syprine,250mg capsule,capsule,313472,trientine hydrochloride 250 MG Oral Capsule,100.0,100.0,100.0,100,False,
https://www.costplusdrugs.com/medications/TerbinafineHCl-250mg-Tablet/,True,terbinafine hcl,lamisil,250mg tablet,tablet,313222,terbinafine 250 MG Oral Tablet,100.0,100.0,100.0,100,False,
https://www.costplusdrugs.com/medications/griseofulvin-ultramicrosize-250mg-tablet-gris-peg/,True,griseofulvin ultramicrosize,gris-peg,250mg tablet,tablet,239239,griseofulvin 250 MG Oral Tablet,100.0,100.0,100.0,100,False,
https://www.costplusdrugs.com/medications/cephalexin-250mg-tablet-keftab/,True,cephalexin,keftab,250mg tablet,tablet,309115,cephalexin 250 MG Oral Tablet,100.0,100.0,100.0,100,False,
https://www.costplusdrugs.com/medications/ursodiol-250mg-tablet-urso-250/,True,ursodiol,urso 250,250mg tablet,tablet,858752,ursodiol 250 MG Oral Tablet [Urso],100.0,100.0,100.0,100,False,
https://www.costplusdrugs.com/medications/penicillin-v-potassium-250mg-tablet/,True,penicillin v potassium,beepen-vk,250mg tablet,tablet,834061,penicillin V potassium 250 MG Oral Tablet,100.0,100.0,100.0,100,True,2465554:magnesium sulfate 225 MG / potassium chloride 188 (100)
https://www.costplusdrugs.com/medications/penicillamine-250mg-tablet-depen-titratabs/,True,penicillamine,depen titratabs,250mg tablet,tablet,207370,penicillamine 250 MG Oral Tablet [Depen],100.0,100.0,100.0,100,False,
https://www.costplusdrugs.com/medications/acetazolamide-250mg-tablet/,True,acetazolamide,diamox,250mg tablet,tablet,197304,acetazolamide 250 MG Oral Tablet,100.0,100.0,100.0,100,False,
https://www.costplusdrugs.com/medications/mefloquine-hcl-250mg-tablet-lariam/,True,mefloquine hcl,lariam,250mg tablet,tablet,835913,mefloquine hydrochloride 250 MG Oral Tablet,100.0,100.0,100.0,100,False,
https://www.costplusdrugs.com/medications/disulfiram-250mg-tablet-antabuse/,True,disulfiram,antabuse,250mg tablet,tablet,197623,disulfiram 250 MG Oral Tablet,100.0,100.0,100.0,100,False,
https://www.costplusdrugs.com/medications/lapatinib-ditosylate-250mg-tablet-tykerb/,True,lapatinib ditosylate,tykerb,250mg tablet,tablet,672152,lapatinib 250 MG Oral Tablet [Tykerb],100.0,100.0,100.0,100,False,
https://www.costplusdrugs.com/medications/molindone-hcl-25mg-tablet-moban/,True,molindone hcl,moban,25mg tablet,tablet,1298906,molindone hydrochloride 25 MG Oral Tablet,100.0,100.0,100.0,100,False,
https://www.costplusdrugs.com/medications/diclofenac-potassium-25mg-tablet-lofena/,True,diclofenac potassium,lofena,25mg tablet,tablet,1537082,potassium bicarbonate 25 MEQ Effervescent Oral Tablet [Klor-Con/EF],100.0,100.0,100.0,100,True,857702:diclofenac potassium 25 MG Oral Tablet(100)
https://www.costplusdrugs.com/medications/pyrimethamine-25mg-tablet-daraprim/,True,pyrimethamine,daraprim,25mg tablet,tablet,201912,pyrimethamine 25 MG Oral Tablet [Daraprim],100.0,100.0,100.0,100,False,
https://www.costplusdrugs.com/medications/carbidopa-25mg-tablet-lodosyn/,True,carbidopa,lodosyn,25mg tablet,tablet,403851,carbidopa 25 MG / entacapone 200 MG / levodopa 100 MG Oral Tablet,100.0,100.0,100.0,100,True,260260:carbidopa 25 MG Oral Tablet(100); 2586032:carbidopa 25 MG / levodopa 100 MG Oral Tablet [Dhi(100.0); 197445:carbidopa 25 MG / levodopa 250 MG Oral Tablet(100)
https://www.costplusdrugs.com/medications/tetrabenazine-25mg-tablet-xenazine/,True,tetrabenazine,xenazine,25mg tablet,tablet,199592,tetrabenazine 25 MG Oral Tablet,100.0,100.0,100.0,100,False,
https://www.costplusdrugs.com/medications/exemestane-25mg-tablet-aromasin/,True,exemestane,aromasin,25mg tablet,tablet,310261,exemestane 25 MG Oral Tablet,100.0,100.0,100.0,100,False,
https://www.costplusdrugs.com/medications/meclizine-hcl-25mg-tablet-travel-ease/,True,meclizine hcl,travel-ease,25mg tablet,tablet,2706368,meclizine hydrochloride 25 MG Oral Tablet [Pepto Nausea],100.0,100.0,100.0,100,True,2273509:meclizine hydrochloride 25 MG Chewable Tablet [Ant(100.0)
https://www.costplusdrugs.com/medications/ethacrynic-acid-25mg-tablet/,True,ethacrynic acid,edecrin,25mg tablet,tablet,1251903,ethacrynic acid 25 MG Oral Tablet,100.0,100.0,100.0,100,False,
https://www.costplusdrugs.com/medications/indapamide-2_5mg-tablet-lozol/,True,indapamide,lozol,2_5mg tablet,tablet,2727460,amlodipine 2.5 MG / indapamide 1.25 MG / telmisartan 20 MG Oral Tablet,100.0,100.0,100.0,100,True,2727463:amlodipine 5 MG / indapamide 2.5 MG / telmisartan (100); 197816:indapamide 2.5 MG Oral Tablet(100)
https://www.costplusdrugs.com/medications/minoxidil-2_5mg-tablet-loniten/,True,minoxidil,loniten,2_5mg tablet,tablet,197987,minoxidil 2.5 MG Oral Tablet,100.0,100.0,100.0,100,False,
https://www.costplusdrugs.com/medications/midodrine-hcl-2_5mg-tablet-proamatine/,True,midodrine hcl,proamatine,2_5mg tablet,tablet,993466,midodrine hydrochloride 2.5 MG Oral Tablet,100.0,100.0,100.0,100,False,
https://www.costplusdrugs.com/medications/methscopolamine-bromide-2_5mg-tablet-pamine/,True,methscopolamine bromide,pamine,2_5mg tablet,tablet,314088,methscopolamine bromide 2.5 MG Oral Tablet,100.0,100.0,100.0,100,False,
https://www.costplusdrugs.com/medications/methotrexate-2_5mg-tablet/,True,methotrexate,"trexall, rheumatrex",2_5mg tablet,tablet,105585,methotrexate 2.5 MG Oral Tablet,100.0,100.0,100.0,100,False,
https://www.costplusdrugs.com/medications/letrozole-2_5mg-tablet/,True,letrozole,femara,2_5mg tablet,tablet,200064,letrozole 2.5 MG Oral Tablet,100.0,100.0,100.0,100,False,
https://www.costplusdrugs.com/medications/frovatriptan-succinate-2_5mg-tablet-frova/,True,frovatriptan succinate,frova,2_5mg tablet,tablet,349462,frovatriptan 2.5 MG Oral Tablet,100.0,100.0,100.0,100,False,
https://www.costplusdrugs.com/medications/tolterodine-tartrate-2mg-tablet/,True,tolterodine tartrate,detrol,2mg tablet,tablet,855194,tolterodine tartrate 2 MG Oral Tablet,100.0,100.0,100.0,100,False,
https://www.costplusdrugs.com/medications/bumetanide-2mg-tablet-bumex/,True,bumetanide,bumex,2mg tablet,tablet,197419,bumetanide 2 MG Oral Tablet,100.0,100.0,100.0,100,False,
https://www.costplusdrugs.com/medications/benztropine-mesylate-2mg-tablet/,True,benztropine mesylate,cogentin,2mg tablet,tablet,885209,benztropine mesylate 2 MG Oral Tablet,100.0,100.0,100.0,100,False,
https://www.costplusdrugs.com/medications/glycopyrrolate-2mg-tablet/,True,glycopyrrolate,robinul,2mg tablet,tablet,197739,glycopyrrolate 2 MG Oral Tablet,100.0,100.0,100.0,100,False,
https://www.costplusdrugs.com/medications/repaglinide-2mg-tablet-prandin/,True,repaglinide,prandin,2mg tablet,tablet,200258,repaglinide 2 MG Oral Tablet,100.0,100.0,100.0,100,False,
https://www.costplusdrugs.com/medications/everolimus-2mg-tablet-afinitor-disperz/,True,everolimus,afinitor disperz,2mg tablet,tablet,977427,everolimus 0.25 MG Oral Tablet,68.2,100.0,0.0,100,True,977434:everolimus 0.5 MG Oral Tablet(68.2); 977438:everolimus 0.75 MG Oral Tablet(68.2); 1119400:everolimus 7.5 MG Oral Tablet(68.2)
https://www.costplusdrugs.com/medications/pimozide-2mg-tablet-orap/,True,pimozide,orap,2mg tablet,tablet,198103,pimozide 2 MG Oral Tablet,100.0,100.0,100.0,100,False,
https://www.costplusdrugs.com/medications/guanfacine-hcl-2mg-tablet-tenex/,True,guanfacine hcl,tenex,2mg tablet,tablet,197746,guanfacine 2 MG Oral Tablet,100.0,100.0,100.0,100,False,
https://www.costplusdrugs.com/medications/sirolimus-2mg-tablet/,True,sirolimus,rapamune,2mg tablet,tablet,360110,sirolimus 2 MG Oral Tablet,100.0,100.0,100.0,100,False,
https://www.costplusdrugs.com/medications/ursodiol-300mg-capsule/,True,ursodiol,actigall,300mg capsule,capsule,858747,ursodiol 300 MG Oral Capsule,100.0,100.0,100.0,100,False,
https://www.costplusdrugs.com/medications/droxidopa-300mg-capsule/,True,droxidopa,northera,300mg capsule,capsule,1490038,droxidopa 300 MG Oral Capsule,100.0,100.0,100.0,100,False,
https://www.costplusdrugs.com/medications/Cefdinir-300mg-Capsule/,True,cefdinir,omnicef,300mg capsule,capsule,200346,cefdinir 300 MG Oral Capsule,100.0,100.0,100.0,100,False,
https://www.costplusdrugs.com/medications/nizatidine-300mg-capsule-axid/,True,nizatidine,axid,300mg capsule,capsule,198041,nizatidine 300 MG Oral Capsule,100.0,100.0,100.0,100,False,
https://www.costplusdrugs.com/medications/rifampin-300mg-capsule/,True,rifampin,rifadin,300mg capsule,capsule,201868,rifampin 300 MG Oral Capsule [Rifadin],100.0,100.0,100.0,100,False,
https://www.costplusdrugs.com/medications/lithium-carbonate-300mg-tablet-lithotabs/,True,lithium carbonate,lithotabs,300mg tablet,capsule,197889,lithium carbonate 300 MG Oral Capsule,100.0,100.0,100.0,100,True,197890:lithium carbonate 300 MG Oral Tablet(97.1)
https://www.costplusdrugs.com/medications/bupropionxl-300mg-tablet/,True,bupropion xl,wellbutrin xl,300mg tablet,extended release tablet,993557,24 HR bupropion hydrochloride 300 MG Extended Release Oral Tablet,100.0,100.0,100.0,100,False,
https://www.costplusdrugs.com/medications/lithiumcarbonateextendedreleaseer-300mg-tablet/,True,lithium carbonate extended release (er),lithobid,300mg tablet,extended release tablet,197891,lithium carbonate 300 MG Extended Release Oral Tablet,100.0,100.0,100.0,100,False,
https://www.costplusdrugs.com/medications/allopurinol-300mg-tablet/,True,allopurinol,zyloprim,300mg tablet,tablet,197320,allopurinol 300 MG Oral Tablet,100.0,100.0,100.0,100,True,1944779:allopurinol 300 MG / lesinurad 200 MG Oral Tablet(100)
https://www.costplusdrugs.com/medications/tenofovirdisoproxilfumarate-300mg-tablet/,True,tenofovir disoproxil fumarate,viread,300mg tablet,tablet,2001424,efavirenz 400 MG / lamivudine 300 MG / tenofovir disoproxil fumarate 300 MG Oral Tablet,100.0,100.0,100.0,100,True,349251:tenofovir disoproxil fumarate 300 MG Oral Tablet(100); 2043464:efavirenz 600 MG / lamivudine 300 MG / tenofovir d(100.0); 2055813:doravirine 100 MG / lamivudine 300 MG / tenofovir (100)
https://www.costplusdrugs.com/medications/quinidine-sulfate-300mg-tablet-quinora/,True,quinidine sulfate,quinora,300mg tablet,tablet,852913,quinidine sulfate 300 MG Oral Tablet,100.0,100.0,100.0,100,False,
https://www.costplusdrugs.com/medications/maraviroc-300mg-tablet-selzentry/,True,maraviroc,selzentry,300mg tablet,tablet,728225,maraviroc 300 MG Oral Tablet,100.0,100.0,100.0,100,False,
https://www.costplusdrugs.com/medications/propafenone-hcl-300mg-tablet-rythmol/,True,propafenone hcl,rythmol,300mg tablet,tablet,861430,propafenone hydrochloride 300 MG Oral Tablet,100.0,100.0,100.0,100,False,
https://www.costplusdrugs.com/medications/aliskiren-fumarate-300mg-tablet-tekturna/,True,aliskiren fumarate,tekturna,300mg tablet,tablet,1011739,aliskiren 300 MG Oral Tablet,100.0,100.0,100.0,100,True,1011750:aliskiren 300 MG / hydrochlorothiazide 12.5 MG Ora(100); 1011753:aliskiren 300 MG / hydrochlorothiazide 25 MG Oral (100)
https://www.costplusdrugs.com/medications/labetalolhcl-300mg-tablet/,True,labetalol hcl,normodyne,300mg tablet,tablet,896783,labetalol hydrochloride 300 MG Oral Tablet [Trandate],100.0,100.0,100.0,100,False,
https://www.costplusdrugs.com/medications/demeclocycline-hcl-300mg-tablet-declomycin/,True,demeclocycline hcl,declomycin,300mg tablet,tablet,905347,demeclocycline hydrochloride 300 MG Oral Tablet,100.0,100.0,100.0,100,False,
https://www.costplusdrugs.com/medications/abacavir-sulfate-300mg-tablet-ziagen/,True,abacavir sulfate,ziagen,300mg tablet,tablet,602393,abacavir 600 MG / lamivudine 300 MG Oral Tablet,100.0,100.0,100.0,100,True,285028:abacavir 300 MG / lamivudine 150 MG / zidovudine 3(100.0); 213460:abacavir 300 MG Oral Tablet [Ziagen](100.0)
https://www.costplusdrugs.com/medications/lamivudine-300mg-tablet-epivir/,True,lamivudine,epivir,300mg tablet,tablet,2055813,doravirine 100 MG / lamivudine 300 MG / tenofovir disoproxil fumarate 300 MG Oral Tablet,100.0,100.0,100.0,100,True,1546888:abacavir 600 MG / dolutegravir 50 MG / lamivudine (100); 2001424:efavirenz 400 MG / lamivudine 300 MG / tenofovir d(100)
https://www.costplusdrugs.com/medications/hydroxychloroquine-sulfate-400mg-tablet/,True,hydroxychloroquine sulfate,plaquenil,400mg tablet,tablet,1119312,hydroxychloroquine sulfate 400 MG Oral Tablet,100.0,100.0,100.0,100,False,
https://www.costplusdrugs.com/medications/guaifenesin-400mg-tablet-bidex/,True,guaifenesin,bidex,400mg tablet,tablet,1298443,guaifenesin 400 MG / pseudoephedrine hydrochloride 60 MG Oral Tablet,100.0,100.0,100.0,100,True,1427998:dextromethorphan hydrobromide 20 MG / guaifenesin (100); 1089055:codeine phosphate 10 MG / guaifenesin 400 MG / pse(100); 1089058:codeine phosphate 10 MG / guaifenesin 400 MG / pse(100)
https://www.costplusdrugs.com/medications/imatinib-400mg-tablet/,True,imatinib,gleevec,400mg tablet,tablet,403879,imatinib 400 MG Oral Tablet,100.0,100.0,100.0,100,False,
https://www.costplusdrugs.com/medications/amiodarone-hcl-400mg-tablet/,True,amiodarone hcl,pacerone,400mg tablet,tablet,834348,amiodarone hydrochloride 400 MG Oral Tablet,100.0,100.0,100.0,100,False,
https://www.costplusdrugs.com/medications/ethambutol-hcl-400mg-tablet-myambutol/,True,ethambutol hcl,myambutol,400mg tablet,tablet,995609,ethambutol hydrochloride 400 MG Oral Tablet [Myambutol],100.0,100.0,100.0,100,False,
https://www.costplusdrugs.com/medications/ofloxacin-400mg-tablet-floxin/,True,ofloxacin,floxin,400mg tablet,tablet,198050,ofloxacin 400 MG Oral Tablet,100.0,100.0,100.0,100,False,
https://www.costplusdrugs.com/medications/moxifloxacin-hcl-400mg-tablet/,True,moxifloxacin hcl,avelox,400mg tablet,tablet,311787,moxifloxacin 400 MG Oral Tablet,100.0,100.0,100.0,100,False,
https://www.costplusdrugs.com/medications/CitalopramHydrobromide-40mg-Tablet/,True,citalopram hydrobromide,celexa,40mg tablet,tablet,213345,citalopram 40 MG Oral Tablet [Celexa],100.0,100.0,100.0,100,False,
https://www.costplusdrugs.com/medications/eletriptan-hydrobromide-40mg-tablet-relpax/,True,eletriptan hydrobromide,relpax,40mg tablet,tablet,404444,eletriptan 40 MG Oral Tablet [Relpax],100.0,100.0,100.0,100,False,
https://www.costplusdrugs.com/medications/megestrol-acetate-40mg-tablet-megace/,True,megestrol acetate,megace,40mg tablet,tablet,860221,megestrol acetate 40 MG Oral Tablet,100.0,100.0,100.0,100,False,
https://www.costplusdrugs.com/medications/vilazodone-hcl-40mg-tablet/,True,vilazodone hcl,viibryd,40mg tablet,tablet,1086784,vilazodone hydrochloride 40 MG Oral Tablet,100.0,100.0,100.0,100,False,
https://www.costplusdrugs.com/medications/lovastatin-40mg-tablet/,True,lovastatin,mevacor,40mg tablet,tablet,197905,lovastatin 40 MG Oral Tablet,100.0,100.0,100.0,100,False,
https://www.costplusdrugs.com/medications/fosinopril-sodium-40mg-tablet-monopril/,True,fosinopril sodium,monopril,40mg tablet,tablet,857187,fosinopril sodium 40 MG Oral Tablet,100.0,100.0,100.0,100,False,
https://www.costplusdrugs.com/medications/carbinoxamine-maleate-4mg-tablet-arbinoxa/,True,carbinoxamine maleate,arbinoxa,4mg tablet,tablet,1012904,carbinoxamine maleate 4 MG Oral Tablet,100.0,100.0,100.0,100,False,
https://www.costplusdrugs.com/medications/Risperidone-4mg-Tablet/,True,risperidone,risperdal,4mg tablet,tablet,104784,risperidone 4 MG Oral Tablet [Risperdal],100.0,100.0,100.0,100,False,
https://www.costplusdrugs.com/medications/CyproheptadineHCl-4mg-Tablet/,True,cyproheptadine hcl,periactin,4mg tablet,tablet,866144,cyproheptadine hydrochloride 4 MG Oral Tablet,100.0,100.0,100.0,100,False,
https://www.costplusdrugs.com/medications/albuterol-sulfate-4mg-tablet-proventil/,True,albuterol sulfate,proventil,4mg tablet,tablet,197318,albuterol 4 MG Oral Tablet,100.0,100.0,100.0,100,False,
https://www.costplusdrugs.com/medications/trandolapril-4mg-tablet-mavik/,True,trandolapril,mavik,4mg tablet,tablet,199352,trandolapril 4 MG Oral Tablet,100.0,100.0,100.0,100,False,
https://www.costplusdrugs.com/medications/glimepiride-4mg-tablet/,True,glimepiride,amaryl,4mg tablet,tablet,731457,glimepiride 4 MG / pioglitazone 30 MG Oral Tablet [Duetact],100.0,100.0,100.0,100,True,199247:glimepiride 4 MG Oral Tablet(100)
https://www.costplusdrugs.com/medications/tiagabine-hcl-4mg-tablet-gabitril/,True,tiagabine hcl,gabitril,4mg tablet,tablet,1299978,tiagabine hydrochloride 4 MG Oral Tablet [Gabitril],100.0,100.0,100.0,100,False,
https://www.costplusdrugs.com/medications/tetracycline-hcl-500mg-capsule/,True,tetracycline hcl,achromycin v,500mg capsule,capsule,198252,tetracycline hydrochloride 500 MG Oral Capsule,100.0,100.0,100.0,100,False,
https://www.costplusdrugs.com/medications/cefaclor-500mg-capsule-ceclor/,True,cefaclor,ceclor,500mg capsule,capsule,197449,cefaclor 500 MG Oral Capsule,100.0,100.0,100.0,100,False,
https://www.costplusdrugs.com/medications/cefadroxil-500mg-capsule/,True,cefadroxil,duricef,500mg capsule,capsule,309049,cefadroxil 500 MG Oral Capsule,100.0,100.0,100.0,100,False,
https://www.costplusdrugs.com/medications/hydroxyurea-500mg-capsule-hydrea/,True,hydroxyurea,hydrea,500mg capsule,capsule,197797,hydroxyurea 500 MG Oral Capsule,100.0,100.0,100.0,100,False,
https://www.costplusdrugs.com/medications/flucytosine-500mg-capsule/,True,flucytosine,ancobon,500mg capsule,capsule,207127,flucytosine 500 MG Oral Capsule [Ancobon],100.0,100.0,100.0,100,False,
https://www.costplusdrugs.com/medications/dicloxacillin-sodium-500mg-capsule-dycill/,True,dicloxacillin sodium,dycill,500mg capsule,capsule,197596,dicloxacillin 500 MG Oral Capsule,100.0,100.0,100.0,100,False,
https://www.costplusdrugs.com/medications/ampicillin-500mg-capsule-principen/,True,ampicillin,principen,500mg capsule,capsule,308212,ampicillin 500 MG Oral Capsule,100.0,100.0,100.0,100,False,
https://www.costplusdrugs.com/medications/acetazolamide-er-500mg-capsule/,True,acetazolamide er,diamox sequels,500mg capsule,extended release capsule,562524,12 HR acetazolamide 500 MG Extended Release Oral Capsule,100.0,100.0,100.0,100,False,
https://www.costplusdrugs.com/medications/mycophenolatemofetil-500mg-tablet/,True,mycophenolate mofetil,cellcept,500mg tablet,capsule,200060,mycophenolate mofetil 500 MG Oral Tablet,97.1,100.0,100.0,50,False,
https://www.costplusdrugs.com/medications/etodolac-500mg-tablet/,True,etodolac,lodine,500mg tablet,capsule,199390,etodolac 500 MG Oral Tablet,97.1,100.0,100.0,50,False,
https://www.costplusdrugs.com/medications/clarithromycin-er-500mg-tablet/,True,clarithromycin er,biaxin xl,500mg tablet,extended release tablet,359385,24 HR clarithromycin 500 MG Extended Release Oral Tablet,100.0,100.0,100.0,100,False,
https://www.costplusdrugs.com/medications/divalproexsodiumextendedreleaseer-500mg-tablet/,True,divalproex sodium extended release (er),depakote er,500mg tablet,extended release tablet,1099569,24 HR divalproex sodium 500 MG Extended Release Oral Tablet,100.0,100.0,100.0,100,False,
https://www.costplusdrugs.com/medications/ranolazineextendedreleaseer-500mg-tablet/,True,ranolazine extended release (er),ranexa,500mg tablet,extended release tablet,616749,12 HR ranolazine 500 MG Extended Release Oral Tablet,100.0,100.0,100.0,100,False,
https://www.costplusdrugs.com/medications/clarithromycin-500mg-tablet/,True,clarithromycin,biaxin,500mg tablet,tablet,197517,clarithromycin 500 MG Oral Tablet,100.0,100.0,100.0,100,False,
https://www.costplusdrugs.com/medications/ursodiol-500mg-tablet-urso-forte/,True,ursodiol,urso forte,500mg tablet,tablet,858733,ursodiol 500 MG Oral Tablet,100.0,100.0,100.0,100,False,
https://www.costplusdrugs.com/medications/deferiprone-500mg-tablet-ferriprox/,True,deferiprone,ferriprox,500mg tablet,tablet,1190357,deferiprone 500 MG Oral Tablet [Ferriprox],100.0,100.0,100.0,100,False,
https://www.costplusdrugs.com/medications/capecitabine-500mg-tablet/,True,capecitabine,xeloda,500mg tablet,tablet,200328,capecitabine 500 MG Oral Tablet,100.0,100.0,100.0,100,False,
https://www.costplusdrugs.com/medications/diflunisal-500mg-tablet-dolobid/,True,diflunisal,dolobid,500mg tablet,tablet,197603,diflunisal 500 MG Oral Tablet,100.0,100.0,100.0,100,False,
https://www.costplusdrugs.com/medications/cefuroximeaxetil-500mg-tablet/,True,cefuroxime axetil,ceftin,500mg tablet,tablet,309098,cefuroxime 500 MG Oral Tablet,100.0,100.0,100.0,100,False,
https://www.costplusdrugs.com/medications/probenecid-500mg-tablet-benemid/,True,probenecid,benemid,500mg tablet,tablet,198152,probenecid 500 MG Oral Tablet,100.0,100.0,100.0,100,True,198153:colchicine 0.5 MG / probenecid 500 MG Oral Tablet(100); 2717850:probenecid 500 MG / sulopenem etzadroxil 500 MG Or(100.0)
https://www.costplusdrugs.com/medications/famciclovir-500mg-tablet-famvir/,True,famciclovir,famvir,500mg tablet,tablet,206853,famciclovir 500 MG Oral Tablet [Famvir],100.0,100.0,100.0,100,False,
https://www.costplusdrugs.com/medications/sodium-phenylbutyrate-500mg-tablet-buphenyl/,True,sodium phenylbutyrate,buphenyl,500mg tablet,tablet,213196,sodium phenylbutyrate 500 MG Oral Tablet [Buphenyl],100.0,100.0,100.0,100,False,
https://www.costplusdrugs.com/medications/cefprozil-500mg-tablet-cefzil/,True,cefprozil,cefzil,500mg tablet,tablet,197453,cefprozil 500 MG Oral Tablet,100.0,100.0,100.0,100,False,
https://www.costplusdrugs.com/medications/Metronidazole-500mg-Tablet/,True,metronidazole,flagyl,500mg tablet,tablet,311681,metronidazole 500 MG Oral Tablet,100.0,100.0,100.0,100,False,
https://www.costplusdrugs.com/medications/nitazoxanide-500mg-tablet-alinia/,True,nitazoxanide,alinia,500mg tablet,tablet,540617,nitazoxanide 500 MG Oral Tablet [Alinia],100.0,100.0,100.0,100,False,
https://www.costplusdrugs.com/medications/aminocaproic-acid-500mg-tablet-amicar/,True,aminocaproic acid,amicar,500mg tablet,tablet,211465,6-aminocaproic acid 500 MG Oral Tablet [Amicar],100.0,100.0,100.0,100,False,
https://www.costplusdrugs.com/medications/neomycin-sulfate-500mg-tablet-mycifradin/,True,neomycin sulfate,mycifradin,500mg tablet,tablet,866042,neomycin sulfate 500 MG Oral Tablet,100.0,100.0,100.0,100,False,
https://www.costplusdrugs.com/medications/sulfasalazine-500mg-tablet-azulfidine/,True,sulfasalazine,azulfidine,500mg tablet,tablet,208437,sulfasalazine 500 MG Oral Tablet [Azulfidine],100.0,100.0,100.0,100,False,
https://www.costplusdrugs.com/medications/abiraterone-acetate-500mg-tablet-zytiga/,True,abiraterone acetate,zytiga,500mg tablet,tablet,1918042,abiraterone acetate 500 MG Oral Tablet,100.0,100.0,100.0,100,True,2645244:abiraterone acetate 500 MG / niraparib 50 MG Oral (100); 2645251:abiraterone acetate 500 MG / niraparib 100 MG Oral(100)
https://www.costplusdrugs.com/medications/chlorzoxazone-500mg-tablet-parafon-forte-dsc/,True,chlorzoxazone,parafon forte dsc,500mg tablet,tablet,197502,chlorzoxazone 500 MG Oral Tablet,100.0,100.0,100.0,100,False,
https://www.costplusdrugs.com/medications/valacyclovir-500mg-tablet/,True,valacyclovir,valtrex,500mg tablet,tablet,313565,valacyclovir 500 MG Oral Tablet,100.0,100.0,100.0,100,False,
https://www.costplusdrugs.com/medications/tinidazole-500mg-tablet-tindamax/,True,tinidazole,tindamax,500mg tablet,tablet,539811,tinidazole 500 MG Oral Tablet [Tindamax],100.0,100.0,100.0,100,False,
https://www.costplusdrugs.com/medications/chloroquine-phosphate-500mg-tablet-aralen/,True,chloroquine phosphate,aralen,500mg tablet,tablet,1116758,chloroquine phosphate 500 MG Oral Tablet,100.0,100.0,100.0,100,False,
https://www.costplusdrugs.com/medications/nitrofurantoin-macrocrystal-50mg-capsule-macrodantin/,True,nitrofurantoin macrocrystal,macrodantin,50mg capsule,capsule,201882,"nitrofurantoin, macrocrystals 50 MG Oral Capsule [Macrodantin]",100.0,100.0,100.0,100,False,
https://www.costplusdrugs.com/medications/hydroxyzinepamoate-50mg-capsule/,True,hydroxyzine pamoate,vistaril,50mg capsule,capsule,995278,hydroxyzine pamoate 50 MG Oral Capsule,100.0,100.0,100.0,100,False,
https://www.costplusdrugs.com/medications/cyclophosphamide-50mg-capsule-cytoxan/,True,cyclophosphamide,cytoxan,50mg capsule,capsule,1437969,cyclophosphamide 50 MG Oral Capsule,100.0,100.0,100.0,100,False,
https://www.costplusdrugs.com/medications/sunitinib-malate-50mg-capsule-sutent/,True,sunitinib malate,sutent,50mg capsule,capsule,616289,sunitinib 50 MG Oral Capsule,100.0,100.0,100.0,100,False,
https://www.costplusdrugs.com/medications/triamterene-50mg-capsule-dyrenium/,True,triamterene,dyrenium,50mg capsule,capsule,208675,triamterene 50 MG Oral Capsule [Dyrenium],100.0,100.0,100.0,100,True,198314:hydrochlorothiazide 25 MG / triamterene 50 MG Oral(100)
https://www.costplusdrugs.com/medications/doxycyclinehyclate-50mg-capsule/,True,doxycycline hyclate,vibramycin,50mg capsule,capsule,1798276,doxycycline hyclate 50 MG Oral Capsule [Morgidox],100.0,100.0,100.0,100,True,1666098:doxycycline monohydrate 50 MG Oral Capsule [Mondox(100.0)
https://www.costplusdrugs.com/medications/doxycycline-monohydrate-50mg-capsule/,True,doxycycline monohydrate,mondoxyne nl,50mg capsule,capsule,1798276,doxycycline hyclate 50 MG Oral Capsule [Morgidox],100.0,100.0,100.0,100,True,1666098:doxycycline monohydrate 50 MG Oral Capsule [Mondox(100.0)
https://www.costplusdrugs.com/medications/doxepinhcl-50mg-capsule/,True,doxepin hcl,adapin,50mg capsule,capsule,1000076,doxepin 50 MG Oral Capsule,100.0,100.0,100.0,100,False,
https://www.costplusdrugs.com/medications/celecoxib-50mg-capsule/,True,celecoxib,celebrex,50mg capsule,capsule,686379,celecoxib 50 MG Oral Capsule,100.0,100.0,100.0,100,False,
https://www.costplusdrugs.com/medications/trimipramine-maleate-50mg-capsule-surmontil/,True,trimipramine maleate,surmontil,50mg capsule,capsule,313499,trimipramine 50 MG Oral Capsule,100.0,100.0,100.0,100,False,
https://www.costplusdrugs.com/medications/cyclosporine-modified-50mg-capsule/,True,cyclosporine modified,"neoral, gengraf",50mg capsule,capsule,835925,"cyclosporine, modified 50 MG Oral Capsule",100.0,100.0,100.0,100,False,
https://www.costplusdrugs.com/medications/indomethacin-50mg-capsule/,True,indomethacin,indocin,50mg capsule,capsule,197818,indomethacin 50 MG Oral Capsule,100.0,100.0,100.0,100,False,
https://www.costplusdrugs.com/medications/zonisamide-50mg-capsule/,True,zonisamide,zonegran,50mg capsule,capsule,403967,zonisamide 50 MG Oral Capsule,100.0,100.0,100.0,100,False,
https://www.costplusdrugs.com/medications/hydrochlorothiazide-50mg-tablet/,True,hydrochlorothiazide,microzide,50mg tablet,capsule,198314,hydrochlorothiazide 25 MG / triamterene 50 MG Oral Capsule,100.0,100.0,100.0,100,True,197438:captopril 50 MG / hydrochlorothiazide 15 MG Oral T(97.1); 197439:captopril 50 MG / hydrochlorothiazide 25 MG Oral T(97.1); 197770:hydrochlorothiazide 50 MG Oral Tablet(97.1)
https://www.costplusdrugs.com/medications/lamotrigineextendedreleaseer-50mg-tablet/,True,lamotrigine extended release (er),lamictal xr,50mg tablet,extended release tablet,900169,24 HR lamotrigine 50 MG Extended Release Oral Tablet [Lamictal],100.0,100.0,100.0,100,False,
https://www.costplusdrugs.com/medications/metoprololextendedreleaseer-50mg-tablet/,True,metoprolol extended release (er),toprol xl,50mg tablet,extended release tablet,866436,24 HR metoprolol succinate 50 MG Extended Release Oral Tablet,100.0,100.0,100.0,100,False,
https://www.costplusdrugs.com/medications/desvenlafaxinesuccinateextendedreleaseer-50mg-tablet/,True,desvenlafaxine succinate extended release (er),pristiq,50mg tablet,extended release tablet,1874559,24 HR desvenlafaxine succinate 50 MG Extended Release Oral Tablet,100.0,100.0,100.0,100,False,
https://www.costplusdrugs.com/medications/diclofenacpotassium-50mg-tablet/,True,diclofenac potassium,cataflam,50mg tablet,tablet,855942,diclofenac potassium 50 MG Oral Tablet,100.0,100.0,100.0,100,False,
https://www.costplusdrugs.com/medications/fluconazole-50mg-tablet/,True,fluconazole,diflucan,50mg tablet,tablet,197701,fluconazole 50 MG Oral Tablet,100.0,100.0,100.0,100,False,
https://www.costplusdrugs.com/medications/voriconazole-50mg-tablet-vfend/,True,voriconazole,vfend,50mg tablet,tablet,352218,voriconazole 50 MG Oral Tablet [Vfend],100.0,100.0,100.0,100,False,
https://www.costplusdrugs.com/medications/nefazodone-hcl-50mg-tablet-serzone/,True,nefazodone hcl,serzone,50mg tablet,tablet,1098678,nefazodone hydrochloride 50 MG Oral Tablet,100.0,100.0,100.0,100,False,
https://www.costplusdrugs.com/medications/eplerenone-50mg-tablet/,True,eplerenone,inspra,50mg tablet,tablet,402105,eplerenone 50 MG Oral Tablet [Inspra],100.0,100.0,100.0,100,False,
https://www.costplusdrugs.com/medications/spironolactone-50mg-tablet/,True,spironolactone,aldactone,50mg tablet,tablet,198223,spironolactone 50 MG Oral Tablet,100.0,100.0,100.0,100,False,
https://www.costplusdrugs.com/medications/acarbose-50mg-tablet/,True,acarbose,precose,50mg tablet,tablet,199149,acarbose 50 MG Oral Tablet,100.0,100.0,100.0,100,False,
https://www.costplusdrugs.com/medications/imipramine-hcl-50mg-tablet/,True,imipramine hcl,tofranil,50mg tablet,tablet,835568,imipramine hydrochloride 50 MG Oral Tablet,100.0,100.0,100.0,100,False,
https://www.costplusdrugs.com/medications/topiramate-50mg-tablet/,True,topiramate,topamax,50mg tablet,tablet,151226,topiramate 50 MG Oral Tablet,100.0,100.0,100.0,100,False,
https://www.costplusdrugs.com/medications/NaltrexoneHCl-50mg-Tablet/,True,naltrexone hcl,revia,50mg tablet,tablet,1483744,naltrexone hydrochloride 50 MG Oral Tablet,100.0,100.0,100.0,100,False,
https://www.costplusdrugs.com/medications/doxycycline-hyclate-50mg-tablet-targadox/,True,doxycycline hyclate,targadox,50mg tablet,tablet,1652673,doxycycline monohydrate 50 MG Oral Tablet,100.0,100.0,100.0,100,True,1652674:doxycycline hyclate 50 MG Oral Tablet(100)
https://www.costplusdrugs.com/medications/cilostazol-50mg-tablet/,True,cilostazol,pletal,50mg tablet,tablet,242462,cilostazol 50 MG Oral Tablet,100.0,100.0,100.0,100,False,
https://www.costplusdrugs.com/medications/sildenafilcitrate-50mg-tablet/,True,sildenafil citrate,viagra,50mg tablet,tablet,312950,sildenafil 50 MG Oral Tablet,100.0,100.0,100.0,100,False,
https://www.costplusdrugs.com/medications/captopril-50mg-tablet-capoten/,True,captopril,capoten,50mg tablet,tablet,308964,captopril 50 MG Oral Tablet,100.0,100.0,100.0,100,True,197438:captopril 50 MG / hydrochlorothiazide 15 MG Oral T(100); 197439:captopril 50 MG / hydrochlorothiazide 25 MG Oral T(100)
https://www.costplusdrugs.com/medications/fluvoxamine-maleate-50mg-tablet/,True,fluvoxamine maleate,luvox,50mg tablet,tablet,903891,fluvoxamine maleate 50 MG Oral Tablet,100.0,100.0,100.0,100,False,
https://www.costplusdrugs.com/medications/miglitol-50mg-tablet-glyset/,True,miglitol,glyset,50mg tablet,tablet,205330,miglitol 50 MG Oral Tablet,100.0,100.0,100.0,100,False,
https://www.costplusdrugs.com/medications/Atenolol-50mg-Tablet/,True,atenolol,tenormin,50mg tablet,tablet,197381,atenolol 50 MG Oral Tablet,100.0,100.0,100.0,100,True,197383:atenolol 50 MG / chlorthalidone 25 MG Oral Tablet(100)
https://www.costplusdrugs.com/medications/primidone-50mg-tablet/,True,primidone,mysoline,50mg tablet,tablet,198150,primidone 50 MG Oral Tablet,100.0,100.0,100.0,100,False,
https://www.costplusdrugs.com/medications/amoxapine-50mg-tablet-asendin/,True,amoxapine,asendin,50mg tablet,tablet,197366,amoxapine 50 MG Oral Tablet,100.0,100.0,100.0,100,False,
https://www.costplusdrugs.com/medications/propylthiouracil-50mg-tablet-propylthiouracil/,True,propylthiouracil,propylthiouracil,50mg tablet,tablet,198175,propylthiouracil 50 MG Oral Tablet,100.0,100.0,100.0,100,False,
https://www.costplusdrugs.com/medications/azathioprine-50mg-tablet/,True,azathioprine,imuran,50mg tablet,tablet,105611,azathioprine 50 MG Oral Tablet [Imuran],100.0,100.0,100.0,100,False,
https://www.costplusdrugs.com/medications/chlorthalidone-50mg-tablet/,True,chlorthalidone,hygroton,50mg tablet,tablet,746030,atenolol 50 MG / chlorthalidone 25 MG Oral Tablet [Tenoretic],100.0,100.0,100.0,100,True,197500:chlorthalidone 50 MG Oral Tablet(100)
https://www.costplusdrugs.com/medications/flecainide-acetate-50mg-tablet/,True,flecainide acetate,tambocor,50mg tablet,tablet,886662,flecainide acetate 50 MG Oral Tablet,100.0,100.0,100.0,100,False,
https://www.costplusdrugs.com/medications/chlorpromazinehcl-50mg-tablet/,True,chlorpromazine hcl,thorazine,50mg tablet,tablet,991336,chlorpromazine hydrochloride 50 MG Oral Tablet,100.0,100.0,100.0,100,False,
https://www.costplusdrugs.com/medications/QuetiapineFumarate-50mg-Tablet/,True,quetiapine fumarate,seroquel,50mg tablet,tablet,616489,quetiapine 50 MG Oral Tablet [Seroquel],100.0,100.0,100.0,100,False,
https://www.costplusdrugs.com/medications/thioridazine-hcl-50mg-tablet-mellaril/,True,thioridazine hcl,mellaril,50mg tablet,tablet,198275,thioridazine 50 MG Oral Tablet,100.0,100.0,100.0,100,False,
https://www.costplusdrugs.com/medications/HydroxyzineHCL-50mg-Tablet/,True,hydroxyzine hcl,atarax,50mg tablet,tablet,995281,hydroxyzine hydrochloride 50 MG Oral Tablet,100.0,100.0,100.0,100,False,
https://www.costplusdrugs.com/medications/methazolamide-50mg-tablet-neptazane/,True,methazolamide,neptazane,50mg tablet,tablet,197940,methazolamide 50 MG Oral Tablet,100.0,100.0,100.0,100,False,
https://www.costplusdrugs.com/medications/losartan-50mg-tablet/,True,losartan,cozaar,50mg tablet,tablet,979492,losartan potassium 50 MG Oral Tablet,100.0,100.0,100.0,100,True,979468:hydrochlorothiazide 12.5 MG / losartan potassium 5(100)
https://www.costplusdrugs.com/medications/mercaptopurine-50mg-tablet/,True,mercaptopurine,purinethol,50mg tablet,tablet,197931,mercaptopurine 50 MG Oral Tablet,100.0,100.0,100.0,100,False,
https://www.costplusdrugs.com/medications/hydralazine-50mg-tablet/,True,hydralazine,apresoline,50mg tablet,tablet,905395,hydralazine hydrochloride 50 MG Oral Tablet,100.0,100.0,100.0,100,False,
https://www.costplusdrugs.com/medications/bicalutamide-50mg-tablet-casodex/,True,bicalutamide,casodex,50mg tablet,tablet,199123,bicalutamide 50 MG Oral Tablet,100.0,100.0,100.0,100,False,
https://www.costplusdrugs.com/medications/riluzole-50mg-tablet/,True,riluzole,rilutek,50mg tablet,tablet,199206,riluzole 50 MG Oral Tablet,100.0,100.0,100.0,100,False,
https://www.costplusdrugs.com/medications/meloxicam-5mg-capsule-vivlodex/,True,meloxicam,vivlodex,5mg capsule,capsule,1722349,meloxicam 5 MG Oral Capsule,100.0,100.0,100.0,100,False,
https://www.costplusdrugs.com/medications/selegiline-hcl-5mg-capsule-eldepryl/,True,selegiline hcl,eldepryl,5mg capsule,capsule,859186,selegiline hydrochloride 5 MG Oral Capsule,100.0,100.0,100.0,100,False,
https://www.costplusdrugs.com/medications/ramipril-5mg-capsule/,True,ramipril,altace,5mg capsule,capsule,104385,ramipril 5 MG Oral Capsule [Altace],100.0,100.0,100.0,100,False,
https://www.costplusdrugs.com/medications/tacrolimus-5mg-capsule/,True,tacrolimus,prograf,5mg capsule,capsule,108514,tacrolimus 5 MG Oral Capsule [Prograf],100.0,100.0,100.0,100,False,
https://www.costplusdrugs.com/medications/thiothixene-5mg-capsule-navane/,True,thiothixene,navane,5mg capsule,capsule,313366,thiothixene 5 MG Oral Capsule,100.0,100.0,100.0,100,False,
https://www.costplusdrugs.com/medications/isradipine-5mg-capsule-dynacirc/,True,isradipine,dynacirc,5mg capsule,capsule,197849,isradipine 5 MG Oral Capsule,100.0,100.0,100.0,100,False,
https://www.costplusdrugs.com/medications/temozolomide-5mg-capsule-temodar/,True,temozolomide,temodar,5mg capsule,capsule,261288,temozolomide 5 MG Oral Capsule [Temodar],100.0,100.0,100.0,100,False,
https://www.costplusdrugs.com/medications/prazosinhcl-5mg-capsule/,True,prazosin hcl,minipress,5mg capsule,capsule,208981,prazosin 5 MG Oral Capsule [Minipress],100.0,100.0,100.0,100,False,
https://www.costplusdrugs.com/medications/terazosin-hcl-5mg-capsule/,True,terazosin hcl,hytrin,5mg capsule,capsule,313219,terazosin 5 MG Oral Capsule,100.0,100.0,100.0,100,False,
https://www.costplusdrugs.com/medications/loxapine-succinate-5mg-capsule-loxitane/,True,loxapine succinate,loxitane,5mg capsule,capsule,311386,loxapine 5 MG Oral Capsule,100.0,100.0,100.0,100,False,
https://www.costplusdrugs.com/medications/nitisinone-5mg-capsule-orfadin/,True,nitisinone,orfadin,5mg capsule,capsule,351174,nitisinone 5 MG Oral Capsule,100.0,100.0,100.0,100,False,
https://www.costplusdrugs.com/medications/bromocriptine-mesylate-5mg-capsule-parlodel/,True,bromocriptine mesylate,parlodel,5mg capsule,tablet,197412,bromocriptine 5 MG Oral Capsule,97.1,100.0,100.0,50,False,
https://www.costplusdrugs.com/medications/glipizide-extended-release-er-5mg-tablet/,True,glipizide extended release (er),glucotrol xl,5mg tablet,extended release tablet,314006,24 HR glipizide 5 MG Extended Release Oral Tablet,100.0,100.0,100.0,100,False,
https://www.costplusdrugs.com/medications/oxybutyninextendedreleaseer-5mg-tablet/,True,oxybutynin extended release (er),ditropan xl,5mg tablet,extended release tablet,863636,24 HR oxybutynin chloride 5 MG Extended Release Oral Tablet,100.0,100.0,100.0,100,False,
https://www.costplusdrugs.com/medications/rizatriptan-benzoate-5mg-tablet/,True,rizatriptan benzoate,maxalt,5mg tablet,tablet,312840,rizatriptan 5 MG Oral Tablet,100.0,100.0,100.0,100,False,
https://www.costplusdrugs.com/medications/rosuvastatin-5mg-tablet/,True,rosuvastatin,crestor,5mg tablet,tablet,2536066,ezetimibe 10 MG / rosuvastatin 5 MG Oral Tablet [Roszet],100.0,100.0,100.0,100,True,859424:rosuvastatin calcium 5 MG Oral Tablet(100)
https://www.costplusdrugs.com/medications/trifluoperazine-hcl-5mg-tablet-stelazine/,True,trifluoperazine hcl,stelazine,5mg tablet,tablet,198325,trifluoperazine 5 MG Oral Tablet,100.0,100.0,100.0,100,False,
https://www.costplusdrugs.com/medications/bethanechol-chloride-5mg-tablet-urecholine/,True,bethanechol chloride,urecholine,5mg tablet,tablet,857336,bethanechol chloride 5 MG Oral Tablet,100.0,100.0,100.0,100,False,
https://www.costplusdrugs.com/medications/cetirizine-hcl-5mg-tablet/,True,cetirizine hcl,zyrtec,5mg tablet,tablet,1014676,cetirizine hydrochloride 5 MG Oral Tablet,100.0,100.0,100.0,100,True,1014643:cetirizine hydrochloride 5 MG Chewable Tablet(100)
https://www.costplusdrugs.com/medications/torsemide-5mg-tablet/,True,torsemide,demadex,5mg tablet,tablet,198372,torsemide 5 MG Oral Tablet,100.0,100.0,100.0,100,False,
https://www.costplusdrugs.com/medications/selegiline-hcl-5mg-tablet-carbex/,True,selegiline hcl,carbex,5mg tablet,tablet,859193,selegiline hydrochloride 5 MG Oral Tablet,100.0,100.0,100.0,100,False,
https://www.costplusdrugs.com/medications/lisinopril-5mg-tablet/,True,lisinopril,prinivil,5mg tablet,tablet,104376,lisinopril 5 MG Oral Tablet [Zestril],100.0,100.0,100.0,100,False,
https://www.costplusdrugs.com/medications/amiloride-hcl-5mg-tablet-midamor/,True,amiloride hcl,midamor,5mg tablet,tablet,977880,amiloride hydrochloride 5 MG Oral Tablet,100.0,100.0,100.0,100,True,977883:amiloride hydrochloride 5 MG / hydrochlorothiazide(100)
https://www.costplusdrugs.com/medications/norethindroneacetate-5mg-tablet/,True,norethindrone acetate,aygestin,5mg tablet,tablet,1000405,norethindrone acetate 5 MG Oral Tablet,100.0,100.0,100.0,100,False,
https://www.costplusdrugs.com/medications/solifenacinsuccinate-5mg-tablet/,True,solifenacin succinate,vesicare,5mg tablet,tablet,539817,solifenacin succinate 5 MG Oral Tablet [Vesicare],100.0,100.0,100.0,100,False,
https://www.costplusdrugs.com/medications/isosorbide-dinitrate-5mg-tablet-isordil-titradose/,True,isosorbide dinitrate,isordil titradose,5mg tablet,tablet,793873,isosorbide dinitrate 5 MG Oral Tablet [Isordil],100.0,100.0,100.0,100,False,
https://www.costplusdrugs.com/medications/nebivololhcl-5mg-tablet/,True,nebivolol hcl,bystolic,5mg tablet,tablet,387013,nebivolol 5 MG Oral Tablet,100.0,100.0,100.0,100,True,1798281:nebivolol 5 MG / valsartan 80 MG Oral Tablet(100)
https://www.costplusdrugs.com/medications/aripiprazole-5mg-tablet/,True,aripiprazole,abilify,5mg tablet,tablet,402131,aripiprazole 5 MG Oral Tablet,100.0,100.0,100.0,100,False,
https://www.costplusdrugs.com/medications/bisoprololfumarate-5mg-tablet/,True,bisoprolol fumarate,zebeta,5mg tablet,tablet,854905,bisoprolol fumarate 5 MG Oral Tablet,100.0,100.0,100.0,100,True,854919:bisoprolol fumarate 5 MG / hydrochlorothiazide 6.2(100)
https://www.costplusdrugs.com/medications/risedronate-sodium-5mg-tablet-actonel/,True,risedronate sodium,actonel,5mg tablet,tablet,905041,risedronate sodium 5 MG Oral Tablet,100.0,100.0,100.0,100,False,
https://www.costplusdrugs.com/medications/prochlorperazine-maleate-5mg-tablet-compazine/,True,prochlorperazine maleate,compazine,5mg tablet,tablet,312635,prochlorperazine 5 MG Oral Tablet,100.0,100.0,100.0,100,False,
https://www.costplusdrugs.com/medications/vardenafil-hcl-5mg-tablet/,True,vardenafil hcl,levitra,5mg tablet,tablet,349478,vardenafil 5 MG Oral Tablet,100.0,100.0,100.0,100,False,
https://www.costplusdrugs.com/medications/baclofen-5mg-tablet/,True,baclofen,lioresal,5mg tablet,tablet,430902,baclofen 5 MG Oral Tablet,100.0,100.0,100.0,100,False,
https://www.costplusdrugs.com/medications/tadalafil-5mg-tablet/,True,tadalafil,cialis,5mg tablet,tablet,404711,tadalafil 5 MG Oral Tablet [Cialis],100.0,100.0,100.0,100,False,
https://www.costplusdrugs.com/medications/leucovorin-calcium-5mg-tablet-wellcovorin/,True,leucovorin calcium,wellcovorin,5mg tablet,tablet,1116179,ascorbic acid 100 MG / calcium carbonate 200 MG / cholecalciferol 0.01 MG / copper sulfate 2 MG / dl-alpha tocopheryl acetate 30 UNT / ferrous fumarate 65 MG / folic acid 1 MG / magnesium oxide 10 MG / niacinamide 20 MG / potassium iodide 0.15 MG / pyridoxine hydrochloride 5 MG / retinol acetate 4000 UNT / riboflavin 3.4 MG / thiamine mononitrate 3 MG / vitamin B12 0.012 MG / zinc sulfate 15 MG Oral Tablet,100.0,100.0,100.0,100,True,1102201:ascorbic acid 100 MG / biotin 0.3 MG / calcium car(100); 197863:leucovorin 5 MG Oral Tablet(100)
https://www.costplusdrugs.com/medications/olmesartanmedoxomil-5mg-tablet/,True,olmesartan medoxomil,benicar,5mg tablet,tablet,999967,amlodipine 5 MG / hydrochlorothiazide 12.5 MG / olmesartan medoxomil 20 MG Oral Tablet,100.0,100.0,100.0,100,True,744632:amlodipine 5 MG / olmesartan medoxomil 20 MG Oral (100.0); 744636:amlodipine 5 MG / olmesartan medoxomil 40 MG Oral (100.0); 349373:olmesartan medoxomil 5 MG Oral Tablet(100)
https://www.costplusdrugs.com/medications/benazepril-hcl-5mg-tablet/,True,benazepril hcl,lotensin,5mg tablet,tablet,898723,benazepril hydrochloride 5 MG Oral Tablet,100.0,100.0,100.0,100,True,898378:benazepril hydrochloride 5 MG / hydrochlorothiazid(100)
https://www.costplusdrugs.com/medications/trihexyphenidyl-hcl-5mg-tablet/,True,trihexyphenidyl hcl,artane,5mg tablet,tablet,905283,trihexyphenidyl hydrochloride 5 MG Oral Tablet,100.0,100.0,100.0,100,False,
https://www.costplusdrugs.com/medications/phytonadione-5mg-tablet-mephyton/,True,phytonadione,mephyton,5mg tablet,tablet,,,0.0,0.0,0.0,0,True,NO MATCH FOUND
https://www.costplusdrugs.com/medications/prasugrel-hcl-5mg-tablet-effient/,True,prasugrel hcl,effient,5mg tablet,tablet,855818,prasugrel 5 MG Oral Tablet,100.0,100.0,100.0,100,False,
https://www.costplusdrugs.com/medications/terbutaline-sulfate-5mg-tablet-brethine/,True,terbutaline sulfate,brethine,5mg tablet,tablet,857683,terbutaline sulfate 5 MG Oral Tablet,100.0,100.0,100.0,100,False,
https://www.costplusdrugs.com/medications/dapagliflozin-propanediol-5mg-tablet-farxiga/,True,dapagliflozin propanediol,farxiga,5mg tablet,tablet,1925504,dapagliflozin 10 MG / saxagliptin 5 MG Oral Tablet [Qtern],100.0,100.0,100.0,100,True,1486981:dapagliflozin 5 MG Oral Tablet [Farxiga](100.0); 2169274:dapagliflozin 5 MG / saxagliptin 5 MG Oral Tablet(100)
https://www.costplusdrugs.com/medications/enalaprilmaleate-5mg-tablet/,True,enalapril maleate,vasotec,5mg tablet,tablet,858813,enalapril maleate 5 MG Oral Tablet,100.0,100.0,100.0,100,True,858824:enalapril maleate 5 MG / hydrochlorothiazide 12.5 (100)
https://www.costplusdrugs.com/medications/metolazone-5mg-tablet-zaroxolyn/,True,metolazone,zaroxolyn,5mg tablet,tablet,311671,metolazone 5 MG Oral Tablet,100.0,100.0,100.0,100,False,
https://www.costplusdrugs.com/medications/methimazole-5mg-tablet/,True,methimazole,tapazole,5mg tablet,tablet,197942,methimazole 5 MG Oral Tablet,100.0,100.0,100.0,100,False,
https://www.costplusdrugs.com/medications/medroxyprogesterone-acetate-5mg-tablet-provera/,True,medroxyprogesterone acetate,provera,5mg tablet,tablet,1000141,medroxyprogesterone acetate 5 MG Oral Tablet,100.0,100.0,100.0,100,True,"1000356:estrogens, conjugated (USP) 0.625 MG / medroxyprog(100)"
https://www.costplusdrugs.com/medications/LevocetirizineDihydrochloride-5mg-Tablet/,True,levocetirizine dihydrochloride,xyzal,5mg tablet,tablet,855172,levocetirizine dihydrochloride 5 MG Oral Tablet,100.0,100.0,100.0,100,False,
https://www.costplusdrugs.com/medications/glipizide-5mg-tablet/,True,glipizide,glucotrol,5mg tablet,tablet,205828,glipizide 5 MG Oral Tablet [Glucotrol],100.0,100.0,100.0,100,True,861740:glipizide 5 MG / metformin hydrochloride 500 MG Or(100)
https://www.costplusdrugs.com/medications/glyburide-5mg-tablet/,True,glyburide,glyburide,5mg tablet,tablet,310537,glyburide 5 MG Oral Tablet,100.0,100.0,100.0,100,True,861753:glyburide 5 MG / metformin hydrochloride 500 MG Or(100)
https://www.costplusdrugs.com/medications/pindolol-5mg-tablet-visken/,True,pindolol,visken,5mg tablet,tablet,198105,pindolol 5 MG Oral Tablet,100.0,100.0,100.0,100,False,
https://www.costplusdrugs.com/medications/finasteride-5mg-tablet/,True,finasteride,propecia,5mg tablet,tablet,201961,finasteride 5 MG Oral Tablet [Proscar],100.0,100.0,100.0,100,False,
https://www.costplusdrugs.com/medications/hydrocortisone-5mg-tablet-cortef/,True,hydrocortisone,cortef,5mg tablet,tablet,197787,hydrocortisone 5 MG Oral Tablet,100.0,100.0,100.0,100,False,
https://www.costplusdrugs.com/medications/methscopolamine-bromide-5mg-tablet-pamine-forte/,True,methscopolamine bromide,pamine forte,5mg tablet,tablet,404640,methscopolamine bromide 5 MG Oral Tablet [Pamine],100.0,100.0,100.0,100,False,
https://www.costplusdrugs.com/medications/midodrinehcl-5mg-tablet/,True,midodrine hcl,proamatine,5mg tablet,tablet,993470,midodrine hydrochloride 5 MG Oral Tablet,100.0,100.0,100.0,100,False,
https://www.costplusdrugs.com/medications/protriptyline-hcl-5mg-tablet-vivactil/,True,protriptyline hcl,vivactil,5mg tablet,tablet,905172,protriptyline hydrochloride 5 MG Oral Tablet,100.0,100.0,100.0,100,False,
https://www.costplusdrugs.com/medications/donepezil-5mg-tablet/,True,donepezil,aricept,5mg tablet,tablet,997229,donepezil hydrochloride 5 MG Oral Tablet,100.0,100.0,100.0,100,False,
https://www.costplusdrugs.com/medications/amlodipine-5mg-tablet/,True,amlodipine,norvasc,5mg tablet,tablet,999967,amlodipine 5 MG / hydrochlorothiazide 12.5 MG / olmesartan medoxomil 20 MG Oral Tablet,100.0,100.0,100.0,100,True,2727463:amlodipine 5 MG / indapamide 2.5 MG / telmisartan (100); 404011:amlodipine 5 MG / atorvastatin 80 MG Oral Tablet(100)
https://www.costplusdrugs.com/medications/desloratadine-5mg-tablet-clarinex/,True,desloratadine,clarinex,5mg tablet,tablet,668469,loratadine 5 MG Chewable Tablet [Claritin],100.0,100.0,100.0,100,True,352086:desloratadine 5 MG Oral Tablet [Clarinex](100.0)
https://www.costplusdrugs.com/medications/ropinirole-5mg-tablet/,True,ropinirole,requip,5mg tablet,tablet,312849,ropinirole 5 MG Oral Tablet,100.0,100.0,100.0,100,False,
https://www.costplusdrugs.com/medications/oxaprozin-600mg-tablet-daypro/,True,oxaprozin,daypro,600mg tablet,tablet,207243,oxaprozin 600 MG Oral Tablet [Daypro],100.0,100.0,100.0,100,False,
https://www.costplusdrugs.com/medications/linezolid-600mg-tablet/,True,linezolid,zyvox,600mg tablet,tablet,262091,linezolid 600 MG Oral Tablet [Zyvox],100.0,100.0,100.0,100,False,
https://www.costplusdrugs.com/medications/azithromycin-600mg-tablet/,True,azithromycin,zithromax,600mg tablet,tablet,204844,azithromycin 600 MG Oral Tablet,100.0,100.0,100.0,100,False,
https://www.costplusdrugs.com/medications/darunavir-600mg-tablet-prezista/,True,darunavir,prezista,600mg tablet,tablet,670026,darunavir 600 MG Oral Tablet,100.0,100.0,100.0,100,False,
https://www.costplusdrugs.com/medications/Oxcarbazepine-600mg-Tablet/,True,oxcarbazepine,trileptal,600mg tablet,tablet,312138,oxcarbazepine 600 MG Oral Tablet,100.0,100.0,100.0,100,False,
https://www.costplusdrugs.com/medications/praziquantel-600mg-tablet-biltricide/,True,praziquantel,biltricide,600mg tablet,tablet,198140,praziquantel 600 MG Oral Tablet,100.0,100.0,100.0,100,False,
https://www.costplusdrugs.com/medications/Gemfibrozil-600mg-Tablet/,True,gemfibrozil,lopid,600mg tablet,tablet,310459,gemfibrozil 600 MG Oral Tablet,100.0,100.0,100.0,100,False,
https://www.costplusdrugs.com/medications/raloxifenehcl-60mg-tablet/,True,raloxifene hcl,evista,60mg tablet,tablet,1490065,raloxifene hydrochloride 60 MG Oral Tablet,100.0,100.0,100.0,100,False,
https://www.costplusdrugs.com/medications/nateglinide-60mg-tablet/,True,nateglinide,starlix,60mg tablet,tablet,314142,nateglinide 60 MG Oral Tablet,100.0,100.0,100.0,100,False,
https://www.costplusdrugs.com/medications/toremifene-citrate-60mg-tablet-fareston/,True,toremifene citrate,fareston,60mg tablet,tablet,313428,toremifene 60 MG Oral Tablet,100.0,100.0,100.0,100,False,
https://www.costplusdrugs.com/medications/fexofenadinehcl-60mg-tablet/,True,fexofenadine hcl,allegra,60mg tablet,tablet,1192737,fexofenadine hydrochloride 60 MG Oral Tablet [Wal-Fex],100.0,100.0,100.0,100,False,
https://www.costplusdrugs.com/medications/isosorbidemononitrateextendedreleaseer-60mg-tablet/,True,isosorbide mononitrate extended release (er),imdur,60mg tablet,tablet extended release 24hr,353538,24 HR isosorbide mononitrate 60 MG Extended Release Oral Tablet,100.0,100.0,100.0,100,False,
https://www.costplusdrugs.com/medications/metforminextendedreleaseer-750mg-tablet/,True,metformin extended release (er),glucophage xr,750mg tablet,extended release tablet,860981,24 HR metformin hydrochloride 750 MG Extended Release Oral Tablet,100.0,100.0,100.0,100,False,
https://www.costplusdrugs.com/medications/levetiracetamextendedreleaseer-750mg-tablet/,True,levetiracetam extended release (er),keppra xr,750mg tablet,extended release tablet,846378,24 HR levetiracetam 750 MG Extended Release Oral Tablet,100.0,100.0,100.0,100,False,
https://www.costplusdrugs.com/medications/levofloxacin-750mg-tablet/,True,levofloxacin,levaquin,750mg tablet,tablet,311296,levofloxacin 750 MG Oral Tablet,100.0,100.0,100.0,100,False,
https://www.costplusdrugs.com/medications/nabumetone-750mg-tablet/,True,nabumetone,relafen,750mg tablet,tablet,206959,nabumetone 750 MG Oral Tablet [Relafen],100.0,100.0,100.0,100,False,
https://www.costplusdrugs.com/medications/Methocarbamol-750mg-Tablet/,True,methocarbamol,robaxin,750mg tablet,tablet,197944,methocarbamol 750 MG Oral Tablet,100.0,100.0,100.0,100,False,
https://www.costplusdrugs.com/medications/chlorzoxazone-750mg-tablet-lorzone/,True,chlorzoxazone,lorzone,750mg tablet,tablet,1189100,chlorzoxazone 750 MG Oral Tablet [Lorzone],100.0,100.0,100.0,100,False,
https://www.costplusdrugs.com/medications/levetiracetam-750mg-tablet/,True,levetiracetam,keppra,750mg tablet,tablet,1875870,levetiracetam 750 MG Oral Tablet [Roweepra],100.0,100.0,100.0,100,False,
https://www.costplusdrugs.com/medications/ciprofloxacin-750mg-tablet/,True,ciprofloxacin,cipro,750mg tablet,tablet,197512,ciprofloxacin 750 MG Oral Tablet,100.0,100.0,100.0,100,False,
https://www.costplusdrugs.com/medications/nortriptyline-hcl-75mg-capsule/,True,nortriptyline hcl,pamelor,75mg capsule,capsule,209391,nortriptyline 75 MG Oral Capsule [Pamelor],100.0,100.0,100.0,100,False,
https://www.costplusdrugs.com/medications/doxepin-hcl-75mg-capsule/,True,doxepin hcl,sinequan,75mg capsule,capsule,1000097,doxepin 75 MG Oral Capsule,100.0,100.0,100.0,100,False,
https://www.costplusdrugs.com/medications/minocycline-hcl-75mg-capsule/,True,minocycline hcl,minocin,75mg capsule,capsule,314108,minocycline 75 MG Oral Capsule,100.0,100.0,100.0,100,False,
https://www.costplusdrugs.com/medications/imipramine-pamoate-75mg-capsule-tofranil-pm/,True,imipramine pamoate,tofranil-pm,75mg capsule,capsule,835572,imipramine pamoate 75 MG Oral Capsule,100.0,100.0,100.0,100,False,
https://www.costplusdrugs.com/medications/clomipramine-hcl-75mg-capsule/,True,clomipramine hcl,anafranil,75mg capsule,capsule,857305,clomipramine hydrochloride 75 MG Oral Capsule,100.0,100.0,100.0,100,False,
https://www.costplusdrugs.com/medications/oseltamivir-75mg-capsule/,True,oseltamivir,tamiflu,75mg capsule,capsule,261315,oseltamivir 75 MG Oral Capsule [Tamiflu],100.0,100.0,100.0,100,False,
https://www.costplusdrugs.com/medications/indomethacin-extended-release-er-75mg-capsule/,True,indomethacin extended release (er),indocin sr,75mg capsule,extended release capsule,310992,indomethacin 75 MG Extended Release Oral Capsule,100.0,100.0,100.0,100,False,
https://www.costplusdrugs.com/medications/minocycline-hcl-75mg-tablet-dynacin/,True,minocycline hcl,dynacin,75mg tablet,tablet,403840,minocycline 75 MG Oral Tablet,100.0,100.0,100.0,100,False,
https://www.costplusdrugs.com/medications/venlafaxine-75mg-tablet/,True,venlafaxine,effexor,75mg tablet,tablet,313586,venlafaxine 75 MG Oral Tablet,100.0,100.0,100.0,100,False,
https://www.costplusdrugs.com/medications/doxycycline-hyclate-75mg-tablet/,True,doxycycline hyclate,acticlate,75mg tablet,tablet,1649425,doxycycline hyclate 75 MG Oral Tablet,100.0,100.0,100.0,100,True,1649429:doxycycline monohydrate 75 MG Oral Tablet(100)
https://www.costplusdrugs.com/medications/irbesartan-75mg-tablet/,True,irbesartan,avapro,75mg tablet,tablet,153665,irbesartan 75 MG Oral Tablet [Avapro],100.0,100.0,100.0,100,False,
https://www.costplusdrugs.com/medications/dipyridamole-75mg-tablet-persantine/,True,dipyridamole,persantine,75mg tablet,tablet,309955,dipyridamole 75 MG Oral Tablet,100.0,100.0,100.0,100,False,
https://www.costplusdrugs.com/medications/metoprolol-tartrate-75mg-tablet-lopressor/,True,metoprolol tartrate,lopressor,75mg tablet,tablet,1606349,metoprolol tartrate 75 MG Oral Tablet,100.0,100.0,100.0,100,False,
https://www.costplusdrugs.com/medications/desipramine-hcl-75mg-tablet-norpramin/,True,desipramine hcl,norpramin,75mg tablet,tablet,1099316,desipramine hydrochloride 75 MG Oral Tablet,100.0,100.0,100.0,100,False,
https://www.costplusdrugs.com/medications/BupropionHCl-75mg-Tablet/,True,bupropion hcl,wellbutrin,75mg tablet,tablet,993691,bupropion hydrochloride 75 MG Oral Tablet,100.0,100.0,100.0,100,False,
https://www.costplusdrugs.com/medications/azathioprine-75mg-tablet-azasan/,True,azathioprine,azasan,75mg tablet,tablet,404475,azathioprine 75 MG Oral Tablet [Azasan],100.0,100.0,100.0,100,False,
https://www.costplusdrugs.com/medications/doxycycline-monohydrate-75mg-tablet/,True,doxycycline monohydrate,adoxa,75mg tablet,tablet,1649425,doxycycline hyclate 75 MG Oral Tablet,100.0,100.0,100.0,100,True,1649429:doxycycline monohydrate 75 MG Oral Tablet(100)
https://www.costplusdrugs.com/medications/amitriptyline-75mg-tablet/,True,amitriptyline,elavil,75mg tablet,tablet,856853,amitriptyline hydrochloride 75 MG Oral Tablet,100.0,100.0,100.0,100,False,
https://www.costplusdrugs.com/medications/warfarin-7_5mg-tablet/,True,warfarin,coumadin,7_5mg tablet,tablet,855344,warfarin sodium 7.5 MG Oral Tablet,100.0,100.0,100.0,100,False,
https://www.costplusdrugs.com/medications/moexipril-hcl-7_5mg-tablet-univasc/,True,moexipril hcl,univasc,7_5mg tablet,tablet,1299897,moexipril hydrochloride 7.5 MG Oral Tablet,100.0,100.0,100.0,100,True,1299871:hydrochlorothiazide 12.5 MG / moexipril hydrochlor(100)
https://www.costplusdrugs.com/medications/BuspironeHCl-7_5mg-Tablet/,True,buspirone hcl,buspar,7_5mg tablet,tablet,866111,buspirone hydrochloride 7.5 MG Oral Tablet,100.0,100.0,100.0,100,False,
https://www.costplusdrugs.com/medications/pilocarpine-hcl-7_5mg-tablet-salagen/,True,pilocarpine hcl,salagen,7_5mg tablet,tablet,1001004,pilocarpine hydrochloride 7.5 MG Oral Tablet,100.0,100.0,100.0,100,False,
https://www.costplusdrugs.com/medications/mirtazapine-7_5mg-tablet-remeron/,True,mirtazapine,remeron,7_5mg tablet,tablet,476809,mirtazapine 7.5 MG Oral Tablet,100.0,100.0,100.0,100,False,
https://www.costplusdrugs.com/medications/meloxicam-7_5mg-tablet/,True,meloxicam,mobic,7_5mg tablet,tablet,311486,meloxicam 7.5 MG Oral Tablet,100.0,100.0,100.0,100,False,
https://www.costplusdrugs.com/medications/cyclobenzaprine-7_5mg-tablet/,True,cyclobenzaprine,flexeril,7_5mg tablet,tablet,828299,cyclobenzaprine hydrochloride 7.5 MG Oral Tablet,100.0,100.0,100.0,100,False,
https://www.costplusdrugs.com/medications/olanzapine-7_5mg-tablet/,True,olanzapine,zyprexa,7_5mg tablet,tablet,312079,olanzapine 7.5 MG Oral Tablet,100.0,100.0,100.0,100,False,
https://www.costplusdrugs.com/medications/everolimus-7_5mg-tablet-afinitor/,True,everolimus,afinitor,7_5mg tablet,tablet,2685208,everolimus 7.5 MG Oral Tablet [Torpenz],100.0,100.0,100.0,100,False,
https://www.costplusdrugs.com/medications/sevelamer-hcl-800mg-tablet-renagel/,True,sevelamer hcl,renagel,800mg tablet,tablet,857224,sevelamer hydrochloride 800 MG Oral Tablet,100.0,100.0,100.0,100,False,
https://www.costplusdrugs.com/medications/Ibuprofen-800mg-Tablet/,True,ibuprofen,"advil, motrin",800mg tablet,tablet,541713,ibuprofen 800 MG Oral Tablet [Samson 8],100.0,100.0,100.0,100,True,1100066:famotidine 26.6 MG / ibuprofen 800 MG Oral Tablet(100)
https://www.costplusdrugs.com/medications/cimetidine-800mg-tablet-tagamet/,True,cimetidine,tagamet,800mg tablet,tablet,197508,cimetidine 800 MG Oral Tablet,100.0,100.0,100.0,100,False,
https://www.costplusdrugs.com/medications/sevelamercarbonate-800mg-tablet/,True,sevelamer carbonate,renvela,800mg tablet,tablet,749206,sevelamer carbonate 800 MG Oral Tablet,100.0,100.0,100.0,100,False,
https://www.costplusdrugs.com/medications/metaxalone-800mg-tablet-skelaxin/,True,metaxalone,skelaxin,800mg tablet,tablet,1720612,metaxalone 800 MG Oral Tablet [Metaxall],100.0,100.0,100.0,100,False,
https://www.costplusdrugs.com/medications/atomoxetinehcl-80mg-capsule/,True,atomoxetine hcl,strattera,80mg capsule,capsule,608143,atomoxetine 80 MG Oral Capsule,100.0,100.0,100.0,100,False,
https://www.costplusdrugs.com/medications/aprepitant-80mg-capsule/,True,aprepitant,emend,80mg capsule,capsule,403810,aprepitant 80 MG Oral Capsule,100.0,100.0,100.0,100,False,
https://www.costplusdrugs.com/medications/ziprasidonehcl-80mg-capsule/,True,ziprasidone hcl,geodon,80mg capsule,capsule,284550,ziprasidone 80 MG Oral Capsule [Geodon],100.0,100.0,100.0,100,False,
https://www.costplusdrugs.com/medications/carvedilol-phosphate-er-80mg-capsule/,True,carvedilol phosphate er,coreg cr,80mg capsule,extended release capsule,860532,24 HR carvedilol phosphate 80 MG Extended Release Oral Capsule,100.0,100.0,100.0,100,False,
https://www.costplusdrugs.com/medications/telmisartan-80mg-tablet/,True,telmisartan,micardis,80mg tablet,bottle of 30 tablets,749837,hydrochlorothiazide 12.5 MG / telmisartan 80 MG Oral Tablet [Micardis-HCT],100.0,100.0,100.0,100,True,749841:hydrochlorothiazide 25 MG / telmisartan 80 MG Oral(100.0); 213432:telmisartan 80 MG Oral Tablet [Micardis](100.0)
https://www.costplusdrugs.com/medications/febuxostat-80mg-tablet/,True,febuxostat,uloric,80mg tablet,tablet,834241,febuxostat 80 MG Oral Tablet,100.0,100.0,100.0,100,False,
https://www.costplusdrugs.com/medications/sotalol-hcl-af-80mg-tablet-betapace-af/,True,sotalol hcl (af),betapace af,80mg tablet,tablet,1923426,sotalol hydrochloride 80 MG Oral Tablet,100.0,100.0,100.0,100,True,1922766:Atrial Fibrillation sotalol hydrochloride 80 MG Or(100.0)
https://www.costplusdrugs.com/medications/propranololhcl-80mg-tablet/,True,propranolol hcl,inderal,80mg tablet,tablet,856578,propranolol hydrochloride 80 MG Oral Tablet,100.0,100.0,100.0,100,True,856429:hydrochlorothiazide 25 MG / propranolol hydrochlor(100)
https://www.costplusdrugs.com/medications/verapamilhcl-80mg-tablet/,True,verapamil hcl,calan,80mg tablet,tablet,897683,verapamil hydrochloride 80 MG Oral Tablet,100.0,100.0,100.0,100,False,
https://www.costplusdrugs.com/medications/nadolol-80mg-tablet/,True,nadolol,corgard,80mg tablet,tablet,198008,nadolol 80 MG Oral Tablet,100.0,100.0,100.0,100,False,
https://www.costplusdrugs.com/medications/pravastatin-80mg-tablet/,True,pravastatin,pravachol,80mg tablet,tablet,904481,pravastatin sodium 80 MG Oral Tablet,100.0,100.0,100.0,100,False,
https://www.costplusdrugs.com/medications/simvastatin-80mg-tablet/,True,simvastatin,zocor,80mg tablet,tablet,1245449,ezetimibe 10 MG / simvastatin 80 MG Oral Tablet [Vytorin],100.0,100.0,100.0,100,True,200345:simvastatin 80 MG Oral Tablet(100)
https://www.costplusdrugs.com/medications/valsartan-80mg-tablet/,True,valsartan,diovan,80mg tablet,tablet,1798281,nebivolol 5 MG / valsartan 80 MG Oral Tablet,100.0,100.0,100.0,100,True,351761:valsartan 80 MG Oral Tablet [Diovan](100.0); 809014:hydrochlorothiazide 12.5 MG / valsartan 80 MG Oral(100.0)
https://www.costplusdrugs.com/medications/sotalolhcl-80mg-tablet/,True,sotalol hcl,betapace,80mg tablet,tablet,1923426,sotalol hydrochloride 80 MG Oral Tablet,100.0,100.0,100.0,100,True,1922766:Atrial Fibrillation sotalol hydrochloride 80 MG Or(100.0)
https://www.costplusdrugs.com/medications/atorvastatin-80mg-tablet/,True,atorvastatin,lipitor,80mg tablet,tablet,750211,amlodipine 10 MG / atorvastatin 80 MG Oral Tablet [Caduet],100.0,100.0,100.0,100,True,1422099:atorvastatin 80 MG / ezetimibe 10 MG Oral Tablet(100); 750239:amlodipine 5 MG / atorvastatin 80 MG Oral Tablet [(100.0)
https://www.costplusdrugs.com/medications/lurasidone-hcl-80mg-tablet/,True,lurasidone hcl,latuda,80mg tablet,tablet,1040041,lurasidone hydrochloride 80 MG Oral Tablet,100.0,100.0,100.0,100,False,
https://www.costplusdrugs.com/medications/furosemide-80mg-tablet/,True,furosemide,lasix,80mg tablet,tablet,205732,furosemide 80 MG Oral Tablet [Lasix],100.0,100.0,100.0,100,False,
https://www.costplusdrugs.com/medications/fesoterodine-fumarate-er-8mg-tablet/,True,fesoterodine fumarate er,toviaz,8mg tablet,extended release tablet,810077,24 HR fesoterodine fumarate 8 MG Extended Release Oral Tablet,100.0,100.0,100.0,100,False,
https://www.costplusdrugs.com/medications/ropiniroleextendedreleaseer-8mg-tablet/,True,ropinirole extended release (er),requip xl,8mg tablet,extended release tablet,799054,24 HR ropinirole 8 MG Extended Release Oral Tablet,100.0,100.0,100.0,100,False,
https://www.costplusdrugs.com/medications/methylprednisolone-8mg-tablet/,True,methylprednisolone,medrol,8mg tablet,tablet,197973,methylprednisolone 8 MG Oral Tablet,100.0,100.0,100.0,100,False,
https://www.costplusdrugs.com/medications/perphenazine-8mg-tablet/,True,perphenazine,trilafon,8mg tablet,tablet,198078,perphenazine 8 MG Oral Tablet,100.0,100.0,100.0,100,False,
https://www.costplusdrugs.com/medications/candesartan-cilexetil-8mg-tablet-atacand/,True,candesartan cilexetil,atacand,8mg tablet,tablet,577787,candesartan cilexetil 8 MG Oral Tablet [Atacand],100.0,100.0,100.0,100,False,
https://www.costplusdrugs.com/medications/galantamine-hydrobromide-8mg-tablet-razadyne/,True,galantamine hydrobromide,razadyne,8mg tablet,tablet,602737,galantamine 8 MG Oral Tablet [Razadyne],100.0,100.0,100.0,100,False,
https://www.costplusdrugs.com/medications/doxazosin-mesylate-8mg-tablet/,True,doxazosin mesylate,cardura,8mg tablet,tablet,205544,doxazosin 8 MG Oral Tablet [Cardura],100.0,100.0,100.0,100,False,
https://www.costplusdrugs.com/medications/perindopril-erbumine-8mg-tablet-aceon/,True,perindopril erbumine,aceon,8mg tablet,tablet,854925,perindopril erbumine 8 MG Oral Tablet,100.0,100.0,100.0,100,False,
https://www.costplusdrugs.com/medications/ramelteon-8mg-tablet-rozerem/,True,ramelteon,rozerem,8mg tablet,tablet,603162,ramelteon 8 MG Oral Tablet [Rozerem],100.0,100.0,100.0,100,False,
https://www.costplusdrugs.com/medications/nifedipineextendedreleaseer-90mg-tablet/,True,nifedipine extended release (er),procardia xl,90mg tablet,extended release tablet,198036,24 HR nifedipine 90 MG Extended Release Oral Tablet,100.0,100.0,100.0,100,False,
https://www.costplusdrugs.com/medications/deferasirox-90mg-tablet/,True,deferasirox,jadenu,90mg tablet,tablet,1607798,deferasirox 90 MG Oral Tablet [Jadenu],100.0,100.0,100.0,100,False,
https://www.costplusdrugs.com/medications/diltiazem-hcl-90mg-tablet-cardizem/,True,diltiazem hcl,cardizem,90mg tablet,tablet,831102,diltiazem hydrochloride 90 MG Oral Tablet,100.0,100.0,100.0,100,False,
https://www.costplusdrugs.com/medications/cinacalcet-hcl-90mg-tablet/,True,cinacalcet hcl,sensipar,90mg tablet,tablet,432400,cinacalcet 90 MG Oral Tablet,100.0,100.0,100.0,100,False,