product_url,rxcui_scd,similarity_scd
https://www.costplusdrugs.com/medications/dexamethasone-1_5mg-6-day-dose-pack-21-dexpak/,197580,0.9976777176796402
https://www.costplusdrugs.com/medications/fluticasone-salmeterol-45-21-mcg-act-aerosol-inhalation-12gm/,896236,0.879617148473073
https://www.costplusdrugs.com/medications/budesonide-formoterol-fumarate-80-4_5mcg-act-aerosol-inhaler-10_2-symbicort/,1246288,0.88036038798384
https://www.costplusdrugs.com/medications/Fluticasone-Salmeterol-250mcg50mcg-Tablet/,896209,0.8599527705034379
https://www.costplusdrugs.com/medications/advair-diskus-500-50mcg-act-60-dose-inhaler/,896228,0.8724691434174667
https://www.costplusdrugs.com/medications/NorethindroneAcetateEthinylEstradiol-1mg20mcg-Tablet/,1037183,0.9335043668352424
https://www.costplusdrugs.com/medications/NorethindroneAcetateEthinylEstradiol-1_5mg30mcg-Tablet/,1359022,0.9416577891576996
https://www.costplusdrugs.com/medications/NorethindroneAcetateEthinylEstradiol-1mg_20mcg-Tablet/,1037183,0.9335043668352424
https://www.costplusdrugs.com/medications/NorgestimateEthinylEstradiol-0_18-25_0_215-25_0_25-25mg-mcg-Tablet/,578732,0.9679132518054937
https://www.costplusdrugs.com/medications/drospirenoneethinylestradiol-3-0_03mg-blisterpack/,284207,0.9380230123597783
https://www.costplusdrugs.com/medications/norgestimateethinylestradiol-0_18mg0_215mg0_25mg_0_035mg-blisterpack28pack/,578732,0.9451958123751343
https://www.costplusdrugs.com/medications/Levonorgestrel-EthinylEstradiol-0_15mg-30mcg-Tablet/,238019,0.948824858292836
https://www.costplusdrugs.com/medications/estradiolnorethrindroneacetate-1mg0_5mg-blisterpack28pack/,1359126,0.9789595756165403
https://www.costplusdrugs.com/medications/NorgestrelEthinylEstradiol-0_3mg-30mcg-Tablet/,311359,0.9564721451623186
https://www.costplusdrugs.com/medications/desogestrelethinylestradiol_ethinylestradiol-0_15-0_02mg_0_01mg-blisterpack/,249357,0.9839043673181043
https://www.costplusdrugs.com/medications/Norethindrone-0_35mg-Tablet/,198042,0.9971927446751048
https://www.costplusdrugs.com/medications/Levonorgestrel-Ethinyl-Estradiol-Ethinyl-Estradiol-0_15mg-0_03mg&0_01mg-tablet/,238019,0.9768266344586337
https://www.costplusdrugs.com/medications/levonorgestrel-ethinyl-estradiol-91-day-0_15mg-0_03mg-blister-pack-of-91-tablets/,238019,0.9761288627147616
https://www.costplusdrugs.com/medications/lamotrigine-starter-kit-blue-35-x-25mg-blue-kit-35-lamictal/,282401,0.99693072314503
https://www.costplusdrugs.com/medications/darifenacin-hydrobromide-er-7_5mg-bottle-of-extended-release-tablets-30-enablex/,485423,0.951510610071669
https://www.costplusdrugs.com/medications/cevimeline-hcl-30mg-bottle-of-capsules-100-evoxac/,309140,0.9837445424700414
https://www.costplusdrugs.com/medications/anagrelide-hcl-1mg-bottle-of-capsules-100-agrylin/,597852,0.9774238922868234
https://www.costplusdrugs.com/medications/cyclosporine-25mg-bottle-of-capsules-30-sandimmune/,328160,0.9273526524246858
https://www.costplusdrugs.com/medications/atazanavir-sulfate-300mg-bottle-of-capsules-30-reyataz/,664741,0.9982084193532418
https://www.costplusdrugs.com/medications/bexarotene-75mg-bottle-of-capsules-100-targretin/,308725,0.9961629203217847
https://www.costplusdrugs.com/medications/fingolimod-hcl-0_5mg-bottle-of-30-capsules/,1012895,0.9957047948423468
https://www.costplusdrugs.com/medications/efavirenz-600mg-bottle-of-tablets-30-sustiva/,205291,0.9580491776590594
https://www.costplusdrugs.com/medications/danazol-50mg-bottle-of-capsules-100-danocrine/,197556,0.9946388386237274
https://www.costplusdrugs.com/medications/dantrolene-sodium-50mg-bottle-of-capsules-100-dantrium/,856660,0.9096026432423494
https://www.costplusdrugs.com/medications/ammonium-lactate-12-bottle-of-cream-385-lac-hydrin/,1041718,0.9473006100840388
https://www.costplusdrugs.com/medications/dimethyl-fumarate-240mg-bottle-of-capsules/,1373483,0.8642073760294957
https://www.costplusdrugs.com/medications/aripiprazole-15mg-bottle-of-disintegrating-tablets-30-abilify-discmelt/,643022,0.9927613732402959
https://www.costplusdrugs.com/medications/diphenhydramine-hcl-12_5-mg_5ml-bottle-of-elixir-473/,1049884,0.8974889781158066
https://www.costplusdrugs.com/medications/theophylline-80mg-15ml-bottle-of-elixir-473-elixophyllin/,313306,0.9020576279510679
https://www.costplusdrugs.com/medications/aspirin-dipyridamole-er-25-200mg-bottle-of-extended-release-capsules-60-aggrenox/,259081,0.9341927502672502
https://www.costplusdrugs.com/medications/invokamet-xr-50-500mg-tablet-extended-release-24-hr/,1545164,0.9626414168340547
https://www.costplusdrugs.com/medications/timolol-maleate-0_50-bottle-of-gel-5-timoptic-xe/,1923428,0.944036228369028
https://www.costplusdrugs.com/medications/desoximetasone-0_25-bottle-of-liquid-100-topicort-spray/,141850,0.9094994079850125
https://www.costplusdrugs.com/medications/desonide-0_05-tube-of-ointment-60-desowen/,204135,0.9373399536587446
https://www.costplusdrugs.com/medications/malathion-0_50-bottle-of-lotion-59-ovide/,204119,0.9693598572629105
https://www.costplusdrugs.com/medications/flurandrenolide-0_05-bottle-of-lotion-120-cordran/,197719,0.9837749969968336
https://www.costplusdrugs.com/medications/triamcinolone-acetonide-0_025-lotion-60ml/,1085741,0.9890626869881466
https://www.costplusdrugs.com/medications/sulfacetamide-sodium-acne-10-bottle-of-lotion-118-klaron/,1006688,0.9540719961632764
https://www.costplusdrugs.com/medications/seleniumsulfide-2_5-lotion/,727147,0.8824406389287766
https://www.costplusdrugs.com/medications/metronidazole-0_75-bottle-of-lotion-59-metrolotion/,242736,0.9090684230151677
https://www.costplusdrugs.com/medications/fluocinolone-acetonide-scalp-0_01-bottle-of-oil-118_28-derma-smoothe-fs-scalp/,1191307,0.9106492796526511
https://www.costplusdrugs.com/medications/timolol-maleate-0_50-solution-dropper-5-timoptic/,1923428,0.944036228369028
https://www.costplusdrugs.com/medications/dorzolamidehcltimololmaleate-22_3-6_8mg_ml-solution/,1923432,0.9537541658316862
https://www.costplusdrugs.com/medications/travoprost-bak-free-0_004-solution-dropper-5-travatan-z/,284008,0.9781868742370974
https://www.costplusdrugs.com/medications/brimonidine-tartrate-0_15-solution-dropper-5-alphagan-p/,861208,0.9444998863547717
https://www.costplusdrugs.com/medications/ofloxacin-0_003-solution-5ml/,312075,0.970343786909455
https://www.costplusdrugs.com/medications/dorzolamidehcl-0_02-solution/,310015,0.9431226956917221
https://www.costplusdrugs.com/medications/moxifloxacinhcl-0_5-ophthalmicsolution/,403818,0.9706067073619766
https://www.costplusdrugs.com/medications/brimonidine-tartrate-timolol-0_2-0_5-15ml-bottle-of-solution/,861635,0.9678413560371079
https://www.costplusdrugs.com/medications/bimatoprost-0_03-solution-dropper-2_5-lumigan/,308739,0.9765146817245804
https://www.costplusdrugs.com/medications/brinzolamide-1-suspension-dropper-15-azopt/,308805,0.9093060023684922
https://www.costplusdrugs.com/medications/loteprednol-etabonate-0_50-bottle-of-suspension-5-lotemax/,311382,0.9475205838755572
https://www.costplusdrugs.com/medications/atovaquone-750mg_5ml-210ml-bottle-of-suspension/,308429,0.9463093029797758
https://www.costplusdrugs.com/medications/OfloxacinOtic-0_003-Solution/,242446,0.9786097791320051
https://www.costplusdrugs.com/medications/sodium-polystyrene-sulfonate-60meq-bottle-of-powder-15-kayexalate/,2101899,0.8443376547920881
https://www.costplusdrugs.com/medications/prednisolone-sodium-phosphate-20mg-5ml-bottle-of-soltuion-237-veripred-20/,249066,0.9314817489188265
https://www.costplusdrugs.com/medications/enalapril-maleate-1mg-ml-bottle-of-solution-150-epaned/,1435624,0.9673500138322755
https://www.costplusdrugs.com/medications/moxifloxacin-hcl-2x-day-0_50-bottle-of-solution-3-moxeza/,403818,0.9597357325057629
https://www.costplusdrugs.com/medications/chlorhexidine-gluconate-0_12-bottle-of-solution-473-peridex/,834127,0.8907308028335705
https://www.costplusdrugs.com/medications/erythromycin-2-bottle-of-solution-60-a-t-s/,318202,0.9253064017450316
https://www.costplusdrugs.com/medications/fluocinolone-acetonide-0_03-tube-of-ointment-60-synalar/,1191256,0.9618450199768435
https://www.costplusdrugs.com/medications/prednisolone-15mg-5ml-bottle-of-solution-480-prelone/,249066,0.9457193096768739
https://www.costplusdrugs.com/medications/diclofenac-sodium-1_50-bottle-of-solution-150-klofensaid-ii/,857700,0.8657718255100637
https://www.costplusdrugs.com/medications/calcipotriene-0_01-tube-of-ointment-60-dovonex/,198373,0.8918403084181783
https://www.costplusdrugs.com/medications/lactulose-10g-15ml-bottle-of-solution-473-duphalac/,1251190,0.8984782234640467
https://www.costplusdrugs.com/medications/acetic-acid-2-bottle-of-solution-15-vosol/,197305,0.929611123553971
https://www.costplusdrugs.com/medications/glycopyrrolate-1mg-5ml-bottle-of-solution-473-cuvposa/,999961,0.8531071752952301
https://www.costplusdrugs.com/medications/pilocarpine-hcl-4-bottle-of-solution-15-isopto-carpine/,2695439,0.9162945288537349
https://www.costplusdrugs.com/medications/clobetasol-propionate-0_05-solution-4-cormax-scalp-application/,861490,0.8691210300594496
https://www.costplusdrugs.com/medications/diclofenac-sodium-2-bottle-of-solution-112-pennsaid/,1487074,0.9369789901193009
https://www.costplusdrugs.com/medications/podofilox-0_50-bottle-of-solution-3_5-condylox/,582926,0.9556423026264278
https://www.costplusdrugs.com/medications/hydrocortisone-butyrate-0_10-tube-of-ointment-15-locoid/,1370758,0.9591681773128402
https://www.costplusdrugs.com/medications/metformin-hcl-500mg-5ml-bottle-of-solution-473-riomet/,861025,0.9089798125297384
https://www.costplusdrugs.com/medications/posaconazole-dr-100mg-tablet/,1482908,0.963415226279395
https://www.costplusdrugs.com/medications/galantamine-hydrobromide-4mg-ml-bottle-of-solution-100-reminyl/,860901,0.9726540752783859
https://www.costplusdrugs.com/medications/sulfacetamide-sodium-10-bottle-of-solution-15-bleph-10/,1006120,0.9585354115584107
https://www.costplusdrugs.com/medications/cyclosporine-modified-100mg-ml-bottle-of-solution-50-neoral/,835886,0.951435414527562
https://www.costplusdrugs.com/medications/nortriptyline-hcl-10mg-5ml-bottle-of-solution-473-aventyl/,312036,0.9133614991954411
https://www.costplusdrugs.com/medications/potassium-chloride-40meq-15ml-20-bottle-of-solution-473-k-sol/,2728724,0.9111801919956957
https://www.costplusdrugs.com/medications/bimatoprost-0_03-bottle-of-solution-5-latisse/,308739,0.9765146817245804
https://www.costplusdrugs.com/medications/clindamycinphosphate-1-lotion/,197519,0.9285276453170745
https://www.costplusdrugs.com/medications/peg-3350-kcl-na-bicarb-nacl-na-sulfate-240gm-bottle-of-solution-reconstituted-4000-gavilyte-c/,966920,0.8662753820101275
https://www.costplusdrugs.com/medications/peg-kcl-nacl-nasulf-na-asc-c-100gm-bottle-of-solution-reconstituted-1-moviprep/,800915,0.7174542521391778
https://www.costplusdrugs.com/medications/peg-3350-kcl-na-bicarb-nacl-420gm-bottle-of-solution-reconstituted-4000-nulytely-lemon-lime/,1718983,0.8503172979161169
https://www.costplusdrugs.com/medications/calcipotriene-betameth-diprop-0_005-0_064-tube-of-ointment-60-taclonex/,388525,0.9144108767475662
https://www.costplusdrugs.com/medications/sulfamethoxazole-trimethoprim-200-40mg-5ml-bottle-of-suspension-473-sulfatrim/,313134,0.949999360077783
https://www.costplusdrugs.com/medications/griseofulvin-microsize-125mg-5ml-bottle-of-suspension-120-grifulvin-v/,239238,0.9032175734699879
https://www.costplusdrugs.com/medications/nitrofurantoin-25mg-5ml-bottle-of-suspension-230-furadantin/,311989,0.9562749687565029
https://www.costplusdrugs.com/medications/diazoxide-50mg-ml-bottle-of-suspension-30-proglycem/,197593,0.9778099722523328
https://www.costplusdrugs.com/medications/megestrol-acetate-40mg-ml-bottle-of-suspension-240-megace-oral/,860225,0.9733422286999688
https://www.costplusdrugs.com/medications/megestrol-acetate-625mg-5ml-bottle-of-suspension-150-megace-es/,577154,0.9065782504333275
https://www.costplusdrugs.com/medications/spironolactone-25mg-5ml-bottle-of-suspension-118-carospir/,104232,0.9227327188629841
https://www.costplusdrugs.com/medications/promethazine-vc-6_25-5mg-5ml-bottle-of-syrup-473-phenergan-vc/,992432,0.8813635081018556
https://www.costplusdrugs.com/medications/promethazine-dm-6_25-15-mg_5ml-syrup-473/,991528,0.8922015674635634
https://www.costplusdrugs.com/medications/invokana-300mg-tablet-90/,1373471,0.9972690337704995
https://www.costplusdrugs.com/medications/efavirenz-emtricitab-tenofo-df-600-200-300mg-bottle-of-tablets-30-atripla/,643066,0.987853839169984
https://www.costplusdrugs.com/medications/brenzavvy-20mg/,2637859,0.9973306737635113
https://www.costplusdrugs.com/medications/nitroglycerin-sl-0_6mg-bottle-of-tablets/,198040,0.9881474783451285
https://www.costplusdrugs.com/medications/emtricitabine-tenofovir-df-167-250mg-bottle-of-tablets-30-truvada/,1744009,0.9730212951231841
https://www.costplusdrugs.com/medications/invokamet-50-500mg-tablet/,1545164,0.9945358736817684
https://www.costplusdrugs.com/medications/gefitinib-250mg-bottle-of-tablets-30-iressa/,349472,0.9326640878093414
https://www.costplusdrugs.com/medications/tavaborole-5-10ml-bottle-of-solution/,1543177,0.9152597641729268
https://www.costplusdrugs.com/medications/bismuth-subcitrate-potassium-metronidazole-tetracycline-140-125-125-mg-box-120-pylera/,1294619,0.9788039259133077
https://www.costplusdrugs.com/medications/hadlima-pushtouch-adalimumab-bwwd-40mg-0_8ml-box-of-2-auto-injectors-1_6/,2640419,0.9180105228410864
https://www.costplusdrugs.com/medications/yusimry-40mg-0_8ml-box-of-2-pen-injectors/,2640389,0.8801062820472495
https://www.costplusdrugs.com/medications/hadlima-adalimumab-bwwd-40mg-0_8ml-box-of-2-prefilled-syringes-1_6/,1726844,0.9456461806072425
https://www.costplusdrugs.com/medications/tiotropium-bromide-inhalation-powder-18mcg-30-capsules/,485032,0.8965714105508007
https://www.costplusdrugs.com/medications/duavee-0_45-20mg-30-tablets/,1441392,0.9394536139400617
https://www.costplusdrugs.com/medications/budesonide-0_5mg_2ml-inhalation-suspension-60ml/,252559,0.9855355993460319
https://www.costplusdrugs.com/medications/cyclosporine-0_05-box-of-60-vials-emulsion/,351291,0.9311553685287561
https://www.costplusdrugs.com/medications/estradioltwiceweekly-0_075mg-patch8pack/,2619681,0.8453889405595314
https://www.costplusdrugs.com/medications/estradioltwiceweekly-0_1mg-patch8pack/,310169,0.8444504220953833
https://www.costplusdrugs.com/medications/estradiol-(twice-weekly)-0_1-mg_24hr-patch-8-lyllana/,248478,0.835722785822144
https://www.costplusdrugs.com/medications/sumatriptan-succinate-6mg-0_5ml-solution-auto-injector-kit-0_5-imitrex-statdose-system/,1738576,0.9575184741013568
https://www.costplusdrugs.com/medications/lidocaine-hcl-2-box-of-prefilled-syringes-6-glydo/,1010900,0.8985643461508039
https://www.costplusdrugs.com/medications/ketoconazole-2-can-of-foam-50-extina/,728550,0.9322008687608585
https://www.costplusdrugs.com/medications/betamethasone-valerate-0_12-can-of-foam-50-luxiq/,1244634,0.9414443731523319
https://www.costplusdrugs.com/medications/clobetasol-propionate-emulsion-0_05-can-of-foam-50-olux-e/,1992273,0.9516016384364709
https://www.costplusdrugs.com/medications/clindamycin-phosphate-1-can-of-foam-50-evoclin/,477451,0.9256630426601451
https://www.costplusdrugs.com/medications/cholestyramine-4gm-dose-can-of-powder-378-questran/,848943,0.8432266464301459
https://www.costplusdrugs.com/medications/cholestyramine-light-4gm-dose-can-of-powder-239_4-prevalite/,1801279,0.8161597403728771
https://www.costplusdrugs.com/medications/b-complex-w-c-folic-acid-1mg-capsule-wescaps/,309606,0.8576685635888417
https://www.costplusdrugs.com/medications/tolmetin-sodium-400mg-capsule-tolectin-ds/,198296,0.9957879123210231
https://www.costplusdrugs.com/medications/tamsulosin-0_4mg-capsule/,863669,0.9501137812509559
https://www.costplusdrugs.com/medications/disopyramide-phosphate-150mg-capsule-norpace/,309960,0.9952499043365872
https://www.costplusdrugs.com/medications/balsalazide-disodium-750mg-capsule-colazal/,885857,0.988214988093777
https://www.costplusdrugs.com/medications/loperamide-hcl-2mg-capsule/,978006,0.9630658914265191
https://www.costplusdrugs.com/medications/amoxicillin-500mg-capsule-amoxil/,308191,0.9965380733632198
https://www.costplusdrugs.com/medications/lithium-carbonate-600mg-capsule-eskalith/,197893,0.9727260340605872
https://www.costplusdrugs.com/medications/nitrofurantoin-mono_macro-100mg-capsule/,1648759,0.9392739378110561
https://www.costplusdrugs.com/medications/rifabutin-150mg-capsule-mycobutin/,198200,0.9944503060630756
https://www.costplusdrugs.com/medications/amantadine-hcl-50mg-5ml-bottle-of-solution-473-symmetrel/,849389,0.9509134046382325
https://www.costplusdrugs.com/medications/nifedipine-20mg-capsule-adalat/,198033,0.9962081290609796
https://www.costplusdrugs.com/medications/DoxycyclineMonohydrate-100mg-Capsule/,1649988,0.9841613276589913
https://www.costplusdrugs.com/medications/dutasteride-0_5mg-capsule-avodart/,351172,0.9972874009831023
https://www.costplusdrugs.com/medications/dofetilide-500mcg-capsule/,310005,0.9455928578119502
https://www.costplusdrugs.com/medications/Ergocalciferol-1_25mg-Capsule/,1367410,0.9917026602681294
https://www.costplusdrugs.com/medications/esomeprazole-magnesium-40mg-suspension-packet-nexium/,606730,0.9692125951715522
https://www.costplusdrugs.com/medications/fenofibrate-134mg-capsule/,310288,0.9962538074645614
https://www.costplusdrugs.com/medications/fluoxetinehcl-20mg_5ml-milliliters/,310385,0.9160554238992933
https://www.costplusdrugs.com/medications/olanzapine-fluoxetine-hcl-6-50mg-capsule-symbyax/,403972,0.9494674191655077
https://www.costplusdrugs.com/medications/paroxetine-mesylate-7_5mg-capsule-brisdelle/,1430122,0.9405602680503158
https://www.costplusdrugs.com/medications/acitretin-25mg-capsule-soriatane/,199690,0.9152153351656651
https://www.costplusdrugs.com/medications/amlodipinebesylate-benazeprilhcl-5mg-20mg-capsule/,898356,0.9949462987977177
https://www.costplusdrugs.com/medications/icosapent-ethyl-1g-capsule/,1304979,0.9321693638256587
https://www.costplusdrugs.com/medications/calcitriol-1mcg-ml-solution-dropper-15-rocaltrol/,313932,0.8887960764679368
https://www.costplusdrugs.com/medications/clindamycin-phosphate-2-tube-of-cream-40-cleocin/,197519,0.8831892396375238
https://www.costplusdrugs.com/medications/doxercalciferol-2_5mcg-capsule-hectorol/,310023,0.9507686140168793
https://www.costplusdrugs.com/medications/tasimelteon-20mg-capsule-hetlioz/,1490473,0.9925467446707662
https://www.costplusdrugs.com/medications/cefixime-400mg-capsule-suprax/,409823,0.9962825007892151
https://www.costplusdrugs.com/medications/acebutolol-hcl-400mg-capsule-sectral/,998685,0.9944240132508906
https://www.costplusdrugs.com/medications/diclofenac-potassium-25mg-capsule-zipsor/,858342,0.9967516668731519
https://www.costplusdrugs.com/medications/zidovudine-50mg-5ml-bottle-of-syrup-240-retrovir/,198352,0.9417817964260553
https://www.costplusdrugs.com/medications/triamterene&hydrochlorothiazide-37_5-25mg-capsule/,198316,0.9823180499258417
https://www.costplusdrugs.com/medications/calciumacetate-667mg-capsule/,359296,0.9352373090877554
https://www.costplusdrugs.com/medications/itraconazole-10mg-ml-bottle-of-solution-150-sporanox/,311204,0.9264296191452858
https://www.costplusdrugs.com/medications/silodosin-8mg-capsule-rapaflo/,809477,0.991535125727569
https://www.costplusdrugs.com/medications/lubiprostone-8mcg-capsule-amitiza/,794639,0.950154893193013
https://www.costplusdrugs.com/medications/quinine-sulfate-324mg-capsule-qualaquin/,997010,0.9501588472836482
https://www.costplusdrugs.com/medications/fenofibrate-micronized-130mg-capsule-antara-lipofen-and-other-brands/,483425,0.9959895932983605
https://www.costplusdrugs.com/medications/cephalexin-125mg5ml-reconstitutedsuspension/,309114,0.9389876877773176
https://www.costplusdrugs.com/medications/nimodipine-30mg-capsule-nimotop/,858616,0.9249951870244927
https://www.costplusdrugs.com/medications/omega3acidethylesters-1gm-capsule/,577208,0.9495657629630965
https://www.costplusdrugs.com/medications/dutasteride-tamsulosin-hcl-0_5-0_4mg-capsule-jalyn/,996097,0.9916239409618199
https://www.costplusdrugs.com/medications/dabigatran-etexilate-mesylate-75mg-bottle-of-capsules-60-pradaxa/,1037179,0.9937077629613054
https://www.costplusdrugs.com/medications/fluvastatin-sodium-40mg-capsule-lescol/,310405,0.9959745007905773
https://www.costplusdrugs.com/medications/nicardipine-hcl-30mg-capsule-cardene/,858616,0.9811987601200639
https://www.costplusdrugs.com/medications/omeprazole-sodium-bicarbonate-40mg-1100mg-capsule/,616541,0.9917754597342608
https://www.costplusdrugs.com/medications/piroxicam-20mg-capsule-feldene/,198108,0.9907434558055602
https://www.costplusdrugs.com/medications/ethosuximide-250mg-5ml-bottle-of-solution-473-zarontin/,251322,0.894233909629147
https://www.costplusdrugs.com/medications/paricalcitol-2mcg-capsule-zemplar/,577317,0.9166481511576727
https://www.costplusdrugs.com/medications/mesalamine-400mg-capsule-delayed-release-delzicol/,1368954,0.9881548442168261
https://www.costplusdrugs.com/medications/choline-fenofibrate-45mg-capsule-delayed-release-trilipix/,483427,0.887428481408421
https://www.costplusdrugs.com/medications/dexlansoprazole-60mg-capsule-delayed-release-dexilant/,833213,0.9976012273966706
https://www.costplusdrugs.com/medications/topiramate-er-50mg-capsule-extended-release-sprinkle-qudexy-xr/,252413,0.9673846969168106
https://www.costplusdrugs.com/medications/propafenone-hcl-er-425mg-capsule-extended-release-rythmol-sr/,861171,0.9394661039001105
https://www.costplusdrugs.com/medications/diltiazem-hcl-er-240mg-capsule-extended-release-diltia-xt/,830837,0.9692666422269322
https://www.costplusdrugs.com/medications/diltiazem-hcl-er-coated-beads-300mg-capsule-extended-release-cartia-xt/,830801,0.9508043909353547
https://www.costplusdrugs.com/medications/diltiazem-hcl-extended-release-360mg-capsule-extended-release-taztia-xt/,830795,0.950406786102203
https://www.costplusdrugs.com/medications/diltiazem-hcl-er-90mg-capsule-extended-release-cardizem-sr/,830869,0.9345117887745029
https://www.costplusdrugs.com/medications/verapamil-hcl-er-300mg-capsule-extended-release-verelan-pm/,897596,0.9506772907624634
https://www.costplusdrugs.com/medications/diltiazem-hcl-extended-release-420mg-capsule-extended-release-tiadylt-er/,831359,0.9472726045403519
https://www.costplusdrugs.com/medications/carbamazepine-er-300mg-capsule-extended-release-carbatrol/,200131,0.9261693014316433
https://www.costplusdrugs.com/medications/verapamil-hcl-er-360mg-capsule-extended-release-verelan/,897630,0.9494032491311213
https://www.costplusdrugs.com/medications/fluvoxamine-maleate-er-150mg-capsule-extended-release-luvox-cr/,903879,0.9255869730990396
https://www.costplusdrugs.com/medications/diltiazem-hcl-extended-release-er-240mg-capsule/,830837,0.9550791942449826
https://www.costplusdrugs.com/medications/galantamine-hydrobromide-er-8mg-capsule-extended-release-razadyne-er/,310437,0.9365779626384333
https://www.costplusdrugs.com/medications/trospium-chloride-er-60mg-capsule-extended-release-sanctura-xr/,857564,0.921553154121221
https://www.costplusdrugs.com/medications/topiramate-er-50mg-capsule-extended-release-trokendi-xr/,1436239,0.9146148792872422
https://www.costplusdrugs.com/medications/ketoprofen-200-mg-capsule-extended-release-24-hour/,359697,0.9299887287188622
https://www.costplusdrugs.com/medications/tirosint-88mcg-blister-pack-30-capsules/,905462,0.947049448745985
https://www.costplusdrugs.com/medications/tobramycin-300mg-5ml-carton-of-ampules-5-tobi/,348719,0.941393037977726
https://www.costplusdrugs.com/medications/tobramycin-300mg-4ml-carton-of-ampules-56-bethkis/,1314763,0.9402292433822902
https://www.costplusdrugs.com/medications/budesonide-1mg-2ml-carton-of-ampules-30-pulmicort/,351109,0.90990021535977
https://www.costplusdrugs.com/medications/nicotine-polacrilex-4mg-carton-of-gum-110-nicorette/,311975,0.8477080687474157
https://www.costplusdrugs.com/medications/nicotine-polacrilex-4-mg-carton-of-lozenges-27/,359818,0.8150471382343271
https://www.costplusdrugs.com/medications/naloxone-hcl-4mg-0_1ml-carton-of-nasal-spray-2-narcan/,1725059,0.9527005541529192
https://www.costplusdrugs.com/medications/diclofenac-potassiummigraine-50mg-carton-of-packets-9-cambia/,855942,0.9168572649289685
https://www.costplusdrugs.com/medications/nicotine-td-7mg-carton-of-patches-24hr-14-habitrol-nicoderm-cq/,198030,0.7646439329355492
https://www.costplusdrugs.com/medications/dorzolamide-hcl-timolol-mal-pf-2-0_5-carton-of-solution-60-cosopt-pf/,1923432,0.9504437341290342
https://www.costplusdrugs.com/medications/tafluprost-pf-0_0015-carton-of-solution-containers-10-zioptan/,1244611,0.9837561159752097
https://www.costplusdrugs.com/medications/timolol-maleate-ocudose-0_50-carton-of-solution-dropper-60-timoptic-ocudose/,1923428,0.944036228369028
https://www.costplusdrugs.com/medications/formoterol-fumarate-20mcg-2ml-carton-of-solution-vials-2-perforomist/,1246319,0.924765752754743
https://www.costplusdrugs.com/medications/cromolyn-sodium-20mg-2ml-carton-of-solution-vials-2-intal/,831246,0.9293453664089332
https://www.costplusdrugs.com/medications/asenapine-maleate-5mg-carton-of-sublingual-tablets-60-saphris/,859981,0.9971964617954885
https://www.costplusdrugs.com/medications/clomid-50mg-30-tablets/,1093060,0.9491064674476027
https://www.costplusdrugs.com/medications/estradiol-0_1mg-carton-of-weekly-patches-4-climara/,310169,0.8322106338194574
https://www.costplusdrugs.com/medications/amoxicillin-pot-clavulanate-200-28_5mg-tablet-chewable-augmentin/,617309,0.9737179100040456
https://www.costplusdrugs.com/medications/carbamazepine-100mg-5ml-bottle-of-suspension-450-tegretol/,308973,0.9412777956837389
https://www.costplusdrugs.com/medications/sodium-fluoride-2_2mg-1mg-fluoride-chewable-tablet/,315213,0.951343889767704
https://www.costplusdrugs.com/medications/hydrocortisone-0_01-cream/,203105,0.9493034099522292
https://www.costplusdrugs.com/medications/Permethrin-0_05-Cream/,106387,0.9022710346667935
https://www.costplusdrugs.com/medications/lidocaineprilocaine-2_5-2_5-cream/,197877,0.9524041883233866
https://www.costplusdrugs.com/medications/clobetasolpropionate-0_0005-ointment/,861448,0.9835737340729294
https://www.costplusdrugs.com/medications/betamethasonedipropionate-0_05_cream/,238920,0.9448100348793058
https://www.costplusdrugs.com/medications/hydrocortisone-2_50-bottle-of-lotion-118-hytone/,197785,0.9614938885221662
https://www.costplusdrugs.com/medications/Clotrimazole-0_01-Cream/,418475,0.951221719112856
https://www.costplusdrugs.com/medications/econazole-nitrate-1-cream-85g/,857366,0.8779385311242074
https://www.costplusdrugs.com/medications/Ketoconazole-0_02-Cream/,647253,0.9316378015185083
https://www.costplusdrugs.com/medications/mometasonefuroate-0_1-solution/,311753,0.9574963048162087
https://www.costplusdrugs.com/medications/estradiol-0_01-tubeofcream42_5g/,310169,0.9446732584191695
https://www.costplusdrugs.com/medications/halobetasol-propionate-0_0005-ointment/,977978,0.984601065766392
https://www.costplusdrugs.com/medications/imiquimod-5-cream/,310982,0.9384793867775376
https://www.costplusdrugs.com/medications/nystatin-500000-unit-tablet-mycostatin/,543546,0.947237800508154
https://www.costplusdrugs.com/medications/clotrimazole-betamethasone-1-0_05-bottle-of-lotion-30-lotrisone/,308715,0.9633224908987291
https://www.costplusdrugs.com/medications/clobetasol-propionate-emollient-0_0005-cream/,1992281,0.9683886615075671
https://www.costplusdrugs.com/medications/nystatin-triamcinolone-100000unitg-0_1-cream/,1053753,0.9755292002408681
https://www.costplusdrugs.com/medications/imiquimod-pump-3_75-cream-pump-7_5-zyclara/,967017,0.9666564254648281
https://www.costplusdrugs.com/medications/budesonide-dr-3mg-capsule/,2587883,0.9443996341917463
https://www.costplusdrugs.com/medications/LansoprazoleDR-30mg-Capsule/,311277,0.9880575326059094
https://www.costplusdrugs.com/medications/omeprazoledelayedreleasedr-40mg-capsule/,200329,0.9858051623196118
https://www.costplusdrugs.com/medications/duloxetinedelayedreleasedr-60mg-capsule/,596934,0.9401981368601593
https://www.costplusdrugs.com/medications/lansoprazole-delayed-release-dr-30mg-orally-disintegrating-tablet/,351260,0.9285791207499581
https://www.costplusdrugs.com/medications/DivalproexSodium-500mg-Tablet/,1099870,0.9782216015775151
https://www.costplusdrugs.com/medications/pantoprazole-sodium-40mg-packet-protonix/,314200,0.9553732829548067
https://www.costplusdrugs.com/medications/mycophenolate-sodium-delayed-release-360mg-tablet/,485023,0.9636816661461847
https://www.costplusdrugs.com/medications/mesalamine-dr-1_2gm-tablet/,686429,0.9508762635487
https://www.costplusdrugs.com/medications/fluocinolone-acetonide-0_01-ear-dropper-20-dermotic/,1191299,0.9869674478215853
https://www.costplusdrugs.com/medications/ciprofloxacin-dexamethasone-0_3-0_1-ear-dropper-7_5-ciprodex/,403908,0.940240736607838
https://www.costplusdrugs.com/medications/naproxen-ec-500mg-ec-tablet-delayed-release-ec-naprosyn/,311915,0.9755764264549187
https://www.costplusdrugs.com/medications/difluprednate-0_05-emulsion-dropper-5-durezol/,804544,0.9578886130880411
https://www.costplusdrugs.com/medications/hydrocortisone-100mg-60ml-enema-60-cortenema/,310878,0.9295081624728242
https://www.costplusdrugs.com/medications/memantineextendedreleaseer-7mg-capsule/,996615,0.9224484676497036
https://www.costplusdrugs.com/medications/mesalamineextendedreleaseer-375mg-capsule/,825130,0.9339998187011472
https://www.costplusdrugs.com/medications/propranololhclextendedreleaseer-80mg-capsule/,856569,0.9306804345781668
https://www.costplusdrugs.com/medications/tolterodinetartrateer-4mg-capsule/,855189,0.9281351856139586
https://www.costplusdrugs.com/medications/cyclobenzaprineextendedreleaseer-30mg-capsule/,828353,0.9252000333886977
https://www.costplusdrugs.com/medications/potassiumchlorideextendedreleaseer-8meq-capsule/,315183,0.9311262235606634
https://www.costplusdrugs.com/medications/paliperidone-er-9mg-tablet/,672571,0.9487936128257245
https://www.costplusdrugs.com/medications/clonidineextendedreleaseer-0_1mg-tablet/,884173,0.9370015374052373
https://www.costplusdrugs.com/medications/diclofenacsodiumdelayedreleasedr-75mg-tablet/,855926,0.9717902357011963
https://www.costplusdrugs.com/medications/carbidopa-levodopa-er-50mg-200mg-tablet/,308989,0.9970873049015722
https://www.costplusdrugs.com/medications/verapamilhcler-240mg-tablet/,897649,0.9903737715833375
https://www.costplusdrugs.com/medications/potassium-chloride-er-8-meq-tablet/,312529,0.9784477983969655
https://www.costplusdrugs.com/medications/amoxicillin-pot-clavulanate-er-1000-62_5mg-extended-release-tablet-augmentin-xr/,617995,0.9278408395230504
https://www.costplusdrugs.com/medications/GuanfacineHClER-4mg-Tablet/,862025,0.9376355980299655
https://www.costplusdrugs.com/medications/quetiapinefumarateextendedreleaseer-400mg-tablet/,616483,0.9467249617481044
https://www.costplusdrugs.com/medications/paroxetine-extended-release-er-12_5mg-tablet/,1738803,0.8993052574138067
https://www.costplusdrugs.com/medications/clobetasol-propionate-0_0005-foam/,861353,0.9790262813416065
https://www.costplusdrugs.com/medications/clindamycin-phosphate-benzoyl-peroxide-1_2-5-gel/,358917,0.9579218972067088
https://www.costplusdrugs.com/medications/estradiol-1mg-g-gel-packet-divigel/,2619683,0.9463104557207518
https://www.costplusdrugs.com/medications/metronidazole-1-gel-pump-55-metrogel/,577237,0.9185396437238111
https://www.costplusdrugs.com/medications/boric-acid-10-gel-pump-30-mirvaso/,1049228,0.7098336895973459
https://www.costplusdrugs.com/medications/clindamycin-phosphate-benzoyl-peroxide-1_5-gel-50gm/,358917,0.9422902204788157
https://www.costplusdrugs.com/medications/adapalene-benzoyl-peroxide-0_1-2_5-gel-pump-45-epiduo/,829539,0.9671005563072324
https://www.costplusdrugs.com/medications/clindamycin-phos-benzoyl-perox-1_2-2_5-gel-pump-50-acanya/,885131,0.9538259467773997
https://www.costplusdrugs.com/medications/adapalene-benzoyl-peroxide-0_3-2_5-gel-pump-45-epiduo-forte/,1663745,0.9653015271766765
https://www.costplusdrugs.com/medications/lamotrigine-starter-kit-green-84-x-25mg-14x100mg-green-kit-98-lamictal/,282401,0.9795587927047916
https://www.costplusdrugs.com/medications/albuterol-90mcg-inhaler18g/,2665906,0.82923286887433
https://www.costplusdrugs.com/medications/triamcinolone-acetonide-0_05-jar-of-ointment-430-trianex/,1085640,0.9704117435890572
https://www.costplusdrugs.com/medications/erythromycin-2-jar-of-pads-60-ery/,797452,0.887077684028764
https://www.costplusdrugs.com/medications/lactic-acid-ammonium-lactate-12-lotion-227g/,1311660,0.8863589281315937
https://www.costplusdrugs.com/medications/clotrimazole-10mg-lozenge-mycelex/,309371,0.9948000357418907
https://www.costplusdrugs.com/medications/valproatesodium-250mg_5ml-milliliters/,1099681,0.9036181085810567
https://www.costplusdrugs.com/medications/olopatadine-hcl-0_60-solution-spray-30_5-patanase/,1797895,0.9349803821859847
https://www.costplusdrugs.com/medications/calcitonin-salmon-200-unit-act-nasal-spray-3_7-miacalcin/,313919,0.9344898420719454
https://www.costplusdrugs.com/medications/azelastine-fluticasone-137-50mcg-act-nasal-spray-23-dymista/,1797847,0.9229996316583311
https://www.costplusdrugs.com/medications/SumatriptanSuccinate-50mg-Tablet/,313159,0.9332505946873437
https://www.costplusdrugs.com/medications/flunisolide-25mcg-act-0_025-nasal-spray-25-nasalide/,1797863,0.9434991036366425
https://www.costplusdrugs.com/medications/Azelastine%20HCl-0_001-Solution/,1797883,0.9092351548719102
https://www.costplusdrugs.com/medications/dihydroergotamine-mesylate-4mg-ml-nasal-spray-1-migranal/,861668,0.8993354147527792
https://www.costplusdrugs.com/medications/desmopressin-ace-spray-refrig-0_01-nasal-spray-5-minirin/,849506,0.9414177981338439
https://www.costplusdrugs.com/medications/albuterol-sulfate-1_25mg_3ml-inhalation-suspension-75ml/,630208,0.9187238455292759
https://www.costplusdrugs.com/medications/arformoterol-tartrate-15mcg-2ml-nebulization-solution-2-brovana/,668956,0.930176938501079
https://www.costplusdrugs.com/medications/lamotrigine-50mg-orallydisintegratingtablet-odt/,252478,0.9941109304621077
https://www.costplusdrugs.com/medications/olanzapine-5mg-odt/,312078,0.9689900011730185
https://www.costplusdrugs.com/medications/zolmitriptan-5mg-blister-pack-of-3-odt-tablets/,200194,0.9863108479824553
https://www.costplusdrugs.com/medications/ondansetron-8mg-orallydisintegratingtablet-odt/,312086,0.9962418525989003
https://www.costplusdrugs.com/medications/mirtazapine-45mg-orallydisintegratingtablet-odt/,311726,0.9955947192863384
https://www.costplusdrugs.com/medications/rizatriptan-benzoate-5mg-odt-tablet/,312840,0.9109967469430793
https://www.costplusdrugs.com/medications/fluocinolone-acetonide-body-0_01-oil-118_28ml/,1191307,0.9851752996289134
https://www.costplusdrugs.com/medications/mupirocin-2-ointment-22g/,106346,0.9649506674912791
https://www.costplusdrugs.com/medications/lidocaine-hcl-4-bottle-of-solution-50-xylocaine/,2559400,0.9132106527636992
https://www.costplusdrugs.com/medications/Nystatin-100000unitsg-Ointment/,543546,0.9464209189059463
https://www.costplusdrugs.com/medications/Erythromycin-5mg-Ointment/,310149,0.9115047234404353
https://www.costplusdrugs.com/medications/cromolynsodium-0_04-ophthalmicsolution/,831109,0.9520687454201077
https://www.costplusdrugs.com/medications/olopatadinehcl-0_001-ophthalmicsolution/,1111339,0.9761343649658423
https://www.costplusdrugs.com/medications/tobramycin-0_003-ophthalmicsolution/,313415,0.976212259317723
https://www.costplusdrugs.com/medications/ciprofloxacin-hcl-0_3-ophthalmic-solution-10ml/,309307,0.957221322093339
https://www.costplusdrugs.com/medications/brimonidinetartrate-0_002-solution/,861200,0.948201858950251
https://www.costplusdrugs.com/medications/ketotifen-fumarate-0_035-ophthalmic-solution-5ml/,311237,0.9488152902777313
https://www.costplusdrugs.com/medications/ketorolac-tromethamine-0_005-solution-5ml/,860107,0.9368769950106344
https://www.costplusdrugs.com/medications/neomycinpolymyxindexamethasone-3_5-10000-0_1-suspension/,309680,0.9557154865945265
https://www.costplusdrugs.com/medications/NeomycinPolymyxinHydrocortisone-3_5mgmL-10000UnitmL-0_01-Suspension/,204874,0.9562950363892758
https://www.costplusdrugs.com/medications/sirolimus-1mg_ml-oral-solution-60ml/,314230,0.9592767908658277
https://www.costplusdrugs.com/medications/lamotrigine-starter-kit-orange-42-x-25mg-7-x-100mg-orange-kit-49-lamictal/,282401,0.9795587927047916
https://www.costplusdrugs.com/medications/prempro-0_625-5mg-28-tablets/,1000356,0.9396991261406964
https://www.costplusdrugs.com/medications/premphase-0_625-5mg-28-tablets/,1000356,0.9396991261406964
https://www.costplusdrugs.com/medications/euthyrox-88mcg-tablet-30/,966253,0.9399988298632275
https://www.costplusdrugs.com/medications/vardenafil-hcl-orally-disintegrating-tablet-10mg-blister-pack-of-4-odt-tablets/,996179,0.9872759346593267
https://www.costplusdrugs.com/medications/ipratropium-albuterol-0_5-2_5mg_solution-30-x-3ml/,1437702,0.9239699663859131
https://www.costplusdrugs.com/medications/norethindrone-ace-ethinyl-estradiol-fe-1mg-20mcg-pack-of-capsules-28-gemmily/,1421459,0.8879002620730212
https://www.costplusdrugs.com/medications/aprepitant-80-125mg-pack-of-capsules-3-emend-tri-pack/,403810,0.8899943839959839
https://www.costplusdrugs.com/medications/norethindrone-ace-eth-estradiol-fe-1mg-20mcg-pack-of-chewable-tablets-28-mibelas-24-fe/,1426288,0.9283151851842472
https://www.costplusdrugs.com/medications/norethindrone-ethinyl-estradiol-fe-0_4mg-35mcg-pack-of-chewable-tablets-28-wymzya-fe/,433718,0.9745343435812891
https://www.costplusdrugs.com/medications/norethindrone-ethinyl-estradiol-fe-0_8-25mg-mcg-pack-of-chewable-tablets-28-kaitlib-fe/,1099638,0.9792266456568075
https://www.costplusdrugs.com/medications/fluoxetine-hcl-90mg-pack-of-delayed-release-capsules-4-prozac-weekly/,313995,0.9034237502943785
https://www.costplusdrugs.com/medications/desloratadine-5mg-pack-of-disintegrating-tablets-30-clarinex-reditabs/,403841,0.9559518498124595
https://www.costplusdrugs.com/medications/mesalamine-cleanser-4gm-bottles-kit-1-rowasa/,238151,0.880178632837605
https://www.costplusdrugs.com/medications/budesonide-er-9mg-tablet-extended-release-uceris/,1366550,0.9439702755718463
https://www.costplusdrugs.com/medications/levalbuterol-hcl-1_25mg-3ml-pack-of-solution-vials-3-xopenex/,1855389,0.9498150864892545
https://www.costplusdrugs.com/medications/prochlorperazine-25mg-pack-of-suppositories-12-compro/,198159,0.997395284597858
https://www.costplusdrugs.com/medications/promethazine-hcl-50mg-pack-of-suppositories-12-promethegan/,992478,0.9906401827681641
https://www.costplusdrugs.com/medications/levonorgestrel-+-ee-0_1mg-20mcg-pack-of-tablets-28-vienva/,259218,0.909830732759185
https://www.costplusdrugs.com/medications/norethindroneacetateethinylestradiol-1mg_35mcg-blisterpack/,312033,0.9643660158907087
https://www.costplusdrugs.com/medications/norethindrone-ethinyl-estradiol-0_4mg-35mcg-pack-of-tablets-28-vyfemla/,238015,0.97052358497359
https://www.costplusdrugs.com/medications/drospirenone-ethinyl-estrad-levomefolate-3-0_03-0_451mg-pack-of-tablets-28-tydemy/,1050492,0.9257846205636773
https://www.costplusdrugs.com/medications/drospiren-eth-estrad-levomefol-3-0_02-0_451mg-pack-of-tablets-28-beyaz/,1013626,0.9450910312906521
https://www.costplusdrugs.com/medications/levonor-eth-est-0_1-0_125-0_15-0_025mg-pack-of-tablets-91-rivelsa/,259218,0.8677065438219518
https://www.costplusdrugs.com/medications/norethindrone-eth-estradiol-0_5-1-0_5mg-35mcg-pack-of-tablets-28-aranelle/,310463,0.9552004517738618
https://www.costplusdrugs.com/medications/norethindrone-acetate-ethinyl-estradiol-1mg-5mcg-pack-of-tablets-90-fyavolv/,1090992,0.9496603378590288
https://www.costplusdrugs.com/medications/norethindrone-eth-estradiol-0_5-0_75-1-35mg-mcg-pack-of-tablets-28-nylia-7-7-7/,310463,0.9475726830129745
https://www.costplusdrugs.com/medications/levonorgestrel-and-ethinyl-estradiol-0_05-30-0_075-40-0_125-30-mg-mcg-pack-of-tablets-28-enpresse-28/,348804,0.9133627734174898
https://www.costplusdrugs.com/medications/norethindrone-ac-ethinyl-estrad-fe-1-20-1-30-1-35mg-mcg-pack-of-tablets-28-tri-legest-fe/,312033,0.9040284979596425
https://www.costplusdrugs.com/medications/desogestrel-and-ethinyl-estradiol-0_1-0_125-0_15-0_025mg-pack-of-tablets-28-velivet/,759741,0.9616121935261174
https://www.costplusdrugs.com/medications/yaz-3-0_02mg-tablet-28/,630734,0.9377617775167046
https://www.costplusdrugs.com/medications/levonorgestrel-and-ethinyl-estradiol-90-20mcg-pack-of-tablets-28-amethyst/,722152,0.8944556620852321
https://www.costplusdrugs.com/medications/desogestrel-ethinyl-estradiol-0_15mg-30mcg-pack-of-tablets-28-apri/,240707,0.9689024075025378
https://www.costplusdrugs.com/medications/norgestimate-eth-estradiol-0_25-35mg-mcg-pack-of-tablets-28-ortho-cyclen-28/,240128,0.955619406235084
https://www.costplusdrugs.com/medications/cabergoline-0_5mg-pack-of-tablets-8-dostinex/,199703,0.9911678109979694
https://www.costplusdrugs.com/medications/ethynodiol-diacetate-ethinyl-estradiol-1mg-50mcg-pack-of-tablets-28-kelnor/,315096,0.9527462097943653
https://www.costplusdrugs.com/medications/levonorgestrel-and-ethinyl-estradiol-0_1-0_02-0_01mg-pack-of-tablets-91-camrese-lo/,242297,0.9636372614977876
https://www.costplusdrugs.com/medications/norethindrone-ace-ethinyl-estradiol-fe-1mg-20mcg-pack-of-tablets-28-junel-fe-24/,1037183,0.8797603250173771
https://www.costplusdrugs.com/medications/drospirenone-ethinyl-estradiol-3-0_02mg-pack-of-tablets-28-yaz/,630734,0.9377617775167046
https://www.costplusdrugs.com/medications/prednisolone-sodium-phosphate-15mg-5ml-bottle-of-soltuion-237-orapred/,643125,0.9797348853798844
https://www.costplusdrugs.com/medications/fosfomycin-tromethamine-3gm-packet-1-monurol/,808917,0.9091604347828504
https://www.costplusdrugs.com/medications/potassiumchloride-20meq-packet/,1302195,0.8382637733972731
https://www.costplusdrugs.com/medications/nitroglycerin-0_6mg-hr-patch-minitran/,486146,0.8555431073172519
https://www.costplusdrugs.com/medications/scopolamine-1mg-patch-transderm-scop/,226552,0.8183264702297139
https://www.costplusdrugs.com/medications/Lidocaine-0_05-Patch/,1745091,0.9248938124526157
https://www.costplusdrugs.com/medications/rivastigmine-tartrate-6mg-capsule/,312836,0.8691615992744984
https://www.costplusdrugs.com/medications/climara-0_1mg-24hr-patch-weekly-4/,310169,0.8384382389125621
https://www.costplusdrugs.com/medications/Nystatin-100000unitsg-Powder/,312055,0.9017440227536453
https://www.costplusdrugs.com/medications/etonogestrel-ethinyl-estradiol-0_12-0_015mg-ring-1-eluryng/,1367436,0.8240274269058836
https://www.costplusdrugs.com/medications/nuvaring-etonogestrel-ethinyl-estradiol-vaginal-ring-0_12-0_015mg-24hr-ring-1/,1367436,0.8253571481466064
https://www.costplusdrugs.com/medications/estring-2mg-1-ring/,884707,0.8500947628590827
https://www.costplusdrugs.com/medications/medroxyprogesterone-acetate-150mg-ml-suspension-syringe-1-depo-provera/,1000126,0.9433164951307113
https://www.costplusdrugs.com/medications/AzelastineHCl-0_0005-Solution/,860805,0.9663019197927891
https://www.costplusdrugs.com/medications/FluticasonePropionate-16_ml-Suspension/,1797907,0.9043733873901785
https://www.costplusdrugs.com/medications/PolymyxinBTrimethoprim-10000UnitML-0_001-Solution/,244967,0.9895422913746384
https://www.costplusdrugs.com/medications/peg3350-kcl-nabicarb-nacl-nasulfate-236gm-solution/,1718983,0.8692203224252597
https://www.costplusdrugs.com/medications/ciclopirox-0_08-solution/,309291,0.9238124636652543
https://www.costplusdrugs.com/medications/proparacaine-hcl-0_50-solution-dropper-15-alcaine/,1191013,0.9584663758315647
https://www.costplusdrugs.com/medications/sodium-fluoride-0_5mg-ml-solution-dropper-50-luride/,392046,0.9507441814899914
https://www.costplusdrugs.com/medications/prednisolone-sodium-phosphate-1-solution-dropper-10-inflamase-forte/,314165,0.9395237903135539
https://www.costplusdrugs.com/medications/atropine-sulfate-1-solution-dropper-15-isopto-atropine/,1190655,0.899479778893775
https://www.costplusdrugs.com/medications/diclofenacsodium-3-gel100g/,855633,0.966167334767403
https://www.costplusdrugs.com/medications/dexamethasone-intensol-1mg-ml-solution-dropper-30-dexamethasone-intensol/,226343,0.9788214100758192
https://www.costplusdrugs.com/medications/epinastine-hcl-0_05-solution-dropper-5-elestat/,860654,0.919536053605722
https://www.costplusdrugs.com/medications/betaxolol-hcl-0_50-solution-dropper-5-betoptic/,308720,0.9373909496397397
https://www.costplusdrugs.com/medications/neomycin-polymyxin-gramicidin-1_75-10000-_025-solution-dropper-10-neosporin-prescription/,310594,0.9631724542933551
https://www.costplusdrugs.com/medications/apraclonidine-hcl-0_50-solution-dropper-10-iopidine/,308345,0.9507716522003926
https://www.costplusdrugs.com/medications/latanoprost-0_01-solution-dropper-2_5-xalatan/,314072,0.9584933845681592
https://www.costplusdrugs.com/medications/flurbiprofen-sodium-0_03-solution-dropper-2_5-ocufen/,1243585,0.981649949797895
https://www.costplusdrugs.com/medications/cyclopentolate-hcl-1-solution-dropper-2-cyclogyl/,1298066,0.8733093507350274
https://www.costplusdrugs.com/medications/sulfacetamide-prednisolone-10-0_23-solution-dropper-5-vasocidin/,1012021,0.9524464662531944
https://www.costplusdrugs.com/medications/tropicamide-1-solution-dropper-15-mydriacyl/,314238,0.9090555723845313
https://www.costplusdrugs.com/medications/gatifloxacin-0_50-solution-dropper-2_5-zymaxid/,992395,0.9673251621954819
https://www.costplusdrugs.com/medications/bromfenac-sodium-once-daily-0_09-solution-dropper-1_7-bromday/,578018,0.9841240995880506
https://www.costplusdrugs.com/medications/levobunolol-hcl-0_50-solution-dropper-5-betagan/,1150836,0.9707534772935936
https://www.costplusdrugs.com/medications/timolol-maleate-once-daily-0_50-solution-dropper-2_5-istalol/,1923428,0.944036228369028
https://www.costplusdrugs.com/medications/trifluridine-1-solution-dropper-7_5-viroptic/,313477,0.9402125014250715
https://www.costplusdrugs.com/medications/hydrocortisone-acetic-acid-1-2-solution-dropper-10-acetasol-hc/,313786,0.9332618600927587
https://www.costplusdrugs.com/medications/carteolol-hcl-1-solution-dropper-5-ocupress/,978573,0.9197014424959469
https://www.costplusdrugs.com/medications/bepotastine-besilate-1_50-solution-dropper-10-bepreve/,863038,0.9078225179330606
https://www.costplusdrugs.com/medications/na-sulfate-k-sulfate-mg-sulf-17_5-3_13-1_6gm-177ml-solution-kit-177-suprep-bowel-prep-kit/,1120068,0.8286163865942185
https://www.costplusdrugs.com/medications/teriparatide-600-mcg_2_4ml-solution-pen-injector-2_4/,2693637,0.9345819597569675
https://www.costplusdrugs.com/medications/liraglutide-18-mg_3ml-solution-pen-injector-6/,897122,0.9280174687083802
https://www.costplusdrugs.com/medications/glatopa-glatiramer-acetate-40mg-ml-copaxone/,1487361,0.9038042151378285
https://www.costplusdrugs.com/medications/nitroglycerin-0_4mg-spray-solution-spray-4_9-nitrolingual/,1799428,0.9300392143219535
https://www.costplusdrugs.com/medications/clobetasol-propionate-0_0005-lotion/,861505,0.9736651466240929
https://www.costplusdrugs.com/medications/promethazine-25mg-suppository/,992454,0.9912006258008711
https://www.costplusdrugs.com/medications/HydrocortisonePerianal-0_025-Cream/,1291082,0.9440845966673943
https://www.costplusdrugs.com/medications/mesalamine-1000mg-suppository/,248420,0.9905955064077326
https://www.costplusdrugs.com/medications/miconazole-3-200mg-suppository-kit-3-monistat-3/,992765,0.9107125544212341
https://www.costplusdrugs.com/medications/mometasonefuroate-50mcg-suspension/,1797865,0.9152752594919613
https://www.costplusdrugs.com/medications/tobramycin-dexamethasone-0_3-0_1-suspension-dropper-5-tobradex/,309683,0.9387255337099025
https://www.costplusdrugs.com/medications/bupropionhclextendedrelease-200mg-tablet/,993536,0.9282204511144629
https://www.costplusdrugs.com/medications/levocarnitine-330mg-tablet-carnitor/,197448,0.997506628116395
https://www.costplusdrugs.com/medications/meclizinehcl-12_5mg-tablet/,995624,0.9890540921201801
https://www.costplusdrugs.com/medications/paroxetine-hcl-10mg-5ml-bottle-of-suspension-250-paxil/,1738483,0.9159914175981084
https://www.costplusdrugs.com/medications/captopril-hydrochlorothiazide-50-25mg-tablet-capozide/,197439,0.9961614460528492
https://www.costplusdrugs.com/medications/almotriptan-malate-6_25mg-tablet-axert/,284204,0.9969721131475793
https://www.costplusdrugs.com/medications/desmopressin-acetate-spray-0_01-nasal-spray-5-ddavp/,849506,0.9442492445067403
https://www.costplusdrugs.com/medications/lisinoprilhctz-20mg_25mg-tablet/,197887,0.9429412871279824
https://www.costplusdrugs.com/medications/prenatal-vitamin-w-fe-fumarate-fa-27-1mg-tablet-westab-plus/,310313,0.8068398066730309
https://www.costplusdrugs.com/medications/varenicline-tartrate-1mg-tablet-chantix-continuing-month-pak/,636676,0.950199245988289
https://www.costplusdrugs.com/medications/enalapril-hydrochlorothiazide-5-12_5mg-tablet-vaseretic/,858824,0.977408108148133
https://www.costplusdrugs.com/medications/candesartan-cilexetil-hctz-32-25mg-tablet-atacand-hct/,802749,0.9753730635200979
https://www.costplusdrugs.com/medications/roflumilast-500mcg-tablet/,1091839,0.8141179609913858
https://www.costplusdrugs.com/medications/spironolactone-hctz-25mg-25mg-tablet/,313096,0.923007006972169
https://www.costplusdrugs.com/medications/valsartan-hydrochlorothiazide-80mg-12_5mg-tablet/,200284,0.9822205557268172
https://www.costplusdrugs.com/medications/metoprolol-hydrochlorothiazide-50-25mg-tablet-lopressor-hct/,866482,0.9750497179759985
https://www.costplusdrugs.com/medications/lamivudine-zidovudine-150-300mg-tablet-combivir/,200082,0.9943543110679023
https://www.costplusdrugs.com/medications/methylergonovine-maleate-0_2mg-tablet-methergine/,996824,0.9144234126760126
https://www.costplusdrugs.com/medications/promethazine-hcl-6_25mg-5ml-bottle-of-syrup-473-phenergan/,992447,0.9257578563597189
https://www.costplusdrugs.com/medications/bisoprolol-hydrochlorothiazide-5mg-6_25mg-tablet/,854919,0.9799940787406346
https://www.costplusdrugs.com/medications/irbesartan-hydrochlorothiazide-300mg-12_5mg-tablet/,310793,0.9807510545870086
https://www.costplusdrugs.com/medications/dapsone-7_50-gel-pump-90-aczone/,1741905,0.9740901570143254
https://www.costplusdrugs.com/medications/isoniazid-50mg-5ml-bottle-of-syrup-473-nyzadrid/,105292,0.8661483398393931
https://www.costplusdrugs.com/medications/olmesartan-amlodipine-hctz-40-5-25mg-tablet-tribenzor/,1000001,0.9697001036911315
https://www.costplusdrugs.com/medications/glyburide-micronized-6mg-tablet-glynase/,310539,0.9502140171685768
https://www.costplusdrugs.com/medications/erythromycin-base-500mg-tablet-delayed-release-ery-tab/,310157,0.9883513150823996
https://www.costplusdrugs.com/medications/pramipexole-dihydrochloride-0_75mg-tablet/,858625,0.964632027326213
https://www.costplusdrugs.com/medications/dicyclomine-hcl-10mg-5ml-bottle-of-solution-473-bentyl/,991061,0.9271826810158785
https://www.costplusdrugs.com/medications/doxycycline-monohydrate-150mg-tablet-adoxa-pak-1-150/,1650446,0.9840561185053686
https://www.costplusdrugs.com/medications/isosorb-dinitrate-hydralazine-20-37_5mg-tablet-bidil/,905377,0.9586132771549514
https://www.costplusdrugs.com/medications/premarin-1_25mg-tablet/,197662,0.9258774731181434
https://www.costplusdrugs.com/medications/misoprostol-200mcg-tablet-cytotec/,317128,0.9520332950309445
https://www.costplusdrugs.com/medications/lamotrigine-5mg-chewabletablet/,311265,0.963006896859106
https://www.costplusdrugs.com/medications/pioglitazone-metformin-15mg-850mg-tablet/,861822,0.9812898198947734
https://www.costplusdrugs.com/medications/pirfenidone-801mg-tablet-esbriet/,1868018,0.9826416693767118
https://www.costplusdrugs.com/medications/abacavirlamivudine-600mg_300mg-tablet/,602393,0.9935384277885576
https://www.costplusdrugs.com/medications/carbidopa-levodopa-entacapone-50-200-200mg-tablet-stalevo-200/,730988,0.9936275360425003
https://www.costplusdrugs.com/medications/ezetimibe-simvastatin-10-80mg-tablet-vytorin/,476351,0.9900324165465982
https://www.costplusdrugs.com/medications/phenelzine-sulfate-15mg-tablet-nardil/,312347,0.9895694086669666
https://www.costplusdrugs.com/medications/clemastine-fumarate-2_68mg-tablet-tavist/,857461,0.9409933564052659
https://www.costplusdrugs.com/medications/ibuprofen-famotidine-800-26_6mg-tablet-duexis/,1100066,0.980175903372275
https://www.costplusdrugs.com/medications/liothyroninesodium-5mcg-tablet/,903703,0.9342930533881103
https://www.costplusdrugs.com/medications/oxybutynin-chloride-5mg-5ml-bottle-of-syrup-473-ditropan/,863664,0.9698287136076902
https://www.costplusdrugs.com/medications/pioglitazone-45mg-tablet/,312441,0.9958178165367411
https://www.costplusdrugs.com/medications/amlodipine-besylate-valsartan-5-320mg-tablet-exforge/,722137,0.996508851872806
https://www.costplusdrugs.com/medications/digoxin-62_5mcg-tablet-lanoxin/,245273,0.9907084517905784
https://www.costplusdrugs.com/medications/colestipol-hcl-5gm-bottle-of-granules-500-colestid/,1048450,0.9082647096408327
https://www.costplusdrugs.com/medications/amlodipine-olmesartan-5-40mg-tablet-azor/,730872,0.9837040184854338
https://www.costplusdrugs.com/medications/atovaquone-proguanil-hcl-62_5-25mg-tablet-malarone/,864681,0.9942061870308636
https://www.costplusdrugs.com/medications/carbidopa-levodopa-25-250mg-tablet-sinemet/,197445,0.9967989133995742
https://www.costplusdrugs.com/medications/levothyroxine-88mcg-tablet/,966253,0.9399988298632275
https://www.costplusdrugs.com/medications/telmisartan_hctz-80_25mg-tablet/,205305,0.9367136247117108
https://www.costplusdrugs.com/medications/atenolol-chlorthalidone-100mg-25mg-tablet/,197382,0.9952749742148841
https://www.costplusdrugs.com/medications/colchicine-0_6mg-tablet/,197541,0.9924909733679032
https://www.costplusdrugs.com/medications/colchicine-probenecid-0_5-500mg-tablet-colbenemid/,198153,0.9854455806122342
https://www.costplusdrugs.com/medications/fluphenazine-hcl-5mg-ml-concentrate-dropper-120-permitil/,860918,0.9794986960373728
https://www.costplusdrugs.com/medications/tolvaptan-30mg-tablet/,2719337,0.99708129541719
https://www.costplusdrugs.com/medications/ivermectin-3mg-tablet-stromectol/,311207,0.9940686238089049
https://www.costplusdrugs.com/medications/prednisolone-sodium-phosphate-10mg-5ml-bottle-of-soltuion-237-millipred/,198142,0.9443964653225487
https://www.costplusdrugs.com/medications/sapropterin-dihydrochloride-500mg-packet-kuvan/,1486687,0.9034414802756743
https://www.costplusdrugs.com/medications/metoclopramide-hcl-5mg_5ml-solution-473ml/,311668,0.9208329516501854
https://www.costplusdrugs.com/medications/pyridostigmine-bromide-er-180mg-tablet-extended-release-mestinon/,903847,0.9739931644627632
https://www.costplusdrugs.com/medications/trazodonehcl-300mg-tablet/,856369,0.9648461687185035
https://www.costplusdrugs.com/medications/Estradiol-2mg-Tablet/,197659,0.9955869204629824
https://www.costplusdrugs.com/medications/sulfamethoxazoletrimethoprim-800mg160mg-tablet/,198335,0.9958123844256368
https://www.costplusdrugs.com/medications/carbidopa-levodopa-entacapone-37_5mg-150mg-200mg-tablet/,403852,0.9936823986563953
https://www.costplusdrugs.com/medications/teriflunomide-7mg-tablet/,1310533,0.9934937788962439
https://www.costplusdrugs.com/medications/alendronate-sodium-70mg-75ml-bottle-of-solution-75-fosamax/,905083,0.8367953184160848
https://www.costplusdrugs.com/medications/clopidogrel-bisulfate-300mg-tablet-plavix/,749196,0.9945466914247996
https://www.costplusdrugs.com/medications/lopinavir-ritonavir-400-100mg-5ml-bottle-of-solution-160-kaletra/,746645,0.9345630602049774
https://www.costplusdrugs.com/medications/sucralfate-1gm-10ml-bottle-of-suspension-414-carafate/,313123,0.869429787680021
https://www.costplusdrugs.com/medications/dexamethasone-sodium-phosphate-0_10-solution-dropper-5-decadron/,226343,0.97121703271268
https://www.costplusdrugs.com/medications/montelukastsodium-4mg-packet/,351246,0.9159855443810918
https://www.costplusdrugs.com/medications/ondansetron-hcl-4mg-5ml-bottle-of-solution-50-zofran/,198052,0.9771693102811625
https://www.costplusdrugs.com/medications/pitavastatin-calcium-1-mg-tablet/,2689112,0.9897979776554905
https://www.costplusdrugs.com/medications/fludrocortisoneacetate-0_1mg-tablet/,313979,0.9815990898250357
https://www.costplusdrugs.com/medications/fosamprenavir-calcium-700mg-tablet-lexiva/,402109,0.9954985882097926
https://www.costplusdrugs.com/medications/Loratadine-5mg_5ml-Syrup/,672558,0.9084315081059902
https://www.costplusdrugs.com/medications/perphenazine-amitriptyline-4-25mg-tablet-triavil/,856825,0.9783265993879733
https://www.costplusdrugs.com/medications/clonidine-0_3mg-tablet/,884189,0.9828129928477126
https://www.costplusdrugs.com/medications/fenofibrate-120mg-tablet-fenoglide/,749802,0.9954035667008655
https://www.costplusdrugs.com/medications/rufinamide-40mg-ml-bottle-of-suspension-460-banzel/,1092357,0.980442192240029
https://www.costplusdrugs.com/medications/amlodipine-atorvastatin-5-80mg-tablet-caduet/,404011,0.9915461345571274
https://www.costplusdrugs.com/medications/carvedilol-6_25mg-tablet/,200031,0.9650893632848319
https://www.costplusdrugs.com/medications/triamterene-hctz-37_5-25mg-tablet-maxzide/,310812,0.9825660577373444
https://www.costplusdrugs.com/medications/calcium-acetate-phos-binder-667mg-tablet-calphron/,197433,0.9243115414952691
https://www.costplusdrugs.com/medications/olmesartanmedoxomil_hctz-40_25mg-tablet/,403855,0.9675179289248553
https://www.costplusdrugs.com/medications/pioglitazone-hcl-glimepiride-30-4mg-tablet-duetact/,647239,0.9564645762487662
https://www.costplusdrugs.com/medications/tizanidine-hcl-6mg-capsule-zanaflex/,485484,0.9604643725462529
https://www.costplusdrugs.com/medications/benazepril-hydrochlorothiazide-5-6_25mg-tablet-lotensin-hct/,898378,0.9932110313418752
https://www.costplusdrugs.com/medications/efavirenz-lamivudine-tenofovir-400-300-300mg-tablet-symfi-lo/,2001424,0.9886075323722692
https://www.costplusdrugs.com/medications/felbamate-600mg-5ml-bottle-of-suspension-237-felbatol/,198359,0.9756589019524027
https://www.costplusdrugs.com/medications/griseofulvin-microsize-500mg-tablet-fulvicin-u-f/,310600,0.9251531499559696
https://www.costplusdrugs.com/medications/metformin-850mg-tablet/,861010,0.9872655916657453
https://www.costplusdrugs.com/medications/losartanhctz-50mg_12_5mg-tablet/,979468,0.9287968172339705
https://www.costplusdrugs.com/medications/amlodipine-valsartan-hctz-5-160-25mg-tablet-exforge-hct/,848145,0.9748536956982681
https://www.costplusdrugs.com/medications/colesevelam-hcl-625mg-tablet/,866910,0.9743015543468966
https://www.costplusdrugs.com/medications/doxepin-hcl-6mg-tablet-silenor/,966793,0.9729773321998287
https://www.costplusdrugs.com/medications/glipizide-metformin-hcl-5-500mg-tablet-metaglip/,861740,0.9843953153438775
https://www.costplusdrugs.com/medications/bismuth-subcitrate-potassium-metronidaz-tetracyclin-140-125-125mg-tablet-pylera/,1294619,0.9301468215110023
https://www.costplusdrugs.com/medications/escitalopram-oxalate-5mg-5ml-bottle-of-solution-240-lexapro/,351249,0.9837962120825173
https://www.costplusdrugs.com/medications/naratriptan-hcl-2_5mg-tablet-9-doses/,314135,0.9839489231006452
https://www.costplusdrugs.com/medications/sumatriptan-naproxen-sodium-85-500mg-tablet-treximet/,849450,0.9759373634619465
https://www.costplusdrugs.com/medications/risedronate-sodium-35mg-tablet-atelvia/,1020064,0.9679611824809056
https://www.costplusdrugs.com/medications/famotidine-40mg_5ml-50ml-bottle-of-suspension/,310274,0.9093510512568844
https://www.costplusdrugs.com/medications/haloperidol-lactate-2mg-ml-concentrate-dropper-15-haldol/,314034,0.9847842133652985
https://www.costplusdrugs.com/medications/hyoscyamine-sulfate-0_125mg-tablet-levsin/,1047905,0.9654693293998988
https://www.costplusdrugs.com/medications/fosinopril-sodium-hctz-20-12_5mg-tablet-monopril-hct/,857174,0.9943213805553328
https://www.costplusdrugs.com/medications/prednisone-5mg-5ml-bottle-of-solution-120-deltasone/,312617,0.9877571653180781
https://www.costplusdrugs.com/medications/fluphenazine-hcl-2_5mg-5ml-elixir-dropper-60-prolixin/,865123,0.9753797152205392
https://www.costplusdrugs.com/medications/methenamine-hippurate-1gm-tablet-hiprex/,992150,0.9435964674082054
https://www.costplusdrugs.com/medications/erlotinib-hcl-25mg-bottle-of-tablets-30-tarceva/,603208,0.9907879904571125
https://www.costplusdrugs.com/medications/tranexamic-acid-650mg-tablet-lysteda/,883826,0.9687929885419121
https://www.costplusdrugs.com/medications/amiloride-hydrochlorothiazide-5-50mg-tablet-moduretic/,977883,0.9948189245012637
https://www.costplusdrugs.com/medications/nevirapine-50mg-5ml-bottle-of-solution-240-viramune/,199422,0.9079730101803889
https://www.costplusdrugs.com/medications/acyclovir-0_05-ointment/,197312,0.9880067935046943
https://www.costplusdrugs.com/medications/glyburide-metformin-5mg-500mg-tablet/,861753,0.9910978734591046
https://www.costplusdrugs.com/medications/levonorgestrel-1_5mg-tablet-plan-b-one-step/,483325,0.9970609437185578
https://www.costplusdrugs.com/medications/valganciclovir-hcl-50mg-ml-bottle-of-solution-reconstituted-88-valcyte/,863559,0.938247234003652
https://www.costplusdrugs.com/medications/fenofibrate-54mg-tablet/,351133,0.9954089822261312
https://www.costplusdrugs.com/medications/memantine-hcl-2mg-ml-bottle-of-solution-360-namenda/,996740,0.9207623098054252
https://www.costplusdrugs.com/medications/naproxen-550mg-tablet/,849431,0.9691031731335141
https://www.costplusdrugs.com/medications/sertraline-hcl-20mg-ml-bottle-of-concentrate-60-zoloft/,861064,0.9249386510565262
https://www.costplusdrugs.com/medications/sodium-fluoride-0_5mg-tablet-chewable-ludent/,328162,0.9691165229430398
https://www.costplusdrugs.com/medications/phenytoin-sodium-100mg-capsule/,855671,0.9006060759581357
https://www.costplusdrugs.com/medications/lanthanum-carbonate-750mg-tablet-chewable-fosrenol/,1551885,0.9496770380917211
https://www.costplusdrugs.com/medications/aspirin-81mg-tablet-chewable-aspirin/,243670,0.9965101819752273
https://www.costplusdrugs.com/medications/diclofenac-misoprostol-75-0_2mg-tablet-delayed-release-arthrotec/,1359105,0.9951248326095552
https://www.costplusdrugs.com/medications/naproxen-esomeprazole-mg-500-20mg-tablet-delayed-release-vimovo/,994008,0.9730530155712894
https://www.costplusdrugs.com/medications/doxylamine-pyridoxine-10-10mg-tablet-delayed-release-diclegis/,1375948,0.9817695320949227
https://www.costplusdrugs.com/medications/mesalamine-800mg-tablet-delayed-release-asacol-hd/,833234,0.9866600060097896
https://www.costplusdrugs.com/medications/aspirin-low-dose-81mg-tablet-delayed-release-aspirin-low-dose/,308416,0.9550158071400255
https://www.costplusdrugs.com/medications/doxycycline-hyclate-75mg-tablet-delayed-release-doryx/,406524,0.9861981183301802
https://www.costplusdrugs.com/medications/acamprosate-calcium-333mg-tablet-delayed-release-campral/,835726,0.9729410244005849
https://www.costplusdrugs.com/medications/hyoscyamine-sulfate-0_125mg-tablet-disintegrating-nulev/,1047905,0.9654693293998988
https://www.costplusdrugs.com/medications/risperidone-4mg-orally-disintegrating-tablet/,616705,0.8849137383188818
https://www.costplusdrugs.com/medications/donepezil-hcl-5mg-tablet-disintegrating-aricept-odt/,997226,0.875424087386043
https://www.costplusdrugs.com/medications/ibandronate-sodium-150mg-tablet-dose-pack-3-boniva/,905028,0.8262097912985993
https://www.costplusdrugs.com/medications/cefaclor-er-500mg-tablet-extended-release-ceclor-cd/,309043,0.9428807243294275
https://www.costplusdrugs.com/medications/nisoldipine-er-8_5mg-tablet-extended-release-sular/,790489,0.9407636224553222
https://www.costplusdrugs.com/medications/bupropion-hcl-er-smoking-det-150mg-tablet-extended-release-zyban/,993541,0.935552824984994
https://www.costplusdrugs.com/medications/fluvastatin-sodium-er-80mg-tablet-extended-release-lescol-xl/,360507,0.9414240975335534
https://www.costplusdrugs.com/medications/metformin-hcl-er-mod-500mg-tablet-extended-release-glumetza/,860975,0.9324069645595552
https://www.costplusdrugs.com/medications/minocycline-hcl-er-90mg-tablet-extended-release-24hr-solodyn/,629699,0.9500479650525733
https://www.costplusdrugs.com/medications/theophylline-er-600mg-tablet-extended-release-theochron/,348472,0.9966978640805748
https://www.costplusdrugs.com/medications/nifedipine-er-90mg-tablet-extended-release-adalat-cc/,198036,0.9503079621460009
https://www.costplusdrugs.com/medications/pramipexole-dihydrochloride-er-4_5mg-tablet/,901534,0.9319805796550853
https://www.costplusdrugs.com/medications/metformin-hcl-er-osm-500mg-tablet-extended-release-fortamet/,860975,0.9324069645595552
https://www.costplusdrugs.com/medications/nevirapine-er-400mg-tablet-extended-release-viramune-xr/,1373745,0.8936329588805029
https://www.costplusdrugs.com/medications/felodipine-er-5mg-tablet-extended-release-24hr-plendil/,402696,0.941437344871391
https://www.costplusdrugs.com/medications/zileuton-er-600mg-tablet-extended-release-zyflo-cr/,199904,0.8822563787484322
https://www.costplusdrugs.com/medications/venlafaxine-hcl-er-75mg-tablet-extended-release-effexor-xr/,313586,0.9671797327387108
https://www.costplusdrugs.com/medications/carbamazepine-er-400mg-tablet-extended-release-tegretol-xr/,402506,0.926495129108216
https://www.costplusdrugs.com/medications/etodolac-er-600mg-tablet-extended-release-lodine-xl/,310247,0.9360502124511338
https://www.costplusdrugs.com/medications/naproxen-sodium-er-750mg-tablet-extended-release-naprelan/,1116349,0.9170254847763928
https://www.costplusdrugs.com/medications/guaifenesin-er-600mg-tablet-extended-release-12hr-guaifenex-la/,636522,0.9514199834231839
https://www.costplusdrugs.com/medications/mirabegron-er-50-mg-tablet-extended-release-24-hour/,1300801,0.9039419643060475
https://www.costplusdrugs.com/medications/trandolapril-verapamil-hcl-er-4-240mg-tablet-extended-release-tarka/,897853,0.9643306661908069
https://www.costplusdrugs.com/medications/lithium-carbonate-er-450mg-tablet-extended-release-eskalith-cr/,197892,0.9747161781782714
https://www.costplusdrugs.com/medications/potassium-citrate-er-5meq-540mg-tablet-extended-release-urocit-k/,199376,0.9585563047749569
https://www.costplusdrugs.com/medications/niacin-er-antihyperlipidemic-750mg-tablet-extended-release-niaspan/,311963,0.9921409832416744
https://www.costplusdrugs.com/medications/quinidine-gluconate-er-324mg-tablet-extended-release-quinaglute/,852920,0.9430374529674026
https://www.costplusdrugs.com/medications/pentoxifylline-er-400mg-tablet-extended-release-trental/,312301,0.9965126475217652
https://www.costplusdrugs.com/medications/potassium-chloride-er-20meq-tablet-extended-release-k-tab/,198116,0.9777473482072
https://www.costplusdrugs.com/medications/deferasirox-500mg-tablet-soluble-exjade/,597772,0.8891658878551085
https://www.costplusdrugs.com/medications/hyoscyamine-sulfate-0_125mg-tablet-sublingual-levsin-sl/,1046982,0.9744015039086698
https://www.costplusdrugs.com/medications/zolmitriptan-5mg-carton-of-solution-doses-6-zomig/,200194,0.9863108479824553
https://www.costplusdrugs.com/medications/adapalene-0_30-tube-of-gel-45-differin/,313852,0.9209998335898317
https://www.costplusdrugs.com/medications/betamethasone-valerate-0_10-tube-of-cream-15-beta-val/,238920,0.8934988527493406
https://www.costplusdrugs.com/medications/triamcinolone-acetonide-0_1-jar-of-ointment-454g/,1085644,0.9642403863395428
https://www.costplusdrugs.com/medications/fluocinonide-0_10-tube-of-cream-30-vanos/,485647,0.9702658622974297
https://www.costplusdrugs.com/medications/silver-sulfadiazine-1-85g-tube-of-cream/,106351,0.954080256612733
https://www.costplusdrugs.com/medications/tazarotene-0_10-tube-of-gel-100-tazorac/,314268,0.9515204804908561
https://www.costplusdrugs.com/medications/miconazole-antifungal-2-tube-of-cream-30-micatin/,998483,0.8992133031961165
https://www.costplusdrugs.com/medications/alclometasone-dipropionate-0_05-tube-of-ointment-45-aclovate/,855474,0.984680954402114
https://www.costplusdrugs.com/medications/clotrimazole-0_01-vaginalcream/,309368,0.9532487565986403
https://www.costplusdrugs.com/medications/terconazole-0_40-tube-of-cream-45-terazol-7/,313226,0.9071744130775731
https://www.costplusdrugs.com/medications/tretinoin-0_10-tube-of-cream-20-retin-a/,198300,0.9172458683307515
https://www.costplusdrugs.com/medications/clocortolone-pivalate-0_10-tube-of-cream-45-cloderm/,197520,0.8933928720257402
https://www.costplusdrugs.com/medications/terbinafinehcl-1-cream/,992528,0.9318870429916184
https://www.costplusdrugs.com/medications/terconazole-80mg-suppository-dose-pack-3-zazole/,313227,0.9054292388968348
https://www.costplusdrugs.com/medications/penciclovir-1-tube-of-cream-5-denavir/,312255,0.9532781179594352
https://www.costplusdrugs.com/medications/pimecrolimus-1-tube-of-cream-30-elidel/,562806,0.9350822857716514
https://www.costplusdrugs.com/medications/doxepin-hcl-5-tube-of-cream-45-zonalon/,1000091,0.9315394155285532
https://www.costplusdrugs.com/medications/hydrocortisone-perianal-1-tube-of-cream-28_4-procto-pak/,198707,0.9313041250159124
https://www.costplusdrugs.com/medications/gentamicin-sulfate-0_3-ophthalmic-solution-5ml/,310467,0.956732039047533
https://www.costplusdrugs.com/medications/fluocinonide-emulsified-base-0_05-tube-of-cream-30-lidex-e/,103456,0.9799267708526244
https://www.costplusdrugs.com/medications/triamcinolone-acetonide-0_1-tube-of-cream-30g/,1085644,0.9642403863395428
https://www.costplusdrugs.com/medications/desoximetasone-0_25-tube-of-ointment-60-topicort/,197573,0.9648843807399481
https://www.costplusdrugs.com/medications/fluorouracil-5-tube-of-cream-40-efudex/,105583,0.9525910394921496
https://www.costplusdrugs.com/medications/metronidazole-0_75-cream-45g/,311678,0.9064634446512839
https://www.costplusdrugs.com/medications/oxiconazole-nitrate-1-tube-of-cream-30-oxistat/,312139,0.938524202676866
https://www.costplusdrugs.com/medications/hydrocortisone-ace-pramoxine-1-1-tube-of-cream-30-analpram-hc/,1234506,0.8950163836045925
https://www.costplusdrugs.com/medications/ivermectin-1-tube-of-cream-45-soolantra/,1598068,0.9483225529501844
https://www.costplusdrugs.com/medications/hydrocortisone-butyr-lipo-base-0_10-tube-of-cream-45-locoid-lipocream/,1370770,0.9548606558196072
https://www.costplusdrugs.com/medications/naftifine-hcl-2-tube-of-cream-60-naftin/,896110,0.9380888122366831
https://www.costplusdrugs.com/medications/diflorasone-diacetate-0_05-tube-of-cream-30-psorcon/,966577,0.970279545660876
https://www.costplusdrugs.com/medications/fluocinonide-0_0005-solution/,310362,0.9875808680908476
https://www.costplusdrugs.com/medications/desonide-0_05-tube-of-gel-60-desonate/,669081,0.9345777632115122
https://www.costplusdrugs.com/medications/azelaic-acid-15-tube-of-gel-50-finacea/,1041518,0.9548576684816816
https://www.costplusdrugs.com/medications/betamethasone-dipropionate-augmented-0_0005-ointment/,197405,0.9434809988072227
https://www.costplusdrugs.com/medications/erythromycin-2-tube-of-gel-60-erygel/,310152,0.9511024355223153
https://www.costplusdrugs.com/medications/metronidazole-0_75-gel-45g/,311678,0.9401919120965792
https://www.costplusdrugs.com/medications/clindamycin-tretinoin-1_2-0_025-tube-of-gel-30-ziana/,882548,0.943646654759862
https://www.costplusdrugs.com/medications/tretinoin-0_05-tube-of-gel-45-atralin/,245723,0.940701315964134
https://www.costplusdrugs.com/medications/ciclopiroxolamine-0_77-cream/,309289,0.9237078462502873
https://www.costplusdrugs.com/medications/fluticasonepropionate-0_05-cream/,895987,0.9844640744072402
https://www.costplusdrugs.com/medications/betamethasone-valerate-0_10-tube-of-ointment-15-betatrex/,197405,0.8911079438138861
https://www.costplusdrugs.com/medications/diflorasone-diacetate-0_05-tube-of-ointment-60-florone/,966607,0.9646674926009273
https://www.costplusdrugs.com/medications/tacrolimus-0_1-ointment-100g/,314266,0.907604079688956
https://www.costplusdrugs.com/medications/hydrocortisone-1-tube-of-ointment-28_35-cortizone-10/,203105,0.9507199971583287
https://www.costplusdrugs.com/medications/nitroglycerin-2-tube-of-ointment-30-nitro-bid/,242946,0.9255722740978831
https://www.costplusdrugs.com/medications/bacitra-neomycin-polymyxin-hc-1-tube-of-ointment-3_5-neo-polycin-hc/,1359363,0.9351322033977001
https://www.costplusdrugs.com/medications/hydrocortisone-valerate-0_002-cream/,1370750,0.9754529275598409
https://www.costplusdrugs.com/medications/neomycin-bacitracin-zn-polymyx-5-400-10000-tube-of-ointment-3_5-neo-polycin/,204602,0.9544296720973825
https://www.costplusdrugs.com/medications/bacitracin-polymyxin-b-500-10000-unit-gm-tube-of-ointment-3_5-polycin/,308512,0.9535042259389213
https://www.costplusdrugs.com/medications/bacitracin-zinc-500-unit-g-tube-of-ointment-28-baciguent/,1648110,0.9290442131872375
https://www.costplusdrugs.com/medications/neomycin-polymyxin-dexameth-3_5-10000-0_1-tube-of-ointment-3_5-maxitrol/,309679,0.9537085250656085
https://www.costplusdrugs.com/medications/triamcinoloneacetonide-0_1-paste5g/,1085728,0.9294660589929041
https://www.costplusdrugs.com/medications/miconazolenitrate-2-vaginalcream/,998544,0.9227664189195905
https://www.costplusdrugs.com/medications/Metronidazole-0_0075-Gel/,142046,0.9646028741586659
https://www.costplusdrugs.com/medications/estradiol-10mcg-vaginaltablet8pack/,197657,0.8558048311624935
https://www.costplusdrugs.com/medications/ipratropium-bromide-0_06-solution-15ml/,836358,0.9130477616553193
https://www.costplusdrugs.com/medications/norelgestromin-ethinyl-estradiol-150-35mcg-weekly-patch-zafemy/,1534809,0.817866783961996
https://www.costplusdrugs.com/medications/orphenadrine-citrate-er-100mg-tablet/,994521,0.9422813946640428
https://www.costplusdrugs.com/medications/DoxycyclineHyclate-100mg-Tablet/,1650143,0.981713478811182
https://www.costplusdrugs.com/medications/trimethoprim-100mg-tablet-proloprim/,198332,0.9952511261219292
https://www.costplusdrugs.com/medications/rimantadine-hcl-100mg-tablet-flumadine/,856605,0.9654533686301878
https://www.costplusdrugs.com/medications/flurbiprofen-100mg-tablet-ansaid/,197724,0.9949518064285829
https://www.costplusdrugs.com/medications/tolcapone-100mg-tablet-tasmar/,200220,0.9965027474382158
https://www.costplusdrugs.com/medications/flavoxate-hcl-100mg-tablet-urispas/,1095229,0.9790289940982662
https://www.costplusdrugs.com/medications/ritonavir-100mg-tablet/,900575,0.9882446852686534
https://www.costplusdrugs.com/medications/tiopronin-100mg-tablet-thiola/,198287,0.9865057157266737
https://www.costplusdrugs.com/medications/lamivudine-100mg-tablet-epivir-hbv/,205328,0.9908630540188833
https://www.costplusdrugs.com/medications/methoxsalen-rapid-10mg-capsule-oxsoralen-ultra/,197947,0.9336316561739112
https://www.costplusdrugs.com/medications/nifedipine-10mg-capsule-procardia/,198032,0.9960359232089433
https://www.costplusdrugs.com/medications/tretinoin-10mg-capsule-vesanoid/,199159,0.9546094921492421
https://www.costplusdrugs.com/medications/phenoxybenzamine-hcl-10mg-capsule-dibenzyline/,861402,0.9834863748828944
https://www.costplusdrugs.com/medications/dalfampridine-er-10mg-tablet/,897021,0.9444619231443843
https://www.costplusdrugs.com/medications/alfuzosinhcler-10mg-tablet/,861132,0.9333605359300249
https://www.costplusdrugs.com/medications/adefovir-dipivoxil-10mg-tablet-hepsera/,881341,0.954410269993349
https://www.costplusdrugs.com/medications/tranylcypromine-sulfate-10mg-tablet-parnate/,313447,0.9826574750530634
https://www.costplusdrugs.com/medications/ezetimibe-10mg-tablet/,349556,0.9885635486204152
https://www.costplusdrugs.com/medications/KetorolacTromethamine-10mg-Tablet/,834022,0.9425091099822931
https://www.costplusdrugs.com/medications/rasagiline-mesylate-1mg-tablet-azilect/,608328,0.9732771150416278
https://www.costplusdrugs.com/medications/Anastrozole-1mg-Tablet/,199224,0.9574284949908793
https://www.costplusdrugs.com/medications/alosetron-hcl-1mg-tablet-lotronex/,259306,0.9939953596178094
https://www.costplusdrugs.com/medications/everolimus-1mg-tablet-zortress/,2056895,0.9956366733216927
https://www.costplusdrugs.com/medications/FolicAcid-1mg-Tablet/,310410,0.9823344969502843
https://www.costplusdrugs.com/medications/granisetron-hcl-1mg-tablet/,310599,0.992827517439958
https://www.costplusdrugs.com/medications/entecavir-1mg-tablet/,485436,0.9710177305847908
https://www.costplusdrugs.com/medications/benzonatate-200mg-capsule/,283417,0.9869591189189535
https://www.costplusdrugs.com/medications/emtricitabine-200mg-capsule-emtriva/,403875,0.98101903466311
https://www.costplusdrugs.com/medications/progesterone-200mg-capsule/,312641,0.997456202706429
https://www.costplusdrugs.com/medications/ribavirin-200mg-capsule-rebetol/,312817,0.9863739477744198
https://www.costplusdrugs.com/medications/ribavirin-200mg-tablet-copegus/,248109,0.9856115277497536
https://www.costplusdrugs.com/medications/sorafenib-tosylate-200mg-tablet-nexavar/,597747,0.9973075318454857
https://www.costplusdrugs.com/medications/albendazole-200mg-tablet/,199672,0.9943133258022491
https://www.costplusdrugs.com/medications/Carbamazepine-200mg-Tablet/,308979,0.9750278569026192
https://www.costplusdrugs.com/medications/etravirine-200mg-tablet-intelence/,1052658,0.9956493047983122
https://www.costplusdrugs.com/medications/sulindac-200mg-tablet-clinoril/,198239,0.9934275060402651
https://www.costplusdrugs.com/medications/entacapone-200mg-tablet-comtan/,317094,0.9930184983500452
https://www.costplusdrugs.com/medications/cefpodoxime-proxetil-200mg-tablet-vantin/,309078,0.9964970602807748
https://www.costplusdrugs.com/medications/rabeprazole-sodium-dr-20mg-tablet/,854868,0.9871192401685212
https://www.costplusdrugs.com/medications/omeprazole-magnesium-delayed-release-dr-20mg-tablet/,402014,0.925286484704861
https://www.costplusdrugs.com/medications/leflunomide-20mg-tablet/,205285,0.996221641490836
https://www.costplusdrugs.com/medications/trospium-chloride-20mg-tablet-sanctura/,857560,0.9636874233192829
https://www.costplusdrugs.com/medications/isosorbide-mononitrate-20mg-tablet-monoket/,311197,0.9180414947625037
https://www.costplusdrugs.com/medications/tadalafil-pah-20mg-tablet-adcirca/,402019,0.9933458842016608
https://www.costplusdrugs.com/medications/sildenafilcitrate-20mg-tablet/,577033,0.9918733146271888
https://www.costplusdrugs.com/medications/tamoxifencitrate-20mg-tablet/,313195,0.9859244186892064
https://www.costplusdrugs.com/medications/betaxolol-hcl-20mg-tablet-kerlone/,1297757,0.9524815760285682
https://www.costplusdrugs.com/medications/zafirlukast-20mg-tablet-accolate/,199655,0.9947179225011855
https://www.costplusdrugs.com/medications/penicillamine-250mg-capsule/,198070,0.9686752318500362
https://www.costplusdrugs.com/medications/vancomycin-250mg-capsule/,313571,0.99714987401027
https://www.costplusdrugs.com/medications/trientine-hcl-250mg-capsule/,313472,0.9694807290301456
https://www.costplusdrugs.com/medications/mefenamic-acid-250mg-capsule-ponstel/,829500,0.9952151315892703
https://www.costplusdrugs.com/medications/mexiletine-hcl-250mg-capsule-mexitil/,1362720,0.9856794979096153
https://www.costplusdrugs.com/medications/penicillamine-250mg-tablet-depen-titratabs/,198071,0.964886971211177
https://www.costplusdrugs.com/medications/lapatinib-ditosylate-250mg-tablet-tykerb/,672149,0.997011747828306
https://www.costplusdrugs.com/medications/TerbinafineHCl-250mg-Tablet/,313222,0.9940100700291195
https://www.costplusdrugs.com/medications/mefloquine-hcl-250mg-tablet-lariam/,835913,0.9922188794235385
https://www.costplusdrugs.com/medications/acetazolamide-250mg-tablet/,197304,0.9941003638074563
https://www.costplusdrugs.com/medications/ursodiol-250mg-tablet-urso-250/,858751,0.9831276151473229
https://www.costplusdrugs.com/medications/griseofulvin-ultramicrosize-250mg-tablet-gris-peg/,239239,0.9301578156753487
https://www.costplusdrugs.com/medications/cephalexin-250mg-tablet-keftab/,309115,0.9957726331175445
https://www.costplusdrugs.com/medications/penicillin-v-potassium-250mg-tablet/,834061,0.960325891916485
https://www.costplusdrugs.com/medications/disulfiram-250mg-tablet-antabuse/,197623,0.9958403620997901
https://www.costplusdrugs.com/medications/carbidopa-25mg-tablet-lodosyn/,260260,0.9958736934840287
https://www.costplusdrugs.com/medications/diclofenac-potassium-25mg-tablet-lofena/,857702,0.964944645483436
https://www.costplusdrugs.com/medications/pyrimethamine-25mg-tablet-daraprim/,198182,0.9743891182787499
https://www.costplusdrugs.com/medications/molindone-hcl-25mg-tablet-moban/,1298906,0.9848211797049699
https://www.costplusdrugs.com/medications/tetrabenazine-25mg-tablet-xenazine/,199592,0.9917528301390521
https://www.costplusdrugs.com/medications/exemestane-25mg-tablet-aromasin/,310261,0.9830992753734346
https://www.costplusdrugs.com/medications/meclizine-hcl-25mg-tablet-travel-ease/,995666,0.9891740132151665
https://www.costplusdrugs.com/medications/ethacrynic-acid-25mg-tablet/,1251903,0.9768743258575374
https://www.costplusdrugs.com/medications/letrozole-2_5mg-tablet/,200064,0.9961659605598189
https://www.costplusdrugs.com/medications/methotrexate-2_5mg-tablet/,105585,0.9937850240982944
https://www.costplusdrugs.com/medications/methscopolamine-bromide-2_5mg-tablet-pamine/,314088,0.977535315668555
https://www.costplusdrugs.com/medications/indapamide-2_5mg-tablet-lozol/,197816,0.9972673312782026
https://www.costplusdrugs.com/medications/frovatriptan-succinate-2_5mg-tablet-frova/,349462,0.9949225346385229
https://www.costplusdrugs.com/medications/midodrine-hcl-2_5mg-tablet-proamatine/,993466,0.982822347652909
https://www.costplusdrugs.com/medications/minoxidil-2_5mg-tablet-loniten/,197987,0.9960024772329955
https://www.costplusdrugs.com/medications/guanfacine-hcl-2mg-tablet-tenex/,197746,0.9936104881831191
https://www.costplusdrugs.com/medications/repaglinide-2mg-tablet-prandin/,200258,0.994939005755725
https://www.costplusdrugs.com/medications/tolterodine-tartrate-2mg-tablet/,855194,0.9810835319417945
https://www.costplusdrugs.com/medications/sirolimus-2mg-tablet/,360110,0.9593088138106676
https://www.costplusdrugs.com/medications/bumetanide-2mg-tablet-bumex/,197419,0.9934341540448053
https://www.costplusdrugs.com/medications/glycopyrrolate-2mg-tablet/,197739,0.923028695975519
https://www.costplusdrugs.com/medications/everolimus-2mg-tablet-afinitor-disperz/,1308428,0.9515277586192278
https://www.costplusdrugs.com/medications/pimozide-2mg-tablet-orap/,198103,0.9956683037736571
https://www.costplusdrugs.com/medications/benztropine-mesylate-2mg-tablet/,885209,0.9729052377820725
https://www.costplusdrugs.com/medications/rifampin-300mg-capsule/,198202,0.9955215420117304
https://www.costplusdrugs.com/medications/Cefdinir-300mg-Capsule/,200346,0.9963016042128465
https://www.costplusdrugs.com/medications/droxidopa-300mg-capsule/,1490038,0.9880090177437857
https://www.costplusdrugs.com/medications/nizatidine-300mg-capsule-axid/,198041,0.9954580146317555
https://www.costplusdrugs.com/medications/ursodiol-300mg-capsule/,858747,0.9833213986438157
https://www.costplusdrugs.com/medications/lithium-carbonate-300mg-tablet-lithotabs/,197889,0.973960691118362
https://www.costplusdrugs.com/medications/bupropionxl-300mg-tablet/,993557,0.938560227577329
https://www.costplusdrugs.com/medications/lithiumcarbonateextendedreleaseer-300mg-tablet/,197891,0.9690066825785013
https://www.costplusdrugs.com/medications/allopurinol-300mg-tablet/,197320,0.996923974528265
https://www.costplusdrugs.com/medications/maraviroc-300mg-tablet-selzentry/,728225,0.9957629862562946
https://www.costplusdrugs.com/medications/propafenone-hcl-300mg-tablet-rythmol/,861430,0.9831644276190644
https://www.costplusdrugs.com/medications/demeclocycline-hcl-300mg-tablet-declomycin/,905347,0.9887188002685785
https://www.costplusdrugs.com/medications/aliskiren-fumarate-300mg-tablet-tekturna/,1011739,0.9930406825284492
https://www.costplusdrugs.com/medications/labetalolhcl-300mg-tablet/,896766,0.9574149114185299
https://www.costplusdrugs.com/medications/quinidine-sulfate-300mg-tablet-quinora/,852913,0.9406950150256888
https://www.costplusdrugs.com/medications/tenofovirdisoproxilfumarate-300mg-tablet/,349251,0.9636431676298818
https://www.costplusdrugs.com/medications/abacavir-sulfate-300mg-tablet-ziagen/,242679,0.9961472756747355
https://www.costplusdrugs.com/medications/lamivudine-300mg-tablet-epivir/,349491,0.9916160966244394
https://www.costplusdrugs.com/medications/guaifenesin-400mg-tablet-bidex/,359601,0.9939813142677426
https://www.costplusdrugs.com/medications/ofloxacin-400mg-tablet-floxin/,198050,0.9951956232137982
https://www.costplusdrugs.com/medications/ethambutol-hcl-400mg-tablet-myambutol/,995607,0.9835084936361501
https://www.costplusdrugs.com/medications/amiodarone-hcl-400mg-tablet/,834348,0.9828963913461195
https://www.costplusdrugs.com/medications/hydroxychloroquine-sulfate-400mg-tablet/,1119312,0.9609576904851143
https://www.costplusdrugs.com/medications/imatinib-400mg-tablet/,403879,0.9804442075087179
https://www.costplusdrugs.com/medications/moxifloxacin-hcl-400mg-tablet/,311787,0.9968500764054314
https://www.costplusdrugs.com/medications/eletriptan-hydrobromide-40mg-tablet-relpax/,359494,0.9912861203542062
https://www.costplusdrugs.com/medications/megestrol-acetate-40mg-tablet-megace/,860221,0.9722079926367081
https://www.costplusdrugs.com/medications/CitalopramHydrobromide-40mg-Tablet/,309314,0.9870370887868906
https://www.costplusdrugs.com/medications/fosinopril-sodium-40mg-tablet-monopril/,857187,0.9907103484620108
https://www.costplusdrugs.com/medications/vilazodone-hcl-40mg-tablet/,1086784,0.9697780507282073
https://www.costplusdrugs.com/medications/lovastatin-40mg-tablet/,197905,0.9686225060163977
https://www.costplusdrugs.com/medications/trandolapril-4mg-tablet-mavik/,199352,0.9804965240424987
https://www.costplusdrugs.com/medications/glimepiride-4mg-tablet/,199247,0.9659187781719331
https://www.costplusdrugs.com/medications/albuterol-sulfate-4mg-tablet-proventil/,197318,0.9943427980499018
https://www.costplusdrugs.com/medications/carbinoxamine-maleate-4mg-tablet-arbinoxa/,1012904,0.8850614512398312
https://www.costplusdrugs.com/medications/CyproheptadineHCl-4mg-Tablet/,866144,0.9830422590493494
https://www.costplusdrugs.com/medications/tiagabine-hcl-4mg-tablet-gabitril/,1299917,0.9797237393082733
https://www.costplusdrugs.com/medications/Risperidone-4mg-Tablet/,314211,0.9885322257419283
https://www.costplusdrugs.com/medications/cefadroxil-500mg-capsule/,309049,0.9959741080995602
https://www.costplusdrugs.com/medications/tetracycline-hcl-500mg-capsule/,198252,0.9871320351901369
https://www.costplusdrugs.com/medications/hydroxyurea-500mg-capsule-hydrea/,197797,0.9559428123064918
https://www.costplusdrugs.com/medications/flucytosine-500mg-capsule/,197703,0.9939855193161639
https://www.costplusdrugs.com/medications/dicloxacillin-sodium-500mg-capsule-dycill/,197596,0.962188144355083
https://www.costplusdrugs.com/medications/ampicillin-500mg-capsule-principen/,308212,0.9901654275062393
https://www.costplusdrugs.com/medications/cefaclor-500mg-capsule-ceclor/,197449,0.9960313722826923
https://www.costplusdrugs.com/medications/acetazolamide-er-500mg-capsule/,562524,0.9310297764158849
https://www.costplusdrugs.com/medications/mycophenolatemofetil-500mg-tablet/,200060,0.951055204977542
https://www.costplusdrugs.com/medications/etodolac-500mg-tablet/,199390,0.9422847729828921
https://www.costplusdrugs.com/medications/ranolazineextendedreleaseer-500mg-tablet/,616749,0.9355804475453701
https://www.costplusdrugs.com/medications/divalproexsodiumextendedreleaseer-500mg-tablet/,1099870,0.9525087824344445
https://www.costplusdrugs.com/medications/clarithromycin-er-500mg-tablet/,359385,0.9498392928523469
https://www.costplusdrugs.com/medications/valacyclovir-500mg-tablet/,313565,0.9948060778665231
https://www.costplusdrugs.com/medications/neomycin-sulfate-500mg-tablet-mycifradin/,866042,0.9551217238432637
https://www.costplusdrugs.com/medications/cefprozil-500mg-tablet-cefzil/,309098,0.9374584997854466
https://www.costplusdrugs.com/medications/sodium-phenylbutyrate-500mg-tablet-buphenyl/,199369,0.9412225593555337
https://www.costplusdrugs.com/medications/cefuroximeaxetil-500mg-tablet/,309098,0.9952632510932756
https://www.costplusdrugs.com/medications/diflunisal-500mg-tablet-dolobid/,197603,0.9952033084837257
https://www.costplusdrugs.com/medications/probenecid-500mg-tablet-benemid/,198152,0.9961943387387455
https://www.costplusdrugs.com/medications/clarithromycin-500mg-tablet/,197517,0.9934344806560519
https://www.costplusdrugs.com/medications/nitazoxanide-500mg-tablet-alinia/,427163,0.9878414579518443
https://www.costplusdrugs.com/medications/Metronidazole-500mg-Tablet/,311681,0.9572726369440849
https://www.costplusdrugs.com/medications/tinidazole-500mg-tablet-tindamax/,199519,0.9876085240572753
https://www.costplusdrugs.com/medications/abiraterone-acetate-500mg-tablet-zytiga/,1918042,0.909886207823712
https://www.costplusdrugs.com/medications/sulfasalazine-500mg-tablet-azulfidine/,198232,0.9956944157767745
https://www.costplusdrugs.com/medications/aminocaproic-acid-500mg-tablet-amicar/,197351,0.9105916784492768
https://www.costplusdrugs.com/medications/ursodiol-500mg-tablet-urso-forte/,858733,0.9825838308425816
https://www.costplusdrugs.com/medications/capecitabine-500mg-tablet/,200328,0.9845597314446336
https://www.costplusdrugs.com/medications/famciclovir-500mg-tablet-famvir/,198382,0.9893551979192096
https://www.costplusdrugs.com/medications/chlorzoxazone-500mg-tablet-parafon-forte-dsc/,197502,0.9924393691705908
https://www.costplusdrugs.com/medications/chloroquine-phosphate-500mg-tablet-aralen/,1116758,0.9654706274774583
https://www.costplusdrugs.com/medications/deferiprone-500mg-tablet-ferriprox/,389242,0.9965412866628047
https://www.costplusdrugs.com/medications/doxycycline-monohydrate-50mg-capsule/,1649405,0.9844603536403715
https://www.costplusdrugs.com/medications/triamterene-50mg-capsule-dyrenium/,198313,0.9960976519837098
https://www.costplusdrugs.com/medications/zonisamide-50mg-capsule/,403967,0.9827228663494306
https://www.costplusdrugs.com/medications/doxepinhcl-50mg-capsule/,1000076,0.9750889844370462
https://www.costplusdrugs.com/medications/doxycyclinehyclate-50mg-capsule/,1649405,0.9844603536403715
https://www.costplusdrugs.com/medications/cyclosporine-modified-50mg-capsule/,835925,0.9598409561573619
https://www.costplusdrugs.com/medications/indomethacin-50mg-capsule/,197818,0.9715181669538459
https://www.costplusdrugs.com/medications/sunitinib-malate-50mg-capsule-sutent/,616289,0.997064610783049
https://www.costplusdrugs.com/medications/cyclophosphamide-50mg-capsule-cytoxan/,1437969,0.9848088393269092
https://www.costplusdrugs.com/medications/nitrofurantoin-macrocrystal-50mg-capsule-macrodantin/,311995,0.9759814190104494
https://www.costplusdrugs.com/medications/celecoxib-50mg-capsule/,686379,0.9942745014745396
https://www.costplusdrugs.com/medications/trimipramine-maleate-50mg-capsule-surmontil/,313499,0.9966638873452861
https://www.costplusdrugs.com/medications/hydroxyzinepamoate-50mg-capsule/,995278,0.9625995961593484
https://www.costplusdrugs.com/medications/hydrochlorothiazide-50mg-tablet/,197770,0.937089951763836
https://www.costplusdrugs.com/medications/lamotrigineextendedreleaseer-50mg-tablet/,850091,0.9162667565111174
https://www.costplusdrugs.com/medications/metoprololextendedreleaseer-50mg-tablet/,866514,0.9180725820544366
https://www.costplusdrugs.com/medications/desvenlafaxinesuccinateextendedreleaseer-50mg-tablet/,790288,0.9349029624141239
https://www.costplusdrugs.com/medications/azathioprine-50mg-tablet/,197388,0.9890679150127699
https://www.costplusdrugs.com/medications/chlorthalidone-50mg-tablet/,197500,0.9913305564438071
https://www.costplusdrugs.com/medications/flecainide-acetate-50mg-tablet/,886662,0.967908552223729
https://www.costplusdrugs.com/medications/eplerenone-50mg-tablet/,351257,0.8983411046674052
https://www.costplusdrugs.com/medications/captopril-50mg-tablet-capoten/,308964,0.9952545680898861
https://www.costplusdrugs.com/medications/miglitol-50mg-tablet-glyset/,205330,0.9950139803799731
https://www.costplusdrugs.com/medications/riluzole-50mg-tablet/,199206,0.9906305909731683
https://www.costplusdrugs.com/medications/QuetiapineFumarate-50mg-Tablet/,616487,0.9960676871888421
https://www.costplusdrugs.com/medications/diclofenacpotassium-50mg-tablet/,855942,0.9620572449328537
https://www.costplusdrugs.com/medications/fluconazole-50mg-tablet/,197701,0.9952798106314203
https://www.costplusdrugs.com/medications/acarbose-50mg-tablet/,199149,0.995281645546255
https://www.costplusdrugs.com/medications/imipramine-hcl-50mg-tablet/,835568,0.9795576439686436
https://www.costplusdrugs.com/medications/fluvoxamine-maleate-50mg-tablet/,903891,0.9702889672917827
https://www.costplusdrugs.com/medications/cilostazol-50mg-tablet/,242462,0.9559128462058017
https://www.costplusdrugs.com/medications/sildenafilcitrate-50mg-tablet/,312950,0.9918264343830694
https://www.costplusdrugs.com/medications/bicalutamide-50mg-tablet-casodex/,199123,0.994399216379538
https://www.costplusdrugs.com/medications/amoxapine-50mg-tablet-asendin/,197366,0.9966659915046236
https://www.costplusdrugs.com/medications/propylthiouracil-50mg-tablet-propylthiouracil/,198175,0.9946425822581983
https://www.costplusdrugs.com/medications/Atenolol-50mg-Tablet/,197381,0.9964047538101591
https://www.costplusdrugs.com/medications/primidone-50mg-tablet/,198150,0.9278004891527657
https://www.costplusdrugs.com/medications/thioridazine-hcl-50mg-tablet-mellaril/,198275,0.9906478825162489
https://www.costplusdrugs.com/medications/nefazodone-hcl-50mg-tablet-serzone/,1098678,0.986201671292373
https://www.costplusdrugs.com/medications/voriconazole-50mg-tablet-vfend/,349435,0.9939520186117909
https://www.costplusdrugs.com/medications/doxycycline-hyclate-50mg-tablet-targadox/,1652674,0.9822216879020625
https://www.costplusdrugs.com/medications/NaltrexoneHCl-50mg-Tablet/,1483744,0.9764483783764483
https://www.costplusdrugs.com/medications/topiramate-50mg-tablet/,151226,0.9954726774443075
https://www.costplusdrugs.com/medications/HydroxyzineHCL-50mg-Tablet/,995281,0.9580657438415452
https://www.costplusdrugs.com/medications/methazolamide-50mg-tablet-neptazane/,197940,0.9787003590391752
https://www.costplusdrugs.com/medications/chlorpromazinehcl-50mg-tablet/,991336,0.9854029520210948
https://www.costplusdrugs.com/medications/losartan-50mg-tablet/,979492,0.9642066319111435
https://www.costplusdrugs.com/medications/mercaptopurine-50mg-tablet/,197931,0.9920231112606412
https://www.costplusdrugs.com/medications/hydralazine-50mg-tablet/,905395,0.9842363440102244
https://www.costplusdrugs.com/medications/spironolactone-50mg-tablet/,198223,0.9519594796648163
https://www.costplusdrugs.com/medications/prazosinhcl-5mg-capsule/,198141,0.9908657086526346
https://www.costplusdrugs.com/medications/terazosin-hcl-5mg-capsule/,313219,0.9909935048666529
https://www.costplusdrugs.com/medications/selegiline-hcl-5mg-capsule-eldepryl/,859186,0.9869810682859735
https://www.costplusdrugs.com/medications/loxapine-succinate-5mg-capsule-loxitane/,311386,0.9831651384155033
https://www.costplusdrugs.com/medications/temozolomide-5mg-capsule-temodar/,313211,0.990066735483579
https://www.costplusdrugs.com/medications/thiothixene-5mg-capsule-navane/,313366,0.9860781347143606
https://www.costplusdrugs.com/medications/isradipine-5mg-capsule-dynacirc/,197849,0.99322584341093
https://www.costplusdrugs.com/medications/ramipril-5mg-capsule/,198189,0.9945572865750697
https://www.costplusdrugs.com/medications/tacrolimus-5mg-capsule/,198378,0.9030700265533972
https://www.costplusdrugs.com/medications/meloxicam-5mg-capsule-vivlodex/,1722349,0.9937291606050285
https://www.costplusdrugs.com/medications/nitisinone-5mg-capsule-orfadin/,351174,0.9844190509108144
https://www.costplusdrugs.com/medications/bromocriptine-mesylate-5mg-capsule-parlodel/,197412,0.9488631961863234
https://www.costplusdrugs.com/medications/oxybutyninextendedreleaseer-5mg-tablet/,863664,0.9350073978517739
https://www.costplusdrugs.com/medications/glipizide-extended-release-er-5mg-tablet/,310490,0.9159581190739913
https://www.costplusdrugs.com/medications/metolazone-5mg-tablet-zaroxolyn/,311671,0.9781462405037535
https://www.costplusdrugs.com/medications/trihexyphenidyl-hcl-5mg-tablet/,905283,0.986199332206199
https://www.costplusdrugs.com/medications/benazepril-hcl-5mg-tablet/,898723,0.9862039675544989
https://www.costplusdrugs.com/medications/nebivololhcl-5mg-tablet/,387013,0.9922236652822088
https://www.costplusdrugs.com/medications/rizatriptan-benzoate-5mg-tablet/,312840,0.9109967469430793
https://www.costplusdrugs.com/medications/rosuvastatin-5mg-tablet/,859424,0.9735215113574488
https://www.costplusdrugs.com/medications/trifluoperazine-hcl-5mg-tablet-stelazine/,198325,0.9964247677969886
https://www.costplusdrugs.com/medications/leucovorin-calcium-5mg-tablet-wellcovorin/,197863,0.9959009260995644
https://www.costplusdrugs.com/medications/ropinirole-5mg-tablet/,312849,0.9692927512055289
https://www.costplusdrugs.com/medications/LevocetirizineDihydrochloride-5mg-Tablet/,855172,0.9761142656502406
https://www.costplusdrugs.com/medications/methimazole-5mg-tablet/,197942,0.9936920958560413
https://www.costplusdrugs.com/medications/medroxyprogesterone-acetate-5mg-tablet-provera/,1000141,0.9814827082048239
https://www.costplusdrugs.com/medications/dapagliflozin-propanediol-5mg-tablet-farxiga/,1488574,0.9357193047481048
https://www.costplusdrugs.com/medications/bisoprololfumarate-5mg-tablet/,854905,0.9593544002695278
https://www.costplusdrugs.com/medications/desloratadine-5mg-tablet-clarinex/,349420,0.9966279295771017
https://www.costplusdrugs.com/medications/phytonadione-5mg-tablet-mephyton/,2532331,0.7394317045109319
https://www.costplusdrugs.com/medications/aripiprazole-5mg-tablet/,402131,0.9962876072035258
https://www.costplusdrugs.com/medications/olmesartanmedoxomil-5mg-tablet/,349401,0.8950683623233385
https://www.costplusdrugs.com/medications/enalaprilmaleate-5mg-tablet/,858813,0.964185625854491
https://www.costplusdrugs.com/medications/prasugrel-hcl-5mg-tablet-effient/,855818,0.9940426679852146
https://www.costplusdrugs.com/medications/terbutaline-sulfate-5mg-tablet-brethine/,857683,0.9641153666084137
https://www.costplusdrugs.com/medications/isosorbide-dinitrate-5mg-tablet-isordil-titradose/,314055,0.991022643616363
https://www.costplusdrugs.com/medications/glipizide-5mg-tablet/,310490,0.9789340574711359
https://www.costplusdrugs.com/medications/glyburide-5mg-tablet/,310537,0.9948492390249664
https://www.costplusdrugs.com/medications/pindolol-5mg-tablet-visken/,198105,0.9961261939188086
https://www.costplusdrugs.com/medications/baclofen-5mg-tablet/,430902,0.9137427258958455
https://www.costplusdrugs.com/medications/tadalafil-5mg-tablet/,403957,0.9936783775874232
https://www.costplusdrugs.com/medications/norethindroneacetate-5mg-tablet/,1000405,0.9791713791724452
https://www.costplusdrugs.com/medications/solifenacinsuccinate-5mg-tablet/,477367,0.9768641430183372
https://www.costplusdrugs.com/medications/lisinopril-5mg-tablet/,311354,0.9926025167165895
https://www.costplusdrugs.com/medications/amiloride-hcl-5mg-tablet-midamor/,977880,0.984010568706733
https://www.costplusdrugs.com/medications/vardenafil-hcl-5mg-tablet/,349478,0.992741101732232
https://www.costplusdrugs.com/medications/risedronate-sodium-5mg-tablet-actonel/,905041,0.985890705775777
https://www.costplusdrugs.com/medications/prochlorperazine-maleate-5mg-tablet-compazine/,312635,0.9974103321362953
https://www.costplusdrugs.com/medications/bethanechol-chloride-5mg-tablet-urecholine/,857336,0.9520124560080101
https://www.costplusdrugs.com/medications/cetirizine-hcl-5mg-tablet/,1014676,0.9893754283267042
https://www.costplusdrugs.com/medications/torsemide-5mg-tablet/,198372,0.9814213557106415
https://www.costplusdrugs.com/medications/selegiline-hcl-5mg-tablet-carbex/,859193,0.9849121336347115
https://www.costplusdrugs.com/medications/finasteride-5mg-tablet/,310346,0.9955304156206977
https://www.costplusdrugs.com/medications/hydrocortisone-5mg-tablet-cortef/,197787,0.9959775819899094
https://www.costplusdrugs.com/medications/methscopolamine-bromide-5mg-tablet-pamine-forte/,403914,0.9758201267738049
https://www.costplusdrugs.com/medications/midodrinehcl-5mg-tablet/,993470,0.9822536824701864
https://www.costplusdrugs.com/medications/protriptyline-hcl-5mg-tablet-vivactil/,905172,0.9886932235275883
https://www.costplusdrugs.com/medications/donepezil-5mg-tablet/,997229,0.974150534988138
https://www.costplusdrugs.com/medications/amlodipine-5mg-tablet/,197361,0.9965834793968259
https://www.costplusdrugs.com/medications/linezolid-600mg-tablet/,311347,0.9951760378460547
https://www.costplusdrugs.com/medications/Oxcarbazepine-600mg-Tablet/,312138,0.9900110028336534
https://www.costplusdrugs.com/medications/praziquantel-600mg-tablet-biltricide/,198140,0.9939817180152752
https://www.costplusdrugs.com/medications/azithromycin-600mg-tablet/,204844,0.9872058041941921
https://www.costplusdrugs.com/medications/oxaprozin-600mg-tablet-daypro/,312132,0.9889727883951213
https://www.costplusdrugs.com/medications/Gemfibrozil-600mg-Tablet/,310459,0.994507053344032
https://www.costplusdrugs.com/medications/darunavir-600mg-tablet-prezista/,670026,0.9966756383837194
https://www.costplusdrugs.com/medications/toremifene-citrate-60mg-tablet-fareston/,313428,0.9957007732344426
https://www.costplusdrugs.com/medications/fexofenadinehcl-60mg-tablet/,997501,0.990306829018643
https://www.costplusdrugs.com/medications/nateglinide-60mg-tablet/,314142,0.9864315993813025
https://www.costplusdrugs.com/medications/raloxifenehcl-60mg-tablet/,1490065,0.8780004801278822
https://www.costplusdrugs.com/medications/isosorbidemononitrateextendedreleaseer-60mg-tablet/,353538,0.8730091220084628
https://www.costplusdrugs.com/medications/metforminextendedreleaseer-750mg-tablet/,860981,0.9318450287749269
https://www.costplusdrugs.com/medications/levetiracetamextendedreleaseer-750mg-tablet/,311290,0.9438051560395204
https://www.costplusdrugs.com/medications/Methocarbamol-750mg-Tablet/,197944,0.9945657852173025
https://www.costplusdrugs.com/medications/nabumetone-750mg-tablet/,311893,0.9818210038388306
https://www.costplusdrugs.com/medications/levofloxacin-750mg-tablet/,311296,0.9763151432131136
https://www.costplusdrugs.com/medications/levetiracetam-750mg-tablet/,311290,0.9965920592056228
https://www.costplusdrugs.com/medications/chlorzoxazone-750mg-tablet-lorzone/,1088936,0.9923545731825517
https://www.costplusdrugs.com/medications/ciprofloxacin-750mg-tablet/,197512,0.9652717463853064
https://www.costplusdrugs.com/medications/imipramine-pamoate-75mg-capsule-tofranil-pm/,835572,0.94292046427203
https://www.costplusdrugs.com/medications/clomipramine-hcl-75mg-capsule/,857305,0.9871461305805805
https://www.costplusdrugs.com/medications/minocycline-hcl-75mg-capsule/,314108,0.9965598699803939
https://www.costplusdrugs.com/medications/nortriptyline-hcl-75mg-capsule/,198047,0.9960168745990667
https://www.costplusdrugs.com/medications/doxepin-hcl-75mg-capsule/,1000097,0.974079245375638
https://www.costplusdrugs.com/medications/oseltamivir-75mg-capsule/,312122,0.9952535295960407
https://www.costplusdrugs.com/medications/indomethacin-extended-release-er-75mg-capsule/,310992,0.9617884926875622
https://www.costplusdrugs.com/medications/doxycycline-monohydrate-75mg-tablet/,1649425,0.9829991711255677
https://www.costplusdrugs.com/medications/minocycline-hcl-75mg-tablet-dynacin/,403840,0.9962231156709433
https://www.costplusdrugs.com/medications/desipramine-hcl-75mg-tablet-norpramin/,1099316,0.970458844143579
https://www.costplusdrugs.com/medications/BupropionHCl-75mg-Tablet/,993691,0.9868792298503061
https://www.costplusdrugs.com/medications/amitriptyline-75mg-tablet/,856853,0.9843356037102033
https://www.costplusdrugs.com/medications/venlafaxine-75mg-tablet/,313586,0.9938646918377718
https://www.costplusdrugs.com/medications/irbesartan-75mg-tablet/,200094,0.9960788587719243
https://www.costplusdrugs.com/medications/dipyridamole-75mg-tablet-persantine/,309955,0.9953514903424974
https://www.costplusdrugs.com/medications/doxycycline-hyclate-75mg-tablet/,1649425,0.9829991711255677
https://www.costplusdrugs.com/medications/azathioprine-75mg-tablet-azasan/,359229,0.9890660329402634
https://www.costplusdrugs.com/medications/metoprolol-tartrate-75mg-tablet-lopressor/,1606349,0.9721245463563206
https://www.costplusdrugs.com/medications/meloxicam-7_5mg-tablet/,311486,0.9936062838406992
https://www.costplusdrugs.com/medications/mirtazapine-7_5mg-tablet-remeron/,476809,0.9957839772268662
https://www.costplusdrugs.com/medications/BuspironeHCl-7_5mg-Tablet/,866111,0.9866509902666218
https://www.costplusdrugs.com/medications/olanzapine-7_5mg-tablet/,312079,0.9700260220319202
https://www.costplusdrugs.com/medications/everolimus-7_5mg-tablet-afinitor/,1119400,0.9959328833685748
https://www.costplusdrugs.com/medications/warfarin-7_5mg-tablet/,855344,0.9835081416337756
https://www.costplusdrugs.com/medications/moexipril-hcl-7_5mg-tablet-univasc/,1299897,0.9909881098602518
https://www.costplusdrugs.com/medications/cyclobenzaprine-7_5mg-tablet/,828299,0.9785703421937979
https://www.costplusdrugs.com/medications/pilocarpine-hcl-7_5mg-tablet-salagen/,1001004,0.945927787404632
https://www.costplusdrugs.com/medications/Ibuprofen-800mg-Tablet/,197807,0.9955889903192324
https://www.costplusdrugs.com/medications/cimetidine-800mg-tablet-tagamet/,197508,0.9871076884122306
https://www.costplusdrugs.com/medications/sevelamer-hcl-800mg-tablet-renagel/,857224,0.9798043587456933
https://www.costplusdrugs.com/medications/metaxalone-800mg-tablet-skelaxin/,351254,0.9428362785286639
https://www.costplusdrugs.com/medications/sevelamercarbonate-800mg-tablet/,857224,0.9798043587456933
https://www.costplusdrugs.com/medications/ziprasidonehcl-80mg-capsule/,313778,0.9646609453778354
https://www.costplusdrugs.com/medications/atomoxetinehcl-80mg-capsule/,608143,0.9791431620919282
https://www.costplusdrugs.com/medications/aprepitant-80mg-capsule/,403810,0.9055492428976054
https://www.costplusdrugs.com/medications/carvedilol-phosphate-er-80mg-capsule/,860532,0.9317459404217125
https://www.costplusdrugs.com/medications/telmisartan-80mg-tablet/,205305,0.9932430790318408
https://www.costplusdrugs.com/medications/sotalolhcl-80mg-tablet/,1923426,0.9889082483648997
https://www.costplusdrugs.com/medications/simvastatin-80mg-tablet/,200345,0.9920111003977314
https://www.costplusdrugs.com/medications/valsartan-80mg-tablet/,349199,0.9949791708164184
https://www.costplusdrugs.com/medications/lurasidone-hcl-80mg-tablet/,1040041,0.9802805613710197
https://www.costplusdrugs.com/medications/verapamilhcl-80mg-tablet/,897683,0.9884355642657309
https://www.costplusdrugs.com/medications/febuxostat-80mg-tablet/,834241,0.9658993922867465
https://www.costplusdrugs.com/medications/propranololhcl-80mg-tablet/,856578,0.9871357233530313
https://www.costplusdrugs.com/medications/sotalol-hcl-af-80mg-tablet-betapace-af/,1923426,0.9889082483648997
https://www.costplusdrugs.com/medications/pravastatin-80mg-tablet/,904481,0.9875803707796861
https://www.costplusdrugs.com/medications/nadolol-80mg-tablet/,198008,0.9529029466413972
https://www.costplusdrugs.com/medications/furosemide-80mg-tablet/,197732,0.9953626908267573
https://www.costplusdrugs.com/medications/atorvastatin-80mg-tablet/,259255,0.9857888032749226
https://www.costplusdrugs.com/medications/ropiniroleextendedreleaseer-8mg-tablet/,799054,0.9119422167779678
https://www.costplusdrugs.com/medications/fesoterodine-fumarate-er-8mg-tablet/,810077,0.9260070651127275
https://www.costplusdrugs.com/medications/doxazosin-mesylate-8mg-tablet/,197628,0.9706673799361734
https://www.costplusdrugs.com/medications/perphenazine-8mg-tablet/,198078,0.9966434722425457
https://www.costplusdrugs.com/medications/perindopril-erbumine-8mg-tablet-aceon/,854925,0.9125893115664444
https://www.costplusdrugs.com/medications/ramelteon-8mg-tablet-rozerem/,577348,0.9942664561317718
https://www.costplusdrugs.com/medications/galantamine-hydrobromide-8mg-tablet-razadyne/,310437,0.9924288140007784
https://www.costplusdrugs.com/medications/candesartan-cilexetil-8mg-tablet-atacand/,153823,0.9465734580455977
https://www.costplusdrugs.com/medications/methylprednisolone-8mg-tablet/,197973,0.9867069889504467
https://www.costplusdrugs.com/medications/nifedipineextendedreleaseer-90mg-tablet/,198036,0.9408320081586982
https://www.costplusdrugs.com/medications/diltiazem-hcl-90mg-tablet-cardizem/,831102,0.9889482516856745
https://www.costplusdrugs.com/medications/cinacalcet-hcl-90mg-tablet/,432400,0.9751799505211266
https://www.costplusdrugs.com/medications/deferasirox-90mg-tablet/,1607796,0.8970014287115642
