product_url,raw_drug_name,drug_form,rxnorm_cui,rxnorm_name,match_score,ingredient_score,strength_score,form_score,needs_review,alternative_matches
https://www.goodrx.com/aftera,,,1598658,levonorgestrel 1.5 MG Oral Tablet [Aftera],55.1,0.0,50.0,100,False,
https://www.goodrx.com/dulera,,120 doses of 200mcg/5mcg,1660938,60 ACTUAT formoterol fumarate 0.005 MG/ACTUAT / mometasone furoate 0.2 MG/ACTUAT Metered Dose Inhaler [Dulera],92.8,66.7,100.0,100,False,
https://www.goodrx.com/prempro,,28 tablets of 0.625mg/5mg,,,0.0,0.0,0.0,0,True,NO MATCH FOUND
https://www.goodrx.com/auvi-q,,2 auto-injectors of 0.15mg,,,0.0,0.0,0.0,0,True,NO MATCH FOUND
https://www.goodrx.com/auvi-q,,2 auto-injectors of 0.1mg,,,0.0,0.0,0.0,0,True,NO MATCH FOUND
https://www.goodrx.com/acarbose,,50g of 1.2%/2.5%,,,0.0,0.0,0.0,0,True,NO MATCH FOUND
https://www.goodrx.com/prempro,,28 tablets of 0.3mg/1.5mg,,,0.0,0.0,0.0,0,True,NO MATCH FOUND
https://www.goodrx.com/prenate-mini,,60mg/1000iu/10iu,,,0.0,0.0,0.0,0,True,NO MATCH FOUND
https://www.goodrx.com/onetouch,,25 test strips of ultra,,,0.0,0.0,0.0,0,True,NO MATCH FOUND
https://www.goodrx.com/qsymia,,7.5mg/46mg,,,0.0,0.0,0.0,0,True,NO MATCH FOUND
https://www.goodrx.com/dulera,,120 doses of 100mcg/5mcg,1660934,60 ACTUAT formoterol fumarate 0.005 MG/ACTUAT / mometasone furoate 0.1 MG/ACTUAT Metered Dose Inhaler [Dulera],92.8,66.7,100.0,100,False,
https://www.goodrx.com/auvi-q,,2 auto-injectors of 0.3mg,,,0.0,0.0,0.0,0,True,NO MATCH FOUND
https://www.goodrx.com/evamist,,8.1ml of 1.53mg/spray,728122,estradiol 1.53 MG/ACTUAT Topical Spray [Evamist],55.1,0.0,50.0,100,False,
https://www.goodrx.com/clomiphene,,50mg,2723329,clomiphene citrate 50 MG Oral Tablet [Milophene],66.7,33.3,100.0,100,False,
https://www.goodrx.com/pyridostigmine-er,,60mg,903849,pyridostigmine bromide 180 MG Extended Release Oral Tablet [Mestinon],63.0,100.0,0.0,100,False,
https://www.goodrx.com/onetouch,,100 test strips of ultra,,,0.0,0.0,0.0,0,True,NO MATCH FOUND
https://www.goodrx.com/paraplatin,,45ml of 10mg/ml,686161,carboplatin 10 MG/ML Injectable Solution [Paraplatin],55.1,0.0,50.0,100,False,
https://www.goodrx.com/prenate-enhance,,85mg/1000iu/10iu,,,0.0,0.0,0.0,0,True,NO MATCH FOUND
https://www.goodrx.com/dulera,,120 doses of 50mcg/5mcg,2196592,120 ACTUAT formoterol fumarate 0.005 MG/ACTUAT / mometasone furoate 0.05 MG/ACTUAT Metered Dose Inhaler [Dulera],92.8,66.7,100.0,100,False,
https://www.goodrx.com/complera,,,1147337,emtricitabine 200 MG / rilpivirine 25 MG / tenofovir disoproxil fumarate 300 MG Oral Tablet [Complera],55.1,0.0,50.0,100,False,
https://www.goodrx.com/qsymia,,15mg/92mg,,,0.0,0.0,0.0,0,True,NO MATCH FOUND
https://www.goodrx.com/prempro,,28 tablets of 0.625mg/2.5mg,,,0.0,0.0,0.0,0,True,NO MATCH FOUND
https://www.goodrx.com/prenate-dha,,90mg/400iu/40iu,,,0.0,0.0,0.0,0,True,NO MATCH FOUND
https://www.goodrx.com/annovera,,0.15mg/0.013mg,2055989,273 DAY ethinyl estradiol 0.000542 MG/HR / segesterone acetate 0.00625 MG/HR Vaginal System [Annovera],42.0,0.0,0.0,100,False,
https://www.goodrx.com/nextstellis,,28 tablets of 3mg/14.2mg,2539033,drospirenone 3 MG / estetrol 14.2 MG Oral Tablet,63.3,66.7,100.0,100,False,
https://www.goodrx.com/onetouch,,50 test strips of ultra,,,0.0,0.0,0.0,0,True,NO MATCH FOUND
https://www.goodrx.com/qsymia,,11.25mg/69mg,,,0.0,0.0,0.0,0,True,NO MATCH FOUND
https://www.goodrx.com/prenate-pixie,,30mg/75mcg/500iu,,,0.0,0.0,0.0,0,True,NO MATCH FOUND
https://www.goodrx.com/clomid,,50mg,1093073,clomiphene citrate 50 MG Oral Tablet [Clomid],86.6,50.0,100.0,100,False,
https://www.goodrx.com/prempro,,28 tablets of 0.45mg/1.5mg,,,0.0,0.0,0.0,0,True,NO MATCH FOUND
https://www.goodrx.com/qsymia,,3.75mg/23mg,,,0.0,0.0,0.0,0,True,NO MATCH FOUND
https://www.goodrx.com/amyl-nitrite,amyl nitrite 0.3ml (1 ampule),0.3ml,577307,amyl nitrite 0.3 ML Nasal Inhalant,62.5,100.0,50.0,100,False,
https://www.goodrx.com/aliclen,salicylic acid 10ml of 28.5% (1 applicator),10ml of 28.5%,210072,salicylic acid 170 MG/ML Topical Solution [Compound W brand of salicylic acid],66.5,66.7,0.0,100,True,1095693:salicylic acid 275 MG/ML Topical Solution [Virasal(63.4); 1487376:salicylic acid 285 MG/ML Topical Solution [Ultrasa(62.9); 1986365:salicylic acid 280 MG/ML Topical Solution [Xalix](61.7)
https://www.goodrx.com/auryxia,auryxia 200 tablets of 210mg (1 bottle),200 tablets of 210mg,1596023,ferric citrate 1000 MG Oral Tablet [Auryxia],42.0,0.0,0.0,100,False,
https://www.goodrx.com/c-nate-dha,c-nate dha 30 capsules of 200mg/3mg/3mg (1 bottle),30 capsules of 200mg/3mg/3mg,,,0.0,0.0,0.0,0,True,NO MATCH FOUND
https://www.goodrx.com/daily-vite,daily-vite 100 tablets (1 bottle),100 tablets,,,0.0,0.0,0.0,0,True,NO MATCH FOUND
https://www.goodrx.com/davimet-m,davimet-m 30 chewable tablets of 750mcg/60mg/10mcg (1 bottle),30 chewable tablets of 750mcg/60mg/10mcg,,,0.0,0.0,0.0,0,True,NO MATCH FOUND
https://www.goodrx.com/dimethyl-fumarate,dimethyl fumarate 60 capsules of 240mg (1 bottle),14 capsules of 120mg,,,0.0,0.0,0.0,0,True,NO MATCH FOUND
https://www.goodrx.com/dimethyl-fumarate,dimethyl fumarate 60 capsules of 240mg (1 bottle),60 capsules of 240mg,,,0.0,0.0,0.0,0,True,NO MATCH FOUND
https://www.goodrx.com/nestabs,nestabs 90 tablets (1 bottle),90 tablets,,,0.0,0.0,0.0,0,True,NO MATCH FOUND
https://www.goodrx.com/nicadan,nicadan 60 tablets (1 bottle),60 tablets,,,0.0,0.0,0.0,0,True,NO MATCH FOUND
https://www.goodrx.com/nitrivia,nitrivia 60 capsules of 100mg/1665mcg/250mg (1 bottle),60 capsules of 100mg/1665mcg/250mg,,,0.0,0.0,0.0,0,True,NO MATCH FOUND
https://www.goodrx.com/niva-fol,niva-fol 90 tablets of 25mg/2.5mg/2mg (1 bottle),300mg,,,0.0,0.0,0.0,0,True,NO MATCH FOUND
https://www.goodrx.com/niva-fol,niva-fol 90 tablets of 25mg/2.5mg/2mg (1 bottle),90 tablets of 25mg/2.5mg/2mg,1809029,folic acid 2.5 MG / vitamin B12 2 MG / vitamin B6 25 MG Oral Tablet [Niva-Fol],55.1,0.0,100.0,100,False,
https://www.goodrx.com/ob-complete-dha,ob complete dha 60 softgels of 120mg/25mcg/20mg (1 bottle),60 softgels of 120mg/25mcg/20mg,,,0.0,0.0,0.0,0,True,NO MATCH FOUND
https://www.goodrx.com/ob-complete-petite,ob complete petite 30 tablets of 35mg/1mg/200mg (1 bottle),30 tablets of 35mg/1mg/200mg,,,0.0,0.0,0.0,0,True,NO MATCH FOUND
https://www.goodrx.com/pheburane,pheburane 84g oral pellets (1 bottle),84g oral pellets,,,0.0,0.0,0.0,0,True,NO MATCH FOUND
https://www.goodrx.com/podiapn,podiapn 60 capsules of 5mg/35mg/2mg (1 bottle),60 capsules of 5mg/35mg/2mg,,,0.0,0.0,0.0,0,True,NO MATCH FOUND
https://www.goodrx.com/prenaissance,prenaissance 30 softgels of 29mg/1.25mg/55mg (1 bottle),30 softgels of 29mg/1.25mg/55mg,,,0.0,0.0,0.0,0,True,NO MATCH FOUND
https://www.goodrx.com/prenaissance-plus,prenaissance plus 30 softgels of 28mg/1mg/5mg (1 bottle),30 softgels of 28mg/1mg/5mg,,,0.0,0.0,0.0,0,True,NO MATCH FOUND
https://www.goodrx.com/prenate-elite,prenate elite 30 tablets (1 bottle),30 tablets,,,0.0,0.0,0.0,0,True,NO MATCH FOUND
https://www.goodrx.com/prenate-essential,prenate essential 30 softgels (1 bottle),30 softgels,,,0.0,0.0,0.0,0,True,NO MATCH FOUND
https://www.goodrx.com/prenate-restore,prenate restore 30 softgels (1 bottle),30 softgels,,,0.0,0.0,0.0,0,True,NO MATCH FOUND
https://www.goodrx.com/pretrate,pretrate 30 tablets of 1500mcg/120g/20mcg (1 bottle),30 tablets of 1500mcg/120g/20mcg,,,0.0,0.0,0.0,0,True,NO MATCH FOUND
https://www.goodrx.com/qinlock,qinlock 90 tablets of 50mg (1 bottle),90 tablets of 50mg,2369403,ripretinib 50 MG Oral Tablet [Qinlock],68.2,0.0,100.0,100,False,
https://www.goodrx.com/avar,avar 227g of 10%/5% (1 bottle of cleanser),227g of 10%/5%,,,0.0,0.0,0.0,0,True,NO MATCH FOUND
https://www.goodrx.com/avar-ls,avar ls 227g of 10%/2% (1 bottle of cleanser),227g of 10%/2%,,,0.0,0.0,0.0,0,True,NO MATCH FOUND
https://www.goodrx.com/chlorhexidine-non-prescription,chlorhexidine non-prescription 118ml of 4% (1 bottle of cleanser),,1661076,chlorhexidine gluconate 40 MG/ML Medicated Liquid Soap [Exidine],75.6,100.0,50.0,100,True,1869723:chlorhexidine gluconate 1.2 MG/ML Mouthwash [Nupro(73.8)
https://www.goodrx.com/plexion,plexion 285g of 9.8%/4.8% (1 bottle of cleanser),285g of 9.8%/4.8%,,,0.0,0.0,0.0,0,True,NO MATCH FOUND
https://www.goodrx.com/avar-e,avar-e 57g of 10%/5% (1 bottle of cream),57g of 10%/5%,,,0.0,0.0,0.0,0,True,NO MATCH FOUND
https://www.goodrx.com/avar-e-green,avar-e green 57g of 10%/5% (1 bottle of cream),57g of 10%/5%,,,0.0,0.0,0.0,0,True,NO MATCH FOUND
https://www.goodrx.com/avar-e-ls,avar-e ls 57g of 10%/5% (1 bottle of cream),57g of 10%/5%,,,0.0,0.0,0.0,0,True,NO MATCH FOUND
https://www.goodrx.com/rayasal,rayasal 95g of 5.9% (1 bottle of cream),95g of 5.9%,,,0.0,0.0,0.0,0,True,NO MATCH FOUND
https://www.goodrx.com/camphotrol,camphotrol 85g of 4%/10% (1 bottle of gel),85g of 4%/10%,,,0.0,0.0,0.0,0,True,NO MATCH FOUND
https://www.goodrx.com/clindagel,clindamycin 75ml of 1% (1 bottle of gel),,,,0.0,0.0,0.0,0,True,NO MATCH FOUND
https://www.goodrx.com/prevident-5000-booster-plus,prevident 5000 booster plus 100ml of 1.1% (1 bottle of gel),100ml of 1.1%,,,0.0,0.0,0.0,0,True,NO MATCH FOUND
https://www.goodrx.com/prevident-5000-dry-mouth,prevident 5000 dry mouth 100ml of 1.1% (1 bottle of gel),100ml of 1.1%,,,0.0,0.0,0.0,0,True,NO MATCH FOUND
https://www.goodrx.com/prevident-5000-enamel-protect,prevident 5000 enamel protect 100ml of 1.1%/5% (1 bottle of gel),100ml of 1.1%/5%,,,0.0,0.0,0.0,0,True,NO MATCH FOUND
https://www.goodrx.com/prevident-5000-sensitive,prevident 5000 sensitive 100ml of 1.1%/5% (1 bottle of gel),100ml of 1.1%/5%,,,0.0,0.0,0.0,0,True,NO MATCH FOUND
https://www.goodrx.com/alahist-dm,alahist dm 473ml of 10mg/12.5mg/5mg/5ml (1 bottle of liquid),473ml of 10mg/12.5mg/5mg/5ml,,,0.0,0.0,0.0,0,True,NO MATCH FOUND
https://www.goodrx.com/capcof,capcof 473ml of 2mg/10mg/5mg/5ml (1 bottle of liquid),473ml of 2mg/10mg/5mg/5ml,,,0.0,0.0,0.0,0,True,NO MATCH FOUND
https://www.goodrx.com/chlophedianol-dexchlorpheniramine-pseudoephedrine,chlophedianol/dexchlorpheniramine/pseudoephedrine 473ml of 12.5mg/1mg/30mg/5ml (1 bottle of liquid),473ml of 12.5mg/1mg/30mg/5ml,1369972,chlophedianol hydrochloride 5 MG/ML / dexchlorpheniramine maleate 0.4 MG/ML / pseudoephedrine hydrochloride 12 MG/ML Oral Solution,52.4,75.0,44.4,100,False,
https://www.goodrx.com/dextromethorphan-guaifenesin-phenylephrine,dextromethorphan/guaifenesin/phenylephrine 240ml of 18mg/200mg/10mg/15ml (1 bottle of liquid),177ml of 20mg/400mg/10mg/20ml,1550968,acetaminophen 500 MG / dextromethorphan hydrobromide 20 MG / guaifenesin 400 MG / phenylephrine hydrochloride 10 MG Powder for Oral Solution,63.5,75.0,88.9,100,False,
https://www.goodrx.com/dextromethorphan-guaifenesin-phenylephrine,dextromethorphan/guaifenesin/phenylephrine 240ml of 18mg/200mg/10mg/15ml (1 bottle of liquid),240ml of 18mg/200mg/10mg/15ml,1550968,acetaminophen 500 MG / dextromethorphan hydrobromide 20 MG / guaifenesin 400 MG / phenylephrine hydrochloride 10 MG Powder for Oral Solution,52.4,75.0,44.4,100,True,992212:guaifenesin 20 MG/ML Oral Solution [Diabetic Tussi(47.8); 995956:codeine phosphate 2 MG/ML / guaifenesin 20 MG/ML O(47.5)
https://www.goodrx.com/endacof-dm,endacof dm 473ml of 1mg/5mg/2.5mg/5ml (1 bottle of liquid),4 mini cartridges of 50mg,,,0.0,0.0,0.0,0,True,NO MATCH FOUND
https://www.goodrx.com/nohist-lq,nohist lq 473ml of 4mg/10mg/5ml (1 bottle of liquid),473ml of 4mg/10mg/5ml,,,0.0,0.0,0.0,0,True,NO MATCH FOUND
https://www.goodrx.com/nyquil-cough,nyquil cough 15mg/6.25mg/15ml (1 bottle of liquid),15mg/6.25mg/15ml,2685210,dextromethorphan hydrobromide 15 MG / doxylamine succinate 6.25 MG Chewable Tablet,63.3,66.7,100.0,100,True,1089822:acetaminophen 325 MG / dextromethorphan hydrobromi(63.3); 1094549:acetaminophen 325 MG / dextromethorphan hydrobromi(63.3)
https://www.goodrx.com/ala-scalp,ala-scalp 29.6ml of 2% (1 bottle of lotion),29.6ml of 2%,723778,salicylic acid 30 MG/ML Topical Solution [Scalpicin Scalp Relief],47.6,0.0,50.0,100,False,
https://www.goodrx.com/clobex,clobetasol 59ml of 0.05% (1 bottle of lotion),59ml of 0.05%,861487,clobetasol propionate 0.5 MG/ML Topical Solution,45.0,50.0,50.0,100,False,
https://www.goodrx.com/clobex,clobetasol 59ml of 0.05% (1 bottle of lotion),118ml of 0.05%,861487,clobetasol propionate 0.5 MG/ML Topical Solution,45.0,50.0,50.0,100,False,
https://www.goodrx.com/dermend-moisturizing-anti-itch,dermend moisturizing anti-itch 237ml of 1% (1 bottle of lotion),237ml of 1%,,,0.0,0.0,0.0,0,True,NO MATCH FOUND
https://www.goodrx.com/exigence,exigence 113g of 10%/3% (1 bottle of lotion),113g of 10%/3%,,,0.0,0.0,0.0,0,True,NO MATCH FOUND
https://www.goodrx.com/ovide,malathion 59ml of 0.5% (1 bottle of lotion),59ml of 0.5%,,,0.0,0.0,0.0,0,True,NO MATCH FOUND
https://www.goodrx.com/neosalus,neosalus 236ml (1 bottle of lotion),236ml,,,0.0,0.0,0.0,0,True,NO MATCH FOUND
https://www.goodrx.com/nucort,nucort 59ml of 2% (1 bottle of lotion),59ml of 2%,,,0.0,0.0,0.0,0,True,NO MATCH FOUND
https://www.goodrx.com/ovace-plus,ovace plus 57g of 9.8% (1 bottle of lotion),57g of 9.8%,,,0.0,0.0,0.0,0,True,NO MATCH FOUND
https://www.goodrx.com/ovace-plus,ovace plus 57g of 9.8% (1 bottle of lotion),113g of 9.8%,,,0.0,0.0,0.0,0,True,NO MATCH FOUND
https://www.goodrx.com/permethrin-non-prescription,permethrin non-prescription 59ml of 1% (1 bottle of lotion),59ml of 1%,,,0.0,0.0,0.0,0,True,NO MATCH FOUND
https://www.goodrx.com/pramosone,pramosone 59ml of 2.5%/1% (1 bottle of lotion),118ml of 2.5%/1%,,,0.0,0.0,0.0,0,True,NO MATCH FOUND
https://www.goodrx.com/pramosone,pramosone 59ml of 2.5%/1% (1 bottle of lotion),59ml of 2.5%/1%,,,0.0,0.0,0.0,0,True,NO MATCH FOUND
https://www.goodrx.com/pramosone,pramosone 59ml of 2.5%/1% (1 bottle of lotion),59ml of 1%/1%,,,0.0,0.0,0.0,0,True,NO MATCH FOUND
https://www.goodrx.com/derma-smoothe-fs-body-oil,derma-smoothe/fs body oil 118.28ml of body (1 bottle of oil),118.28ml of body,,,0.0,0.0,0.0,0,True,NO MATCH FOUND
https://www.goodrx.com/derma-smoothe-fs-scalp-oil,derma-smoothe/fs scalp oil 118.28ml of scalp (1 bottle of oil),20ml of scalp,,,0.0,0.0,0.0,0,True,NO MATCH FOUND
https://www.goodrx.com/derma-smoothe-fs-scalp-oil,derma-smoothe/fs scalp oil 118.28ml of scalp (1 bottle of oil),118.28ml of scalp,,,0.0,0.0,0.0,0,True,NO MATCH FOUND
https://www.goodrx.com/acetaminophen-phenylephrine-dextromethorphan-guaifenesin,acetaminophen/phenylephrine/dextromethorphan/guaifenesin 355ml of 325mg/5mg/10mg/200mg/15ml (1 bottle of oral solution),355ml of 325mg/5mg/10mg/200mg/15ml,1550968,acetaminophen 500 MG / dextromethorphan hydrobromide 20 MG / guaifenesin 400 MG / phenylephrine hydrochloride 10 MG Powder for Oral Solution,49.2,83.3,20.0,100,True,1796460:acetaminophen 325 MG / pheniramine maleate 20 MG /(45.0); 1369842:acetaminophen 21.7 MG/ML / dextromethorphan hydrob(44.2); 1116572:acetaminophen 32.5 MG/ML / dextromethorphan hydrob(44.2)
https://www.goodrx.com/atorvaliq,atorvaliq 150ml of 20mg/5ml (1 bottle of oral solution),150ml of 20mg/5ml,2631867,atorvastatin 4 MG/ML Oral Suspension [Atorvaliq],42.0,0.0,0.0,100,False,
https://www.goodrx.com/ozobax-ds,baclofen 237ml of 10mg/5ml (1 bottle of oral solution),237ml of 10mg/5ml,2593382,baclofen 5 MG/ML Oral Suspension [Fleqsuvy],51.2,50.0,40.0,100,False,
https://www.goodrx.com/dimetapp,brompheniramine/phenylephrine 118ml of 2mg/5mg/10ml (1 bottle of oral solution),118ml of 2mg/5mg/10ml,1111065,brompheniramine maleate 0.8 MG/ML / chlophedianol hydrochloride 5 MG/ML / phenylephrine hydrochloride 2 MG/ML Oral Solution,52.7,60.0,66.7,100,True,1303797:dexbrompheniramine maleate 1 MG/ML / dextromethorp(48.5)
https://www.goodrx.com/children-s-diphenhydramine,children's diphenhydramine 12.5mg/5ml (1 bottle of oral solution),12.5mg/5ml,1233575,acetaminophen 325 MG / diphenhydramine hydrochloride 12.5 MG / phenylephrine hydrochloride 5 MG Oral Tablet,84.0,60.0,100.0,100,False,
https://www.goodrx.com/children-s-diphenhist,children's diphenhydramine 12.5mg/5ml (1 bottle of oral solution),12.5mg/5ml,1233575,acetaminophen 325 MG / diphenhydramine hydrochloride 12.5 MG / phenylephrine hydrochloride 5 MG Oral Tablet,66.2,75.0,100.0,100,True,1052466:acetaminophen 325 MG / diphenhydramine hydrochlori(63.8); 1052469:acetaminophen 500 MG / diphenhydramine hydrochlori(63.8); 1483617:diphenhydramine hydrochloride 12.5 MG Disintegrati(62.8)
https://www.goodrx.com/children-s-benadryl,children's diphenhydramine 12.5mg/5ml (1 bottle of oral solution),12.5mg/5ml,1233575,acetaminophen 325 MG / diphenhydramine hydrochloride 12.5 MG / phenylephrine hydrochloride 5 MG Oral Tablet,66.2,75.0,100.0,100,True,1052466:acetaminophen 325 MG / diphenhydramine hydrochlori(63.8); 1052469:acetaminophen 500 MG / diphenhydramine hydrochlori(63.8); 1483617:diphenhydramine hydrochloride 12.5 MG Disintegrati(62.8)
https://www.goodrx.com/chlo-hist,chlo hist 120ml of 12.5mg/1mg/5ml (1 bottle of oral solution),120ml of 12.5mg/1mg/5ml,,,0.0,0.0,0.0,0,True,NO MATCH FOUND
https://www.goodrx.com/delsym-nighttime,delsym nighttime 180ml of 650mg/20mg/2.5mg/20ml (1 bottle of oral solution),180ml of 650mg/20mg/2.5mg/20ml,2670678,acetaminophen 650 MG / dextromethorphan hydrobromide 20 MG Powder for Oral Solution,49.2,50.0,66.7,100,True,1534835:acetaminophen 650 MG / dextromethorphan hydrobromi(49.2); 1659967:acetaminophen 650 MG / dextromethorphan hydrobromi(49.2)
https://www.goodrx.com/dextromethorphan-doxylamine,dextromethorphan/doxylamine 237ml of 30mg/12.5mg/20ml (1 bottle of oral solution),237ml of 30mg/12.5mg/20ml,1534835,acetaminophen 650 MG / dextromethorphan hydrobromide 20 MG / doxylamine succinate 12.5 MG / phenylephrine hydrochloride 10 MG Powder for Oral Solution,50.8,66.7,50.0,100,True,1237110:acetaminophen 33.3 MG/ML / dextromethorphan hydrob(46.7); 1042684:acetaminophen 33.3 MG/ML / dextromethorphan hydrob(46.7)
https://www.goodrx.com/epaned,enalapril 150ml of 1mg/ml (1 bottle of oral solution),150ml of 1mg/ml,1435630,enalapril maleate 1 MG/ML Oral Solution [Epaned],54.3,50.0,50.0,100,False,
https://www.goodrx.com/eprontia,eprontia 120ml of 25mg/ml (1 bottle of oral solution),473ml of 25mg/ml,2586433,topiramate 25 MG/ML Oral Solution [Eprontia],55.1,0.0,50.0,100,False,
https://www.goodrx.com/eprontia,eprontia 120ml of 25mg/ml (1 bottle of oral solution),240ml of 25mg/ml,2586433,topiramate 25 MG/ML Oral Solution [Eprontia],55.1,0.0,50.0,100,False,
https://www.goodrx.com/eprontia,eprontia 120ml of 25mg/ml (1 bottle of oral solution),120ml of 25mg/ml,2586433,topiramate 25 MG/ML Oral Solution [Eprontia],55.1,0.0,50.0,100,False,
https://www.goodrx.com/ermeza,ermeza 150ml of 150mcg/5ml (1 bottle of oral solution),75ml of 150mcg/5ml,2626056,levothyroxine sodium 0.03 MG/ML Oral Solution [Ermeza],42.0,0.0,0.0,100,False,
https://www.goodrx.com/ermeza,ermeza 150ml of 150mcg/5ml (1 bottle of oral solution),150ml of 150mcg/5ml,2626056,levothyroxine sodium 0.03 MG/ML Oral Solution [Ermeza],42.0,0.0,0.0,100,False,
https://www.goodrx.com/norliqva,norliqva 150ml of 1mg/ml (1 bottle of oral solution),60g of 1%,,,0.0,0.0,0.0,0,True,NO MATCH FOUND
https://www.goodrx.com/omnipaque,omnipaque 500ml of 12mg/ml (1 bottle of oral solution),500ml of 9mg/ml,,,0.0,0.0,0.0,0,True,NO MATCH FOUND
https://www.goodrx.com/omnipaque,omnipaque 500ml of 12mg/ml (1 bottle of oral solution),500ml of 12mg/ml,,,0.0,0.0,0.0,0,True,NO MATCH FOUND
https://www.goodrx.com/onyda-xr,onyda xr 30ml of 0.1mg/ml (1 bottle of oral solution),60ml of 0.1mg/ml,,,0.0,0.0,0.0,0,True,NO MATCH FOUND
https://www.goodrx.com/onyda-xr,onyda xr 30ml of 0.1mg/ml (1 bottle of oral solution),30ml of 0.1mg/ml,,,0.0,0.0,0.0,0,True,NO MATCH FOUND
https://www.goodrx.com/ozobax,ozobax 473ml of 5mg/5ml (1 bottle of oral solution),473ml of 5mg/5ml,2201578,baclofen 1 MG/ML Oral Solution [Ozobax],42.0,0.0,0.0,100,True,2667943:baclofen 2 MG/ML Oral Solution [Ozobax](42.0)
https://www.goodrx.com/potassium-citrate-sodium-citrate-citric-acid,potassium citrate/sodium citrate/citric acid 473ml of 550mg/500mg/334mg/5ml (1 bottle of oral solution),473ml of 550mg/500mg/334mg/5ml,2728724,potassium chloride 40 MEQ Powder for Oral Solution,50.8,66.7,0.0,100,True,312515:potassium chloride 1.33 MEQ/ML Oral Solution(50.8); 2729280:potassium chloride 15 MEQ Powder for Oral Solution(50.8); 2665269:potassium chloride 10 MEQ Powder for Oral Solution(50.8)
https://www.goodrx.com/potassium-iodide,potassium iodide 30ml of 65mg/ml (1 bottle of oral solution),30ml of 65mg/ml,544597,potassium iodide 1000 MG/ML Oral Solution [SSKI brand of Potassium Iodide],78.8,100.0,0.0,100,False,
https://www.goodrx.com/aluminum-hydroxide-magnesium-hydroxide-simethicone,aluminum hydroxide/magnesium hydroxide/simethicone 355ml of 400mg/400mg/40mg/10ml (1 bottle of oral suspension),355ml of 400mg/400mg/40mg/10ml,486109,aluminum chloride 250 MG/ML Topical Solution [Lumicain],60.2,100.0,0.0,100,True,206193:aluminum chloride 62.5 MG/ML Topical Solution [Xer(59.1); 2638678:aluminum acetate 2 MG/ML Topical Solution [Dermele(58.9); 1293268:aluminum sulfate 8.42 MG/ML / calcium acetate 5.95(58.0)
https://www.goodrx.com/aluminum-hydroxide-magnesium-hydroxide-simethicone,aluminum hydroxide/magnesium hydroxide/simethicone 355ml of 400mg/400mg/40mg/10ml (1 bottle of oral suspension),355ml of 800mg/800mg/80mg/10ml,486109,aluminum chloride 250 MG/ML Topical Solution [Lumicain],60.2,100.0,0.0,100,True,206193:aluminum chloride 62.5 MG/ML Topical Solution [Xer(59.1); 2638678:aluminum acetate 2 MG/ML Topical Solution [Dermele(58.9); 1293268:aluminum sulfate 8.42 MG/ML / calcium acetate 5.95(58.0)
https://www.goodrx.com/children-s-acetaminophen,children's acetaminophen 160mg/5ml (1 bottle of oral suspension),160mg/5ml,2169129,acetaminophen 162.5 MG / dextromethorphan hydrobromide 5 MG / guaifenesin 100 MG / phenylephrine hydrochloride 2.5 MG Oral Tablet,84.0,60.0,100.0,100,True,2122363:acetaminophen 160 MG / dextromethorphan hydrobromi(84.0); 2678223:acetaminophen 162.5 MG / dextromethorphan hydrobro(84.0); 2678231:acetaminophen 162.5 MG / chlorpheniramine maleate (84.0)
https://www.goodrx.com/children-s-motrin,children's ibuprofen 100mg/5ml (1 bottle of oral suspension),,,,0.0,0.0,0.0,0,True,NO MATCH FOUND
https://www.goodrx.com/children-s-ibuprofen,children's ibuprofen 100mg/5ml (1 bottle of oral suspension),100mg/5ml,198405,ibuprofen 100 MG Oral Tablet,65.6,60.0,50.0,100,True,858778:hydrocodone bitartrate 5 MG / ibuprofen 200 MG Ora(65.6); 854183:8 ML ibuprofen 100 MG/ML Injection(65.6); 2675760:acetaminophen 325 MG / ibuprofen 97.5 MG Oral Tabl(65.6)
https://www.goodrx.com/children-s-advil,children's ibuprofen 100mg/5ml (1 bottle of oral suspension),100mg/5ml,858780,hydrocodone bitartrate 5 MG / ibuprofen 200 MG Oral Tablet [Ibudone],63.5,66.7,50.0,100,True,854187:8 ML ibuprofen 100 MG/ML Injection [Caldolor](61.2); 2675765:acetaminophen 325 MG / ibuprofen 97.5 MG Oral Tabl(60.6); 792242:ibuprofen 100 MG Chewable Tablet [Motrin](59.7)
https://www.goodrx.com/delsym,dextromethorphan 30mg/5ml (1 bottle of oral suspension),30mg/5ml,1872897,benzocaine 6 MG / dextromethorphan hydrobromide 5 MG / menthol 10 MG Oral Lozenge [Cepastat Sore Throat & Cough],56.8,50.0,50.0,100,True,1039255:benzocaine 7.5 MG / dextromethorphan hydrobromide (55.2)
https://www.goodrx.com/dextromethorphan,dextromethorphan 30mg/5ml (1 bottle of oral suspension),15mg,1251401,dextromethorphan hydrobromide 14 MG / guaifenesin 288 MG / phenylephrine hydrochloride 7 MG Oral Capsule,78.8,50.0,100.0,100,True,2685210:dextromethorphan hydrobromide 15 MG / doxylamine s(78.8); 1089822:acetaminophen 325 MG / dextromethorphan hydrobromi(78.8); 1861926:dextromethorphan hydrobromide 15 MG / guaifenesin (78.8)
https://www.goodrx.com/diazoxide,diazoxide 30ml of 50mg/ml (1 bottle of oral suspension),30ml of 50mg/ml,197593,diazoxide 50 MG/ML Oral Suspension,60.4,50.0,50.0,100,False,
https://www.goodrx.com/proglycem,diazoxide 30ml of 50mg/ml (1 bottle of oral suspension),30ml of 50mg/ml,207634,diazoxide 50 MG/ML Oral Suspension [Proglycem],53.1,50.0,50.0,100,False,
https://www.goodrx.com/duvyzat,duvyzat 140ml of 8.86mg/ml (1 bottle of oral suspension),140ml of 8.86mg/ml,2678900,givinostat 8.86 MG/ML Oral Suspension [Duvyzat],73.5,50.0,50.0,100,False,
https://www.goodrx.com/e.e.s.,erythromycin ethylsuccinate 100ml of 200mg/5ml (1 bottle of oral suspension),200ml of 200mg/5ml,686402,erythromycin ethylsuccinate 40 MG/ML Oral Suspension [EryPed],46.6,66.7,0.0,100,True,686420:erythromycin ethylsuccinate 80 MG/ML Oral Suspensi(46.6); 206228:erythromycin 20 MG/ML Topical Solution [Theramycin(45.5)
https://www.goodrx.com/erythromycin-ethylsuccinate,erythromycin ethylsuccinate 100ml of 200mg/5ml (1 bottle of oral suspension),100ml of 200mg/5ml,686400,erythromycin ethylsuccinate 40 MG/ML Oral Suspension,42.0,50.0,0.0,100,True,686418:erythromycin ethylsuccinate 80 MG/ML Oral Suspensi(42.0)
https://www.goodrx.com/e.e.s.,erythromycin ethylsuccinate 100ml of 200mg/5ml (1 bottle of oral suspension),100ml of 200mg/5ml,686402,erythromycin ethylsuccinate 40 MG/ML Oral Suspension [EryPed],46.6,66.7,0.0,100,True,686420:erythromycin ethylsuccinate 80 MG/ML Oral Suspensi(46.6); 206228:erythromycin 20 MG/ML Topical Solution [Theramycin(45.5)
https://www.goodrx.com/erythromycin-ethylsuccinate,erythromycin ethylsuccinate 100ml of 200mg/5ml (1 bottle of oral suspension),200ml of 200mg/5ml,686400,erythromycin ethylsuccinate 40 MG/ML Oral Suspension,42.0,50.0,0.0,100,True,686418:erythromycin ethylsuccinate 80 MG/ML Oral Suspensi(42.0)
https://www.goodrx.com/eryped,erythromycin ethylsuccinate 100ml of 200mg/5ml (1 bottle of oral suspension),100ml of 200mg/5ml,686402,erythromycin ethylsuccinate 40 MG/ML Oral Suspension [EryPed],46.6,66.7,0.0,100,True,686420:erythromycin ethylsuccinate 80 MG/ML Oral Suspensi(46.6); 206228:erythromycin 20 MG/ML Topical Solution [Theramycin(45.5)
https://www.goodrx.com/erythromycin-ethylsuccinate,erythromycin ethylsuccinate 100ml of 200mg/5ml (1 bottle of oral suspension),100ml of 400mg/5ml,686400,erythromycin ethylsuccinate 40 MG/ML Oral Suspension,42.0,50.0,0.0,100,True,686418:erythromycin ethylsuccinate 80 MG/ML Oral Suspensi(42.0)
https://www.goodrx.com/quillivant-xr,quillivant xr 60ml of 25mg/5ml (1 bottle of oral suspension),40mg,1312589,24 HR methylphenidate hydrochloride 5 MG/ML Extended Release Suspension [Quillivant],42.0,0.0,0.0,100,False,
https://www.goodrx.com/betaine,betaine 180g (1 bottle of powder),180g,562847,betaine 1000 MG Powder for Oral Solution,42.0,50.0,0.0,100,True,1144761:betaine hydrochloride 25 MG / folic acid 5 MG / me(42.0); 199239:betaine 300 MG Oral Tablet(42.0); 1362812:betaine hydrochloride 162 MG / bromelains 125 MG /(42.0)
https://www.goodrx.com/cystadane,betaine 180g (1 bottle of powder),180g,404539,betaine 1000 MG Powder for Oral Solution [Cystadane],47.2,50.0,0.0,100,False,
https://www.goodrx.com/colyte,peg 3350 and electrolytes 4 liter (1 bottle of powder),4 liter,966922,polyethylene glycol 3350 236000 MG / potassium chloride 2970 MG / sodium bicarbonate 6740 MG / sodium chloride 5860 MG / sodium sulfate 22740 MG Powder for Oral Solution [Golytely],43.0,16.7,50.0,100,False,
https://www.goodrx.com/peg-3350-and-electrolytes,peg 3350 and electrolytes 4 liter (1 bottle of powder),4 liter,,,0.0,0.0,0.0,0,True,NO MATCH FOUND
https://www.goodrx.com/polyethylene-glycol-3350-non-prescription,polyethylene glycol 3350 non-prescription 30 doses of 17g/dose (1 bottle of powder),7 doses of 17g/dose,,,0.0,0.0,0.0,0,True,NO MATCH FOUND
https://www.goodrx.com/polyethylene-glycol-3350-non-prescription,polyethylene glycol 3350 non-prescription 30 doses of 17g/dose (1 bottle of powder),30 doses of 17g/dose,,,0.0,0.0,0.0,0,True,NO MATCH FOUND
https://www.goodrx.com/polyethylene-glycol-3350-non-prescription,polyethylene glycol 3350 non-prescription 30 doses of 17g/dose (1 bottle of powder),17 doses of 17g/dose,,,0.0,0.0,0.0,0,True,NO MATCH FOUND
https://www.goodrx.com/polyethylene-glycol-3350-non-prescription,polyethylene glycol 3350 non-prescription 30 doses of 17g/dose (1 bottle of powder),45 doses of 17g/dose,,,0.0,0.0,0.0,0,True,NO MATCH FOUND
https://www.goodrx.com/reguloid,reguloid 3.4g/dose (1 bottle of powder),3.4g/dose,1089355,psyllium 3400 MG Powder for Oral Suspension [Reguloid],68.2,0.0,100.0,100,False,
https://www.goodrx.com/chlorhexidine,chlorhexidine 473ml of 0.12% (1 bottle of rinse),118ml of 0.12%,,,0.0,0.0,0.0,0,True,NO MATCH FOUND
https://www.goodrx.com/peridex,chlorhexidine 473ml of 0.12% (1 bottle of rinse),473ml of 0.12%,,,0.0,0.0,0.0,0,True,NO MATCH FOUND
https://www.goodrx.com/periogard,chlorhexidine 473ml of 0.12% (1 bottle of rinse),473ml of 0.12%,,,0.0,0.0,0.0,0,True,NO MATCH FOUND
https://www.goodrx.com/paroex,chlorhexidine 473ml of 0.12% (1 bottle of rinse),473ml of 0.12%,,,0.0,0.0,0.0,0,True,NO MATCH FOUND
https://www.goodrx.com/capex,capex 120ml of 0.01% (1 bottle of shampoo),120ml of 0.01%,,,0.0,0.0,0.0,0,True,NO MATCH FOUND
https://www.goodrx.com/nix,nix 59ml of 1% (1 bottle of shampoo),59ml of 1%,,,0.0,0.0,0.0,0,True,NO MATCH FOUND
https://www.goodrx.com/nizoral-a-d,nizoral a-d 125ml of 1% (1 bottle of shampoo),125ml of 1%,,,0.0,0.0,0.0,0,True,NO MATCH FOUND
https://www.goodrx.com/plexion-ns,plexion ns 237ml of 9.8% (1 bottle of shampoo),237ml of 9.8%,,,0.0,0.0,0.0,0,True,NO MATCH FOUND
https://www.goodrx.com/acuicyn,acuicyn 40ml (1 bottle of spray),80ml,,,0.0,0.0,0.0,0,True,NO MATCH FOUND
https://www.goodrx.com/acuicyn,acuicyn 40ml (1 bottle of spray),40ml,,,0.0,0.0,0.0,0,True,NO MATCH FOUND
https://www.goodrx.com/avenova,avenova 40ml of 0.01% (1 bottle of spray),40ml of 0.01%,,,0.0,0.0,0.0,0,True,NO MATCH FOUND
https://www.goodrx.com/entty,entty 90ml (1 bottle of spray),90ml,,,0.0,0.0,0.0,0,True,NO MATCH FOUND
https://www.goodrx.com/entty,entty 90ml (1 bottle of spray),250ml,,,0.0,0.0,0.0,0,True,NO MATCH FOUND
https://www.goodrx.com/nitrolingual,nitroglycerin 4.9g of 400mcg/spray (1 bottle of spray),12g of 400mcg/spray,,,0.0,0.0,0.0,0,True,NO MATCH FOUND
https://www.goodrx.com/nitrolingual,nitroglycerin 4.9g of 400mcg/spray (1 bottle of spray),4.9g of 400mcg/spray,,,0.0,0.0,0.0,0,True,NO MATCH FOUND
https://www.goodrx.com/nitromist,nitromist 4.1g of 400mcg/spray (1 bottle of spray),4.1g of 400mcg/spray,,,0.0,0.0,0.0,0,True,NO MATCH FOUND
https://www.goodrx.com/nitromist,nitromist 4.1g of 400mcg/spray (1 bottle of spray),8.5g of 400mcg/spray,,,0.0,0.0,0.0,0,True,NO MATCH FOUND
https://www.goodrx.com/phenol,phenol 177ml of 1.4% (1 bottle of spray),177ml of 1.4%,309033,phenol 15 MG/ML Topical Solution [Castellani Paint],70.4,100.0,50.0,100,False,
https://www.goodrx.com/children-s-loratadine,children's loratadine 24 hour (1 bottle of syrup),24 hour,1242399,12 HR loratadine 5 MG / pseudoephedrine sulfate 120 MG Extended Release Oral Tablet,73.5,75.0,50.0,100,True,1117562:24 HR loratadine 10 MG / pseudoephedrine sulfate 2(73.5)
https://www.goodrx.com/polytussin-dm,polytussin dm 480ml of 7.5mg/5mg/12.5mg/5ml (1 bottle of syrup),480ml of 7.5mg/5mg/12.5mg/5ml,,,0.0,0.0,0.0,0,True,NO MATCH FOUND
https://www.goodrx.com/nyamyc,nystatin 60g of 100000 units/g (1 bottle of topical powder),15g of 100000 units/g,,,0.0,0.0,0.0,0,True,NO MATCH FOUND
https://www.goodrx.com/nystop,nystatin 60g of 100000 units/g (1 bottle of topical powder),60g of 100000 units/g,,,0.0,0.0,0.0,0,True,NO MATCH FOUND
https://www.goodrx.com/nyamyc,nystatin 60g of 100000 units/g (1 bottle of topical powder),30g of 100000 units/g,,,0.0,0.0,0.0,0,True,NO MATCH FOUND
https://www.goodrx.com/nyamyc,nystatin 60g of 100000 units/g (1 bottle of topical powder),60g of 100000 units/g,,,0.0,0.0,0.0,0,True,NO MATCH FOUND
https://www.goodrx.com/nystop,nystatin 60g of 100000 units/g (1 bottle of topical powder),15g of 100000 units/g,,,0.0,0.0,0.0,0,True,NO MATCH FOUND
https://www.goodrx.com/penlac,ciclopirox 6.6ml of 8% (1 bottle of topical solution),6.6ml of 8%,1100057,ciclopirox 80 MG/ML Topical Solution [Ciclodan],68.0,66.7,50.0,100,False,
https://www.goodrx.com/pennsaid,diclofenac sodium 150ml of 1.5% (1 bottle of topical solution),150ml of 1.5%,801021,alanine 10.4 MG/ML / arginine 5.75 MG/ML / calcium chloride 0.004 MEQ/ML / dibasic potassium phosphate 2.61 MG/ML / glucose 150 MG/ML / glycine 5.15 MG/ML / histidine 2.4 MG/ML / isoleucine 3 MG/ML / leucine 3.65 MG/ML / lysine 2.9 MG/ML / magnesium chloride 0.01 MEQ/ML / methionine 2 MG/ML / phenylalanine 2.8 MG/ML / proline 3.4 MG/ML / serine 2.5 MG/ML / sodium acetate trihydrate 3.4 MG/ML / sodium chloride 0.01 MEQ/ML / threonine 2.1 MG/ML / tryptophan 0.9 MG/ML / tyrosine 0.2 MG/ML / valine 2.9 MG/ML Injectable Solution [Clinimix E 5/15],55.5,50.0,50.0,100,True,1547450:calcium acetate 22 MG/ML / magnesium acetate 43 MG(53.3); 857700:diclofenac sodium 15 MG/ML Topical Solution(50.8)
https://www.goodrx.com/diclofex-dc,diclofenac sodium 150ml of 1.5% (1 bottle of topical solution),150g of 1%,,,0.0,0.0,0.0,0,True,NO MATCH FOUND
https://www.goodrx.com/drysol,drysol 60ml of 20% (1 bottle of topical solution),37.5ml of 20%,206208,aluminum chloride 200 MG/ML Topical Solution [Drysol],55.1,0.0,50.0,100,False,
https://www.goodrx.com/drysol,drysol 60ml of 20% (1 bottle of topical solution),35ml of 20%,206208,aluminum chloride 200 MG/ML Topical Solution [Drysol],55.1,0.0,50.0,100,False,
https://www.goodrx.com/drysol,drysol 60ml of 20% (1 bottle of topical solution),60ml of 20%,206208,aluminum chloride 200 MG/ML Topical Solution [Drysol],55.1,0.0,50.0,100,False,
https://www.goodrx.com/eryderm,erythromycin 60ml of 2% (1 bottle of topical solution),60ml of 2%,206228,erythromycin 20 MG/ML Topical Solution [Theramycin],66.3,50.0,50.0,100,False,
https://www.goodrx.com/nuvail,nuvail 15ml of 16% (1 bottle of topical solution),15ml of 16%,,,0.0,0.0,0.0,0,True,NO MATCH FOUND
https://www.goodrx.com/podofilox,podofilox 3.5ml of 0.5% (1 bottle of topical solution),3.5ml of 0.5%,582926,podofilox 5 MG/ML Topical Solution,69.1,66.7,50.0,100,False,
https://www.goodrx.com/povidone-iodine,povidone iodine 237ml of 10% (1 bottle of topical solution),237ml of 10%,1046287,polyvinyl alcohol 0.014 ML/ML / povidone 6 MG/ML Ophthalmic Solution [MiniDrops],63.4,100.0,0.0,100,True,1357421:polyvinyl alcohol 0.005 ML/ML / povidone 6 MG/ML O(63.0); 205228:iodine 50 MG/ML / potassium iodide 100 MG/ML Topic(62.5); 204913:iodine 50 MG/ML / potassium iodide 100 MG/ML Oral (62.5)
https://www.goodrx.com/exelderm,sulconazole 30ml of 1% (1 bottle of topical solution),30ml of 1%,208118,sulconazole nitrate 10 MG/ML Topical Solution [Exelderm],52.8,50.0,50.0,100,False,
https://www.goodrx.com/axiron,testosterone 90ml of 30mg/1.5ml (1 bottle of topical solution),90ml of 30mg/1.5ml,835831,testosterone cypionate 100 MG/ML Injectable Solution [Depo-testosterone],61.1,50.0,20.0,100,False,
https://www.goodrx.com/benzepro,benzepro 180g of 7% (1 bottle of wash),180g of 7%,,,0.0,0.0,0.0,0,True,NO MATCH FOUND
https://www.goodrx.com/benzoyl-peroxide,benzoyl peroxide 237g of 5% (1 bottle of wash),148g of 5%,,,0.0,0.0,0.0,0,True,NO MATCH FOUND
https://www.goodrx.com/benzoyl-peroxide,benzoyl peroxide 237g of 5% (1 bottle of wash),237g of 10%,,,0.0,0.0,0.0,0,True,NO MATCH FOUND
https://www.goodrx.com/benzoyl-peroxide,benzoyl peroxide 237g of 5% (1 bottle of wash),142g of 10%,,,0.0,0.0,0.0,0,True,NO MATCH FOUND
https://www.goodrx.com/benzoyl-peroxide,benzoyl peroxide 237g of 5% (1 bottle of wash),227g of 10%,,,0.0,0.0,0.0,0,True,NO MATCH FOUND
https://www.goodrx.com/benzoyl-peroxide,benzoyl peroxide 237g of 5% (1 bottle of wash),237g of 5%,,,0.0,0.0,0.0,0,True,NO MATCH FOUND
https://www.goodrx.com/benzoyl-peroxide,benzoyl peroxide 237g of 5% (1 bottle of wash),142g of 5%,,,0.0,0.0,0.0,0,True,NO MATCH FOUND
https://www.goodrx.com/bp-wash,bp wash 113g of 5% (1 bottle of wash),,1115898,sulfacetamide sodium 90 MG/ML / sulfur 45 MG/ML Medicated Liquid Soap [Sumadan Wash],48.0,0.0,50.0,100,False,
https://www.goodrx.com/cequa,cequa 60 vials of 0.09% (1 box),60 vials of 0.09%,,,0.0,0.0,0.0,0,True,NO MATCH FOUND
https://www.goodrx.com/nutraseb,nutraseb 2 tubes of 50g (1 box),2 tubes of 50g,,,0.0,0.0,0.0,0,True,NO MATCH FOUND
https://www.goodrx.com/qbrexza,qbrexza 2.8g of 2.4% (1 box),2.8g of 2.4%,,,0.0,0.0,0.0,0,True,NO MATCH FOUND
https://www.goodrx.com/amzeeq,amzeeq 30g of 4% (1 can of foam),30g of 4%,,,0.0,0.0,0.0,0,True,NO MATCH FOUND
https://www.goodrx.com/evoclin,clindamycin 50g of 1% (1 can of foam),50g of 1%,,,0.0,0.0,0.0,0,True,NO MATCH FOUND
https://www.goodrx.com/olux,clobetasol 50g of 0.05% (1 can of foam),50g of 0.05%,,,0.0,0.0,0.0,0,True,NO MATCH FOUND
https://www.goodrx.com/olux,clobetasol 50g of 0.05% (1 can of foam),100g of 0.05%,,,0.0,0.0,0.0,0,True,NO MATCH FOUND
https://www.goodrx.com/olux-e,clobetasol emollient 50g of 0.05% (1 can of foam),100g of 0.05%,,,0.0,0.0,0.0,0,True,NO MATCH FOUND
https://www.goodrx.com/olux-e,clobetasol emollient 50g of 0.05% (1 can of foam),50g of 0.05%,,,0.0,0.0,0.0,0,True,NO MATCH FOUND
https://www.goodrx.com/cortifoam,cortifoam 15g of 10% (1 can of foam),15g of 10%,,,0.0,0.0,0.0,0,True,NO MATCH FOUND
https://www.goodrx.com/epifoam,epifoam 10g of 1% (1 can of foam),10g of 1%,,,0.0,0.0,0.0,0,True,NO MATCH FOUND
https://www.goodrx.com/fabior,fabior 100g of 0.1% (1 can of foam),100g of 0.1%,,,0.0,0.0,0.0,0,True,NO MATCH FOUND
https://www.goodrx.com/fabior,fabior 100g of 0.1% (1 can of foam),50g of 0.1%,,,0.0,0.0,0.0,0,True,NO MATCH FOUND
https://www.goodrx.com/proctofoam-hc,proctofoam hc 10g of 1%/1% (1 can of foam),10g of 1%/1%,,,0.0,0.0,0.0,0,True,NO MATCH FOUND
https://www.goodrx.com/proctofoam-ns,proctofoam ns 15g of 1% (1 can of foam),15g of 1%,,,0.0,0.0,0.0,0,True,NO MATCH FOUND
https://www.goodrx.com/akynzeo,akynzeo 300mg/0.5mg (1 capsule),300mg/0.5mg,1552349,netupitant 300 MG / palonosetron 0.5 MG Oral Capsule [Akynzeo],68.2,0.0,100.0,100,False,
https://www.goodrx.com/aprepitant,aprepitant 40mg (1 capsule),125mg,403811,aprepitant 125 MG Oral Capsule,78.8,50.0,100.0,100,True,1729308:aprepitant 125 MG Powder for Oral Suspension(78.8)
https://www.goodrx.com/aprepitant,aprepitant 40mg (1 capsule),40mg,644088,aprepitant 40 MG Oral Capsule,78.8,50.0,100.0,100,False,
https://www.goodrx.com/abrilada,abrilada 2 syringes of 40mg/0.8ml (1 carton),1 pen of 40mg/0.8ml,2668071,0.8 ML adalimumab-afzb 50 MG/ML Auto-Injector [Abrilada],54.2,33.3,0.0,100,True,2668078:0.8 ML adalimumab-afzb 50 MG/ML Prefilled Syringe (54.2)
https://www.goodrx.com/abrilada,abrilada 2 syringes of 40mg/0.8ml (1 carton),2 pens of 40mg/0.8ml,2668071,0.8 ML adalimumab-afzb 50 MG/ML Auto-Injector [Abrilada],54.2,33.3,0.0,100,True,2668078:0.8 ML adalimumab-afzb 50 MG/ML Prefilled Syringe (54.2)
https://www.goodrx.com/abrilada,abrilada 2 syringes of 40mg/0.8ml (1 carton),2 syringes of 20mg/0.4ml,2668071,0.8 ML adalimumab-afzb 50 MG/ML Auto-Injector [Abrilada],54.2,33.3,0.0,100,True,2668078:0.8 ML adalimumab-afzb 50 MG/ML Prefilled Syringe (54.2)
https://www.goodrx.com/abrilada,abrilada 2 syringes of 40mg/0.8ml (1 carton),2 syringes of 40mg/0.8ml,2668071,0.8 ML adalimumab-afzb 50 MG/ML Auto-Injector [Abrilada],54.2,33.3,0.0,100,True,2668078:0.8 ML adalimumab-afzb 50 MG/ML Prefilled Syringe (54.2)
https://www.goodrx.com/acuvail,acuvail 30 single-use vials of 0.45% (1 carton),30 single-use vials of 0.45%,,,0.0,0.0,0.0,0,True,NO MATCH FOUND
https://www.goodrx.com/aqneursa,aqneursa 28 packets of 1g (1 carton),28 packets of 1g,,,0.0,0.0,0.0,0,True,NO MATCH FOUND
https://www.goodrx.com/aranesp,aranesp 4 vials of 25mcg/ml (1 carton),4 vials of 40mcg/ml,352045,1 ML darbepoetin alfa 0.04 MG/ML Injection [Aranesp],86.6,50.0,100.0,100,False,
https://www.goodrx.com/aranesp,aranesp 4 vials of 25mcg/ml (1 carton),4 vials of 100mcg/ml,731227,0.4 ML darbepoetin alfa 0.1 MG/ML Prefilled Syringe [Aranesp],86.6,50.0,100.0,100,True,352047:1 ML darbepoetin alfa 0.1 MG/ML Injection [Aranesp(86.6)
https://www.goodrx.com/aranesp,aranesp 4 vials of 25mcg/ml (1 carton),4 syringes of 150mcg/0.3ml,1605172,0.4 ML darbepoetin alfa 0.025 MG/ML Prefilled Syringe [Aranesp],60.4,50.0,0.0,100,True,731227:0.4 ML darbepoetin alfa 0.1 MG/ML Prefilled Syring(60.4); 731229:0.6 ML darbepoetin alfa 0.5 MG/ML Prefilled Syring(60.4)
https://www.goodrx.com/aranesp,aranesp 4 vials of 25mcg/ml (1 carton),4 syringes of 100mcg/0.5ml,731227,0.4 ML darbepoetin alfa 0.1 MG/ML Prefilled Syringe [Aranesp],73.5,50.0,50.0,100,True,731229:0.6 ML darbepoetin alfa 0.5 MG/ML Prefilled Syring(73.5)
https://www.goodrx.com/aranesp,aranesp 4 vials of 25mcg/ml (1 carton),4 syringes of 10mcg/0.4ml,1605172,0.4 ML darbepoetin alfa 0.025 MG/ML Prefilled Syringe [Aranesp],60.4,50.0,0.0,100,True,731227:0.4 ML darbepoetin alfa 0.1 MG/ML Prefilled Syring(60.4); 731229:0.6 ML darbepoetin alfa 0.5 MG/ML Prefilled Syring(60.4)
https://www.goodrx.com/aranesp,aranesp 4 vials of 25mcg/ml (1 carton),4 vials of 25mcg/ml,1605172,0.4 ML darbepoetin alfa 0.025 MG/ML Prefilled Syringe [Aranesp],86.6,50.0,100.0,100,True,352044:1 ML darbepoetin alfa 0.025 MG/ML Injection [Arane(86.6)
https://www.goodrx.com/aranesp,aranesp 4 vials of 25mcg/ml (1 carton),4 vials of 60mcg/ml,731245,0.42 ML darbepoetin alfa 0.06 MG/ML Prefilled Syringe [Aranesp],86.6,50.0,100.0,100,True,352046:1 ML darbepoetin alfa 0.06 MG/ML Injection [Aranes(86.6)
https://www.goodrx.com/aranesp,aranesp 4 vials of 25mcg/ml (1 carton),4 syringes of 25mcg/0.42ml,1605172,0.4 ML darbepoetin alfa 0.025 MG/ML Prefilled Syringe [Aranesp],73.5,50.0,50.0,100,True,352044:1 ML darbepoetin alfa 0.025 MG/ML Injection [Arane(73.5)
https://www.goodrx.com/aranesp,aranesp 4 vials of 25mcg/ml (1 carton),4 syringes of 40mcg/0.4ml,352045,1 ML darbepoetin alfa 0.04 MG/ML Injection [Aranesp],73.5,50.0,50.0,100,False,
https://www.goodrx.com/aranesp,aranesp 4 vials of 25mcg/ml (1 carton),4 syringes of 60mcg/0.3ml,731245,0.42 ML darbepoetin alfa 0.06 MG/ML Prefilled Syringe [Aranesp],73.5,50.0,50.0,100,True,352046:1 ML darbepoetin alfa 0.06 MG/ML Injection [Aranes(73.5)
https://www.goodrx.com/arexvy,arexvy 1 dose (1 carton),1 dose,2636599,"0.5 ML respiratory syncytial virus pre-fusion F protein, recombinant 0.24 MG/ML Injection [Arexvy]",55.1,0.0,50.0,100,False,
https://www.goodrx.com/asenapine,asenapine 60 sublingual tablets of 10mg (1 carton),60 sublingual tablets of 2.5mg,1606337,asenapine 2.5 MG Sublingual Tablet,87.5,66.7,100.0,100,False,
https://www.goodrx.com/asenapine,asenapine 60 sublingual tablets of 10mg (1 carton),60 sublingual tablets of 5mg,859981,asenapine 5 MG Sublingual Tablet,87.5,66.7,100.0,100,False,
https://www.goodrx.com/asenapine,asenapine 60 sublingual tablets of 10mg (1 carton),100 sublingual tablets of 10mg,859975,asenapine 10 MG Sublingual Tablet,87.5,66.7,100.0,100,False,
https://www.goodrx.com/asenapine,asenapine 60 sublingual tablets of 10mg (1 carton),100 sublingual tablets of 5mg,859981,asenapine 5 MG Sublingual Tablet,87.5,66.7,100.0,100,False,
https://www.goodrx.com/asenapine,asenapine 60 sublingual tablets of 10mg (1 carton),60 sublingual tablets of 10mg,859975,asenapine 10 MG Sublingual Tablet,87.5,66.7,100.0,100,False,
https://www.goodrx.com/aspirin-chlorpheniramine-phenylephrine,aspirin/chlorpheniramine/phenylephrine 20 tablets of 325mg/2mg/7.8mg (1 carton),20 tablets of 325mg/2mg/7.8mg,1536840,aspirin 325 MG / chlorpheniramine maleate 2 MG / phenylephrine bitartrate 7.8 MG Effervescent Oral Tablet,66.2,75.0,100.0,100,True,1537029:aspirin 325 MG / chlorpheniramine maleate 2 MG / d(66.2); 211874:aspirin 325 MG Oral Tablet [Bayer Aspirin](63.0)
https://www.goodrx.com/aspruzyo-sprinkle,aspruzyo sprinkle 60 packets of 500mg (1 carton),60 packets of 1000mg,,,0.0,0.0,0.0,0,True,NO MATCH FOUND
https://www.goodrx.com/aspruzyo-sprinkle,aspruzyo sprinkle 60 packets of 500mg (1 carton),60 packets of 500mg,,,0.0,0.0,0.0,0,True,NO MATCH FOUND
https://www.goodrx.com/axona,axona 30 packets of powder (1 carton),30 packets of powder,,,0.0,0.0,0.0,0,True,NO MATCH FOUND
https://www.goodrx.com/baqsimi,baqsimi 1 intranasal device of 3mg (1 carton),2 intranasal devices of 3mg,,,0.0,0.0,0.0,0,True,NO MATCH FOUND
https://www.goodrx.com/baqsimi,baqsimi 1 intranasal device of 3mg (1 carton),1 intranasal device of 3mg,,,0.0,0.0,0.0,0,True,NO MATCH FOUND
https://www.goodrx.com/basaglar,basaglar five 3ml kwikpens of 100 units/ml (1 carton),five 3ml tempo pens of 100 units/ml,2268065,Sensor 3 ML insulin glargine 100 UNT/ML Pen Injector [Basaglar],55.1,0.0,50.0,100,False,
https://www.goodrx.com/basaglar,basaglar five 3ml kwikpens of 100 units/ml (1 carton),five 3ml kwikpens of 100 units/ml,2268065,Sensor 3 ML insulin glargine 100 UNT/ML Pen Injector [Basaglar],55.1,0.0,50.0,100,False,
https://www.goodrx.com/bd-nano,bd nano 100 pen needles of 4mm x 32g (1 carton),100 pen needles of 4mm x 32g,,,0.0,0.0,0.0,0,True,NO MATCH FOUND
https://www.goodrx.com/bydureon-bcise,bydureon bcise 4 pens of 2mg/0.85ml (1 carton),4 pens of 2mg/0.85ml,1990869,0.85 ML exenatide 2.35 MG/ML Auto-Injector [Bydureon],42.0,0.0,0.0,100,False,
https://www.goodrx.com/caverject-impulse,caverject impulse 2 injection systems of 20mcg (1 carton),,763472,0.5 ML alprostadil 0.02 MG/ML Prefilled Syringe [Caverject],68.2,0.0,100.0,100,True,103956:alprostadil 0.02 MG Injection [Caverject](68.2)
https://www.goodrx.com/chloraseptic-total-sore-throat-and-cough,chloraseptic total sore throat and cough 15 lozenges of 6mg/5mg/10mg (1 carton),15 lozenges of 6mg/5mg/10mg,1045541,benzocaine 6 MG / dextromethorphan hydrobromide 5 MG / menthol 10 MG Oral Lozenge [Chloraseptic Sore Throat + Cough],67.4,0.0,100.0,100,False,
https://www.goodrx.com/cholestyramine,cholestyramine 60 packets of 9g (1 carton),,848943,cholestyramine resin 4000 MG Powder for Oral Suspension,42.0,50.0,0.0,100,False,
https://www.goodrx.com/cetraxal,ciprofloxacin 14 containers of 0.2% otic solution (1 carton),14 containers of 0.2% otic solution,103943,ciprofloxacin 3 MG/ML Ophthalmic Solution [Ciloxan],58.6,66.7,0.0,100,True,213224:ciprofloxacin 50 MG/ML Oral Suspension [Cipro](54.8); 213226:ciprofloxacin 100 MG/ML Oral Suspension [Cipro](54.8)
https://www.goodrx.com/colestid-flavored,colestid flavored 60 packets of 7.5g (1 carton),60 packets of 7.5g,,,0.0,0.0,0.0,0,True,NO MATCH FOUND
https://www.goodrx.com/elyxyb,elyxyb 6 bottles of oral solution of 120mg/4.8ml (1 carton),6 bottles of oral solution of 120mg/4.8ml,2373460,celecoxib 25 MG/ML Oral Solution [Elyxyb],42.0,0.0,0.0,100,False,
https://www.goodrx.com/enbrel,enbrel 4 sureclicks of 50mg (1 carton),1 mini cartridge of 50mg,2182340,1 ML etanercept 50 MG/ML Cartridge [Enbrel],80.5,33.3,100.0,100,True,809159:0.5 ML etanercept 50 MG/ML Prefilled Syringe [Enbr(80.5); 1653225:1 ML etanercept 50 MG/ML Auto-Injector [Enbrel](80.5); 2392142:0.5 ML etanercept 50 MG/ML Injection [Enbrel](80.5)
https://www.goodrx.com/enbrel,enbrel 4 sureclicks of 50mg (1 carton),1 vial of 25mg,261105,etanercept 25 MG/ML Injectable Solution [Enbrel],80.5,33.3,100.0,100,False,
https://www.goodrx.com/enbrel,enbrel 4 sureclicks of 50mg (1 carton),4 syringes of 25mg,261105,etanercept 25 MG/ML Injectable Solution [Enbrel],80.5,33.3,100.0,100,False,
https://www.goodrx.com/enbrel,enbrel 4 sureclicks of 50mg (1 carton),4 sureclicks of 50mg,2182340,1 ML etanercept 50 MG/ML Cartridge [Enbrel],80.5,33.3,100.0,100,True,809159:0.5 ML etanercept 50 MG/ML Prefilled Syringe [Enbr(80.5); 1653225:1 ML etanercept 50 MG/ML Auto-Injector [Enbrel](80.5); 2392142:0.5 ML etanercept 50 MG/ML Injection [Enbrel](80.5)
https://www.goodrx.com/enbrel,enbrel 4 sureclicks of 50mg (1 carton),4 mini cartridges of 50mg,2182340,1 ML etanercept 50 MG/ML Cartridge [Enbrel],80.5,33.3,100.0,100,True,809159:0.5 ML etanercept 50 MG/ML Prefilled Syringe [Enbr(80.5); 1653225:1 ML etanercept 50 MG/ML Auto-Injector [Enbrel](80.5); 2392142:0.5 ML etanercept 50 MG/ML Injection [Enbrel](80.5)
https://www.goodrx.com/enbrel,enbrel 4 sureclicks of 50mg (1 carton),4 syringes of 50mg,809159,0.5 ML etanercept 50 MG/ML Prefilled Syringe [Enbrel],80.5,33.3,100.0,100,True,1653225:1 ML etanercept 50 MG/ML Auto-Injector [Enbrel](80.5); 2392142:0.5 ML etanercept 50 MG/ML Injection [Enbrel](80.5)
https://www.goodrx.com/enbrel,enbrel 4 sureclicks of 50mg (1 carton),1 syringe of 50mg,809159,0.5 ML etanercept 50 MG/ML Prefilled Syringe [Enbrel],80.5,33.3,100.0,100,True,1653225:1 ML etanercept 50 MG/ML Auto-Injector [Enbrel](80.5); 2392142:0.5 ML etanercept 50 MG/ML Injection [Enbrel](80.5)
https://www.goodrx.com/enbrel,enbrel 4 sureclicks of 50mg (1 carton),4 vials of 25mg,261105,etanercept 25 MG/ML Injectable Solution [Enbrel],80.5,33.3,100.0,100,False,
https://www.goodrx.com/enemeez,enemeez 30 mini-enemas of 283mg (1 carton),5 mini-enemas of 283mg,,,0.0,0.0,0.0,0,True,NO MATCH FOUND
https://www.goodrx.com/enemeez,enemeez 30 mini-enemas of 283mg (1 carton),30 mini-enemas of 283mg,,,0.0,0.0,0.0,0,True,NO MATCH FOUND
https://www.goodrx.com/enemeez-kids,enemeez kids 5 mini-enemas of 100mg (1 carton),30 mini-enemas of 283mg,,,0.0,0.0,0.0,0,True,NO MATCH FOUND
https://www.goodrx.com/enemeez-plus,enemeez plus 30 mini-enemas of 283mg/20mg (1 carton),5 mini-enemas of 283mg/20mg,,,0.0,0.0,0.0,0,True,NO MATCH FOUND
https://www.goodrx.com/enstilar,enstilar 60g foam of 0.005%/0.064% (1 carton),60g foam of 0.005%/0.064%,1716099,betamethasone dipropionate 0.643 MG/ML / calcipotriene 0.05 MG/ML Topical Foam [Enstilar],59.5,0.0,66.7,100,False,
https://www.goodrx.com/enteragam,enteragam 30 packets of 10g (1 carton),30 packets of 10g,,,0.0,0.0,0.0,0,True,NO MATCH FOUND
https://www.goodrx.com/ertapenem,ertapenem 10 vials of 1g (1 carton),10 vials of 1g,1734683,ertapenem 1000 MG Injection,87.5,66.7,100.0,100,False,
https://www.goodrx.com/divigel,estradiol 30 packets of 0.5mg gel (1 carton),30 packets of 0.25mg gel,581549,estradiol 0.0006 MG/MG Topical Gel [Estrogel],58.8,66.7,0.0,100,False,
https://www.goodrx.com/divigel,estradiol 30 packets of 0.5mg gel (1 carton),30 packets of 0.75mg gel,581549,estradiol 0.0006 MG/MG Topical Gel [Estrogel],58.8,66.7,0.0,100,False,
https://www.goodrx.com/divigel,estradiol 30 packets of 0.5mg gel (1 carton),30 packets of 0.5mg gel,581549,estradiol 0.0006 MG/MG Topical Gel [Estrogel],58.8,66.7,0.0,100,False,
https://www.goodrx.com/divigel,estradiol 30 packets of 0.5mg gel (1 carton),30 packets of 1mg gel,581549,estradiol 0.0006 MG/MG Topical Gel [Estrogel],58.8,66.7,0.0,100,False,
https://www.goodrx.com/divigel,estradiol 30 packets of 0.5mg gel (1 carton),30 packets of 1.25mg gel,581549,estradiol 0.0006 MG/MG Topical Gel [Estrogel],58.8,66.7,0.0,100,False,
https://www.goodrx.com/estradiol,estradiol 8 twice-weekly patches of 0.05mg/day (1 carton),4 once-weekly patches of 0.025mg/day,,,0.0,0.0,0.0,0,True,NO MATCH FOUND
https://www.goodrx.com/estradiol,estradiol 8 twice-weekly patches of 0.05mg/day (1 carton),8 twice-weekly patches of 0.0375mg/day,,,0.0,0.0,0.0,0,True,NO MATCH FOUND
https://www.goodrx.com/estradiol,estradiol 8 twice-weekly patches of 0.05mg/day (1 carton),30 packets of 0.25mg gel,,,0.0,0.0,0.0,0,True,NO MATCH FOUND
https://www.goodrx.com/estradiol,estradiol 8 twice-weekly patches of 0.05mg/day (1 carton),8 twice-weekly patches of 0.075mg/day,,,0.0,0.0,0.0,0,True,NO MATCH FOUND
https://www.goodrx.com/estradiol,estradiol 8 twice-weekly patches of 0.05mg/day (1 carton),4 once-weekly patches of 0.05mg/day,,,0.0,0.0,0.0,0,True,NO MATCH FOUND
https://www.goodrx.com/estradiol,estradiol 8 twice-weekly patches of 0.05mg/day (1 carton),30 packets of 1mg gel,,,0.0,0.0,0.0,0,True,NO MATCH FOUND
https://www.goodrx.com/estradiol,estradiol 8 twice-weekly patches of 0.05mg/day (1 carton),4 once-weekly patches of 0.0375mg/day,,,0.0,0.0,0.0,0,True,NO MATCH FOUND
https://www.goodrx.com/estradiol,estradiol 8 twice-weekly patches of 0.05mg/day (1 carton),4 once-weekly patches of 0.06mg/day,,,0.0,0.0,0.0,0,True,NO MATCH FOUND
https://www.goodrx.com/estradiol,estradiol 8 twice-weekly patches of 0.05mg/day (1 carton),30 packets of 0.5mg gel,,,0.0,0.0,0.0,0,True,NO MATCH FOUND
https://www.goodrx.com/estradiol,estradiol 8 twice-weekly patches of 0.05mg/day (1 carton),4 once-weekly patches of 0.075mg/day,,,0.0,0.0,0.0,0,True,NO MATCH FOUND
https://www.goodrx.com/estradiol,estradiol 8 twice-weekly patches of 0.05mg/day (1 carton),30 packets of 1.25mg gel,,,0.0,0.0,0.0,0,True,NO MATCH FOUND
https://www.goodrx.com/estradiol,estradiol 8 twice-weekly patches of 0.05mg/day (1 carton),8 twice-weekly patches of 0.025mg/day,,,0.0,0.0,0.0,0,True,NO MATCH FOUND
https://www.goodrx.com/estradiol,estradiol 8 twice-weekly patches of 0.05mg/day (1 carton),4 once-weekly patches of 0.1mg/day,,,0.0,0.0,0.0,0,True,NO MATCH FOUND
https://www.goodrx.com/estradiol,estradiol 8 twice-weekly patches of 0.05mg/day (1 carton),8 twice-weekly patches of 0.05mg/day,,,0.0,0.0,0.0,0,True,NO MATCH FOUND
https://www.goodrx.com/estradiol,estradiol 8 twice-weekly patches of 0.05mg/day (1 carton),8 twice-weekly patches of 0.1mg/day,,,0.0,0.0,0.0,0,True,NO MATCH FOUND
https://www.goodrx.com/exservan,exservan 60 pouches of 50mg (1 carton),60 pouches of 50mg,2267572,riluzole 50 MG Oral Film [Exservan],68.2,0.0,100.0,100,False,
https://www.goodrx.com/copaxone,glatopa 30 syringes of 20mg/ml (1 carton),30 syringes of 20mg/ml,1654630,1 ML glatiramer acetate 20 MG/ML Prefilled Syringe [Glatopa],77.4,25.0,100.0,100,False,
https://www.goodrx.com/neutrasal,neutrasal 30 packets (1 carton),30 packets,,,0.0,0.0,0.0,0,True,NO MATCH FOUND
https://www.goodrx.com/neutrasal,neutrasal 30 packets (1 carton),120 packets,,,0.0,0.0,0.0,0,True,NO MATCH FOUND
https://www.goodrx.com/ngenla,ngenla 1.2ml prefilled pen of 60mg/1.2ml (1 carton),1.2ml prefilled pen of 24mg/1.2ml,2644523,1.2 ML somatrogon-ghla 20 MG/ML Pen Injector [Ngenla],60.4,50.0,0.0,100,True,2644529:1.2 ML somatrogon-ghla 50 MG/ML Pen Injector [Ngen(60.4)
https://www.goodrx.com/ngenla,ngenla 1.2ml prefilled pen of 60mg/1.2ml (1 carton),1.2ml prefilled pen of 60mg/1.2ml,2644523,1.2 ML somatrogon-ghla 20 MG/ML Pen Injector [Ngenla],60.4,50.0,0.0,100,True,2644529:1.2 ML somatrogon-ghla 50 MG/ML Pen Injector [Ngen(60.4)
https://www.goodrx.com/nocdurna,nocdurna 30 tablets of 22.7mg (1 carton),30 tablets of 55.3mg,2048722,desmopressin acetate 0.0553 MG Sublingual Tablet [Nocdurna],42.0,0.0,0.0,100,True,2048718:desmopressin acetate 0.0277 MG Sublingual Tablet [(42.0)
https://www.goodrx.com/nocdurna,nocdurna 30 tablets of 22.7mg (1 carton),30 tablets of 22.7mg,2048722,desmopressin acetate 0.0553 MG Sublingual Tablet [Nocdurna],42.0,0.0,0.0,100,True,2048718:desmopressin acetate 0.0277 MG Sublingual Tablet [(42.0)
https://www.goodrx.com/norethindrone-ethinyl-estradiol-ferrous-fumarate,"norethindrone/ethinyl estradiol/ferrous fumarate 28 tablets of 1mg/20mcg, 1mg/30mcg, 1mg/35mcg (1 carton)",28 capsules of 1mg/20mcg,999749,ascorbic acid 250 MG / ferrous fumarate 200 MG / folic acid 1 MG / vitamin B12 0.01 MG Oral Capsule [Hematogen],54.6,50.0,50.0,100,True,999783:ascorbic acid 60 MG / ferrous fumarate 460 MG / fo(54.6); 1314685:calcium pantothenate 10 MG / copper sulfate 0.8 MG(54.4); 999832:ferrous fumarate 162 MG / folic acid 1 MG / polysa(52.9)
https://www.goodrx.com/norethindrone-ethinyl-estradiol-ferrous-fumarate,"norethindrone/ethinyl estradiol/ferrous fumarate 28 tablets of 1mg/20mcg, 1mg/30mcg, 1mg/35mcg (1 carton)","28 tablets of 1mg/20mcg, 1mg/30mcg, 1mg/35mcg",802748,calcium ascorbate 60 MG / calcium threonate 0.8 MG / ferrous asparto glycinate 50 MG / ferrous fumarate 101 MG / folic acid 1 MG / succinic acid 50 MG / vitamin B12 0.01 MG Oral Tablet [Multigen Plus],53.3,50.0,50.0,100,True,206101:estradiol 1 MG Oral Tablet [Estrace](53.0); 404084:ferrous fumarate 324 MG / folic acid 1 MG Oral Tab(52.7); 1116183:ascorbic acid 100 MG / calcium carbonate 200 MG / (51.0)
https://www.goodrx.com/norethindrone-ethinyl-estradiol-ferrous-fumarate,"norethindrone/ethinyl estradiol/ferrous fumarate 28 tablets of 1mg/20mcg, 1mg/30mcg, 1mg/35mcg (1 carton)",28 tablets of 1.5mg/0.03mg,826865,ascorbic acid 60 MG / biotin 0.3 MG / ferrous fumarate 29 MG / folic acid 0.8 MG / mecobalamin 0.006 MG / niacinamide 20 MG / pantothenate 10 MG / pyridoxine 10 MG / riboflavin 1.7 MG / thiamine 1.5 MG Oral Tablet [Dialyvite 800 with Iron],55.4,50.0,50.0,100,False,
https://www.goodrx.com/norethindrone-ethinyl-estradiol-ferrous-fumarate,"norethindrone/ethinyl estradiol/ferrous fumarate 28 tablets of 1mg/20mcg, 1mg/30mcg, 1mg/35mcg (1 carton)",28 chewable tablets of 1mg/20mcg,802748,calcium ascorbate 60 MG / calcium threonate 0.8 MG / ferrous asparto glycinate 50 MG / ferrous fumarate 101 MG / folic acid 1 MG / succinic acid 50 MG / vitamin B12 0.01 MG Oral Tablet [Multigen Plus],53.3,50.0,50.0,100,True,206101:estradiol 1 MG Oral Tablet [Estrace](53.0); 404084:ferrous fumarate 324 MG / folic acid 1 MG Oral Tab(52.7); 1116183:ascorbic acid 100 MG / calcium carbonate 200 MG / (51.0)
https://www.goodrx.com/norethindrone-ethinyl-estradiol-ferrous-fumarate,"norethindrone/ethinyl estradiol/ferrous fumarate 28 tablets of 1mg/20mcg, 1mg/30mcg, 1mg/35mcg (1 carton)",28 chewable tablets of 0.8mg/0.025mg,1099638,ethinyl estradiol 0.025 MG / norethindrone 0.8 MG Chewable Tablet,57.5,50.0,100.0,100,True,826865:ascorbic acid 60 MG / biotin 0.3 MG / ferrous fuma(55.4); 802748:calcium ascorbate 60 MG / calcium threonate 0.8 MG(53.3)
https://www.goodrx.com/norethindrone-ethinyl-estradiol-ferrous-fumarate,"norethindrone/ethinyl estradiol/ferrous fumarate 28 tablets of 1mg/20mcg, 1mg/30mcg, 1mg/35mcg (1 carton)",28 chewable tablets of 0.4mg/0.035mg,433718,ethinyl estradiol 0.035 MG / norethindrone 0.4 MG Chewable Tablet,57.5,50.0,100.0,100,True,238015:ethinyl estradiol 0.035 MG / norethindrone 0.4 MG (57.5)
https://www.goodrx.com/ob-complete-prenatal,ob complete prenatal 100 caplets of 630mcg/120mg/8mg (1 carton),100 caplets of 630mcg/120mg/8mg,,,0.0,0.0,0.0,0,True,NO MATCH FOUND
https://www.goodrx.com/omvoh,omvoh 2 pens of 100mg/ml (1 carton),2 pens of 100mg/ml,2703048,2 ML mirikizumab-mrkz 100 MG/ML Prefilled Syringe [Omvoh],80.5,33.3,100.0,100,True,2703050:2 ML mirikizumab-mrkz 100 MG/ML Auto-Injector [Omv(80.5)
https://www.goodrx.com/onzetra,onzetra 16 nosepieces of 11mg (1 carton),16 nosepieces of 11mg,1739337,sumatriptan 11 MG Nasal Powder [Onzetra],68.2,0.0,100.0,100,False,
https://www.goodrx.com/opvee,opvee two nasal sprays of 2.7mg (1 carton),two nasal sprays of 2.7mg,2639727,nalmefene 27 MG/ML Nasal Spray [Opvee],42.0,0.0,0.0,100,False,
https://www.goodrx.com/orencia,orencia 4 clickject autoinjectors of 125mg/ml (1 carton),4 clickject autoinjectors of 125mg/ml,1925255,0.4 ML abatacept 125 MG/ML Prefilled Syringe [Orencia],80.5,33.3,100.0,100,True,1799230:1 ML abatacept 125 MG/ML Auto-Injector [Orencia](80.5)
https://www.goodrx.com/orencia,orencia 4 clickject autoinjectors of 125mg/ml (1 carton),4 syringes of 87.5mg/0.7ml,1925255,0.4 ML abatacept 125 MG/ML Prefilled Syringe [Orencia],54.2,33.3,0.0,100,True,616018:abatacept 250 MG Injection [Orencia](54.2); 1799230:1 ML abatacept 125 MG/ML Auto-Injector [Orencia](54.2)
https://www.goodrx.com/oriahnn,oriahnn 56 capsules of 300mg/1mg/0.5mg/300mg (1 carton),56 capsules of 300mg/1mg/0.5mg/300mg,,,0.0,0.0,0.0,0,True,NO MATCH FOUND
https://www.goodrx.com/orphenadrine,orphenadrine 10 ampules of 60mg/2ml (1 carton),10 ampules of 60mg/2ml,994541,2 ML orphenadrine citrate 30 MG/ML Injection,50.0,100.0,0.0,100,False,
https://www.goodrx.com/plenvu,plenvu 3 pouches (1 carton),3 pouches,,,0.0,0.0,0.0,0,True,NO MATCH FOUND
https://www.goodrx.com/polyethylene-glycol-3350,polyethylene glycol 3350 30 packets of 17g/dose (1 carton),30 packets of 17g/dose,,,0.0,0.0,0.0,0,True,NO MATCH FOUND
https://www.goodrx.com/polyethylene-glycol-3350,polyethylene glycol 3350 30 packets of 17g/dose (1 carton),14 packets of 17g/dose,,,0.0,0.0,0.0,0,True,NO MATCH FOUND
https://www.goodrx.com/praluent,praluent 2 pens of 75mg/ml (1 carton),2 pens of 75mg/ml,1659179,1 ML alirocumab 75 MG/ML Prefilled Syringe [Praluent],80.5,33.3,100.0,100,True,1659183:1 ML alirocumab 75 MG/ML Auto-Injector [Praluent](80.5)
https://www.goodrx.com/praluent,praluent 2 pens of 75mg/ml (1 carton),2 pens of 150mg/ml,1659161,1 ML alirocumab 150 MG/ML Auto-Injector [Praluent],80.5,33.3,100.0,100,True,1659167:1 ML alirocumab 150 MG/ML Prefilled Syringe [Pralu(80.5)
https://www.goodrx.com/pulmozyme,pulmozyme 30 ampules of 1mg/ml (1 carton),30 ampules of 1mg/ml,993072,alglucosidase alfa 50 MG Injection [Lumizyme],43.5,25.0,0.0,100,False,
https://www.goodrx.com/pyrukynd,pyrukynd 28 day packs of 50mg (1 carton),28 day packs of 20mg,2594479,mitapivat 20 MG Oral Tablet [Pyrukynd],80.5,33.3,100.0,100,False,
https://www.goodrx.com/pyrukynd,pyrukynd 28 day packs of 50mg (1 carton),taper pack of 5mg,2594498,mitapivat 5 MG Oral Tablet [Pyrukynd],80.5,33.3,100.0,100,False,
https://www.goodrx.com/pyrukynd,pyrukynd 28 day packs of 50mg (1 carton),28 day packs of 50mg,2594503,mitapivat 50 MG Oral Tablet [Pyrukynd],80.5,33.3,100.0,100,False,
https://www.goodrx.com/pyrukynd,pyrukynd 28 day packs of 50mg (1 carton),taper pack of 20mg/5mg,2594479,mitapivat 20 MG Oral Tablet [Pyrukynd],67.4,33.3,50.0,100,True,2594498:mitapivat 5 MG Oral Tablet [Pyrukynd](67.4)
https://www.goodrx.com/pyrukynd,pyrukynd 28 day packs of 50mg (1 carton),28 day packs of 5mg,2594498,mitapivat 5 MG Oral Tablet [Pyrukynd],80.5,33.3,100.0,100,False,
https://www.goodrx.com/pyrukynd,pyrukynd 28 day packs of 50mg (1 carton),taper pack of 50mg/20mg,2594479,mitapivat 20 MG Oral Tablet [Pyrukynd],67.4,33.3,50.0,100,True,2594503:mitapivat 50 MG Oral Tablet [Pyrukynd](67.4)
https://www.goodrx.com/qlosi,qlosi 30 0.4ml vials of 0.4% (1 carton),30 0.4ml vials of 0.4%,,,0.0,0.0,0.0,0,True,NO MATCH FOUND
https://www.goodrx.com/qmiiz,qmiiz 3 blister packs of 10 orally disintegrating tablet of 7.5mg (1 carton),10 blister packs of 10 orally disintegrating table of 15mg,2118588,meloxicam 15 MG Disintegrating Oral Tablet [Qmiiz],68.2,0.0,100.0,100,False,
https://www.goodrx.com/rebif,rebif 12 syringes of 44mcg (1 carton),12 syringes of 44mcg,795748,0.2 ML interferon beta-1a 0.044 MG/ML Prefilled Syringe [Rebif],68.2,0.0,100.0,100,True,1649996:0.5 ML interferon beta-1a 0.044 MG/ML Auto-Injecto(68.2)
https://www.goodrx.com/rebif,rebif 12 syringes of 44mcg (1 carton),12 autoinjectors of 22mcg,795748,0.2 ML interferon beta-1a 0.044 MG/ML Prefilled Syringe [Rebif],42.0,0.0,0.0,100,True,758027:0.5 ML interferon beta-1a 0.088 MG/ML Prefilled Sy(42.0); 1649996:0.5 ML interferon beta-1a 0.044 MG/ML Auto-Injecto(42.0); 1650004:0.5 ML interferon beta-1a 0.088 MG/ML Auto-Injecto(42.0)
https://www.goodrx.com/rebif,rebif 12 syringes of 44mcg (1 carton),12 syringes of 22mcg,795748,0.2 ML interferon beta-1a 0.044 MG/ML Prefilled Syringe [Rebif],42.0,0.0,0.0,100,True,758027:0.5 ML interferon beta-1a 0.088 MG/ML Prefilled Sy(42.0); 1649996:0.5 ML interferon beta-1a 0.044 MG/ML Auto-Injecto(42.0); 1650004:0.5 ML interferon beta-1a 0.088 MG/ML Auto-Injecto(42.0)
https://www.goodrx.com/rebyota,rebyota 1 single-dose (1 carton),1 single-dose,2626737,"fecal microbiota, live-jslm 50000000000 UNT/ML Enema [Rebyota]",55.1,0.0,50.0,100,False,
https://www.goodrx.com/ceramax,ceramax 454g (1 cream pump),454g,,,0.0,0.0,0.0,0,True,NO MATCH FOUND
https://www.goodrx.com/proquad,proquad 0.5ml (1 dose),0.5ml,1292443,"0.5 ML measles virus vaccine live, Enders' attenuated Edmonston strain 2000 UNT/ML / mumps virus vaccine live, Jeryl Lynn strain 40000 UNT/ML / rubella virus vaccine live (Wistar RA 27-3 strain) 2000 UNT/ML / varicella-zoster virus vaccine live (Oka-Merck) strain 20000 UNT/ML Injection [ProQuad]",52.5,28.6,0.0,100,False,
https://www.goodrx.com/rabavert,rabavert 2.5iu/ml (1 dose),2.5iu/ml,830463,1 ML rabies virus vaccine flury-lep strain 2.5 UNT/ML Injection [RabAvert],86.6,50.0,100.0,100,False,
https://www.goodrx.com/almotriptan,almotriptan 12 tablets of 12.5mg (1 dose pack),12 tablets of 12.5mg,284205,almotriptan 12.5 MG Oral Tablet,78.8,50.0,100.0,100,False,
https://www.goodrx.com/axert,almotriptan 12 tablets of 12.5mg (1 dose pack),12 tablets of 12.5mg,284205,almotriptan 12.5 MG Oral Tablet,57.5,50.0,100.0,100,False,
https://www.goodrx.com/arakoda,arakoda 16 tablets of 100mg (1 dose pack),16 tablets of 100mg,2054102,tafenoquine 100 MG Oral Tablet [Arakoda],68.2,0.0,100.0,100,False,
https://www.goodrx.com/avonex,avonex 4 pens of 30mcg/0.5ml (1 dose pack),4 syringes of 30mcg/0.5ml,1650901,0.5 ML interferon beta-1a 0.06 MG/ML Auto-Injector [Avonex],42.0,0.0,0.0,100,True,727816:0.5 ML interferon beta-1a 0.06 MG/ML Prefilled Syr(42.0)
https://www.goodrx.com/avonex,avonex 4 pens of 30mcg/0.5ml (1 dose pack),4 pens of 30mcg/0.5ml,1650901,0.5 ML interferon beta-1a 0.06 MG/ML Auto-Injector [Avonex],42.0,0.0,0.0,100,True,727816:0.5 ML interferon beta-1a 0.06 MG/ML Prefilled Syr(42.0)
https://www.goodrx.com/corvita-150,corvita 150 100 tablets of 150mg/1.25mg (1 dose pack),100 tablets of 150mg/1.25mg,,,0.0,0.0,0.0,0,True,NO MATCH FOUND
https://www.goodrx.com/afinitor-disperz,everolimus 28 tablets for suspension of 2mg (1 dose pack),28 tablets for suspension of 2mg,,,0.0,0.0,0.0,0,True,NO MATCH FOUND
https://www.goodrx.com/afinitor-disperz,everolimus 28 tablets for suspension of 2mg (1 dose pack),28 tablets for suspension of 5mg,,,0.0,0.0,0.0,0,True,NO MATCH FOUND
https://www.goodrx.com/amerge,naratriptan 9 tablets of 2.5mg (1 dose pack),9 tablets of 1mg,213211,naratriptan 1 MG Oral Tablet [Amerge],66.6,50.0,100.0,100,False,
https://www.goodrx.com/amerge,naratriptan 9 tablets of 2.5mg (1 dose pack),9 tablets of 2.5mg,213212,naratriptan 2.5 MG Oral Tablet [Amerge],66.6,50.0,100.0,100,False,
https://www.goodrx.com/odactra,odactra 30 sublingual tablets of 12 sq-hdm (1 dose pack),30 sublingual tablets of 12 sq-hdm,1998631,American house dust mite allergenic extract 6 SQ-HDM / European house dust mite allergenic extract 6 SQ-HDM Sublingual Tablet [Odactra],64.3,25.0,50.0,100,False,
https://www.goodrx.com/orilissa,orilissa 28 tablets of 150mg (1 dose pack),28 tablets of 150mg,2049858,elagolix 150 MG Oral Tablet [Orilissa],68.2,0.0,100.0,100,False,
https://www.goodrx.com/oseltamivir,oseltamivir 10 capsules of 75mg (1 dose pack),10 capsules of 75mg,312122,oseltamivir 75 MG Oral Capsule,78.8,50.0,100.0,100,False,
https://www.goodrx.com/palforzia,palforzia level 11 maintenance of 300mg (1 dose pack),level 8 of 160mg,2279456,peanut (Arachis hypogaea) allergen-dnfp 300 MG Oral Powder [Palforzia],42.0,0.0,0.0,100,True,2279424:peanut (Arachis hypogaea) allergen-dnfp 20 MG Oral(42.0); 2279434:peanut (Arachis hypogaea) allergen-dnfp 10 MG Oral(42.0); 2279444:peanut (Arachis hypogaea) allergen-dnfp 100 MG Ora(42.0)
https://www.goodrx.com/palforzia,palforzia level 11 maintenance of 300mg (1 dose pack),level 6 of 80mg,2279456,peanut (Arachis hypogaea) allergen-dnfp 300 MG Oral Powder [Palforzia],42.0,0.0,0.0,100,True,2279424:peanut (Arachis hypogaea) allergen-dnfp 20 MG Oral(42.0); 2279434:peanut (Arachis hypogaea) allergen-dnfp 10 MG Oral(42.0); 2279444:peanut (Arachis hypogaea) allergen-dnfp 100 MG Ora(42.0)
https://www.goodrx.com/palforzia,palforzia level 11 maintenance of 300mg (1 dose pack),level 2 of 6mg,2279456,peanut (Arachis hypogaea) allergen-dnfp 300 MG Oral Powder [Palforzia],42.0,0.0,0.0,100,True,2279424:peanut (Arachis hypogaea) allergen-dnfp 20 MG Oral(42.0); 2279434:peanut (Arachis hypogaea) allergen-dnfp 10 MG Oral(42.0); 2279444:peanut (Arachis hypogaea) allergen-dnfp 100 MG Ora(42.0)
https://www.goodrx.com/palforzia,palforzia level 11 maintenance of 300mg (1 dose pack),level 9 of 200mg,2279456,peanut (Arachis hypogaea) allergen-dnfp 300 MG Oral Powder [Palforzia],42.0,0.0,0.0,100,True,2279424:peanut (Arachis hypogaea) allergen-dnfp 20 MG Oral(42.0); 2279434:peanut (Arachis hypogaea) allergen-dnfp 10 MG Oral(42.0); 2279444:peanut (Arachis hypogaea) allergen-dnfp 100 MG Ora(42.0)
https://www.goodrx.com/palforzia,palforzia level 11 maintenance of 300mg (1 dose pack),level 7 of 120mg,2279456,peanut (Arachis hypogaea) allergen-dnfp 300 MG Oral Powder [Palforzia],42.0,0.0,0.0,100,True,2279424:peanut (Arachis hypogaea) allergen-dnfp 20 MG Oral(42.0); 2279434:peanut (Arachis hypogaea) allergen-dnfp 10 MG Oral(42.0); 2279444:peanut (Arachis hypogaea) allergen-dnfp 100 MG Ora(42.0)
https://www.goodrx.com/palforzia,palforzia level 11 maintenance of 300mg (1 dose pack),level 3 of 12mg,2279456,peanut (Arachis hypogaea) allergen-dnfp 300 MG Oral Powder [Palforzia],42.0,0.0,0.0,100,True,2279424:peanut (Arachis hypogaea) allergen-dnfp 20 MG Oral(42.0); 2279434:peanut (Arachis hypogaea) allergen-dnfp 10 MG Oral(42.0); 2279444:peanut (Arachis hypogaea) allergen-dnfp 100 MG Ora(42.0)
https://www.goodrx.com/palforzia,palforzia level 11 maintenance of 300mg (1 dose pack),level 11 of 300mg,2279456,peanut (Arachis hypogaea) allergen-dnfp 300 MG Oral Powder [Palforzia],68.2,0.0,100.0,100,False,
https://www.goodrx.com/palforzia,palforzia level 11 maintenance of 300mg (1 dose pack),level 1 of 3mg,2279456,peanut (Arachis hypogaea) allergen-dnfp 300 MG Oral Powder [Palforzia],42.0,0.0,0.0,100,True,2279424:peanut (Arachis hypogaea) allergen-dnfp 20 MG Oral(42.0); 2279434:peanut (Arachis hypogaea) allergen-dnfp 10 MG Oral(42.0); 2279444:peanut (Arachis hypogaea) allergen-dnfp 100 MG Ora(42.0)
https://www.goodrx.com/palforzia,palforzia level 11 maintenance of 300mg (1 dose pack),initial dose escalation,2279456,peanut (Arachis hypogaea) allergen-dnfp 300 MG Oral Powder [Palforzia],68.2,0.0,100.0,100,False,
https://www.goodrx.com/palforzia,palforzia level 11 maintenance of 300mg (1 dose pack),level 5 of 40mg,2279456,peanut (Arachis hypogaea) allergen-dnfp 300 MG Oral Powder [Palforzia],42.0,0.0,0.0,100,True,2279424:peanut (Arachis hypogaea) allergen-dnfp 20 MG Oral(42.0); 2279434:peanut (Arachis hypogaea) allergen-dnfp 10 MG Oral(42.0); 2279444:peanut (Arachis hypogaea) allergen-dnfp 100 MG Ora(42.0)
https://www.goodrx.com/palforzia,palforzia level 11 maintenance of 300mg (1 dose pack),level 11 maintenance of 300mg,2279456,peanut (Arachis hypogaea) allergen-dnfp 300 MG Oral Powder [Palforzia],68.2,0.0,100.0,100,False,
https://www.goodrx.com/palforzia,palforzia level 11 maintenance of 300mg (1 dose pack),level 10 of 240mg,2279456,peanut (Arachis hypogaea) allergen-dnfp 300 MG Oral Powder [Palforzia],42.0,0.0,0.0,100,True,2279424:peanut (Arachis hypogaea) allergen-dnfp 20 MG Oral(42.0); 2279434:peanut (Arachis hypogaea) allergen-dnfp 10 MG Oral(42.0); 2279444:peanut (Arachis hypogaea) allergen-dnfp 100 MG Ora(42.0)
https://www.goodrx.com/palforzia,palforzia level 11 maintenance of 300mg (1 dose pack),level 4 of 20mg,2279424,peanut (Arachis hypogaea) allergen-dnfp 20 MG Oral Powder [Palforzia],68.2,0.0,100.0,100,False,
https://www.goodrx.com/biltricide,praziquantel 6 tablets of 600mg (1 dose pack),6 tablets of 600mg,208975,praziquantel 600 MG Oral Tablet [Biltricide],67.5,50.0,100.0,100,False,
https://www.goodrx.com/praziquantel,praziquantel 6 tablets of 600mg (1 dose pack),6 tablets of 600mg,198140,praziquantel 600 MG Oral Tablet,78.8,50.0,100.0,100,False,
https://www.goodrx.com/ragwitek,ragwitek 30 sublingual tablets of 12 amb a 1-u (1 dose pack),10 sublingual tablets of 12 amb a 1-u,1495470,short ragweed pollen extract 12 Amb a 1-U Sublingual Tablet [Ragwitek],69.8,40.0,50.0,100,False,
https://www.goodrx.com/ragwitek,ragwitek 30 sublingual tablets of 12 amb a 1-u (1 dose pack),30 sublingual tablets of 12 amb a 1-u,1495470,short ragweed pollen extract 12 Amb a 1-U Sublingual Tablet [Ragwitek],69.8,40.0,50.0,100,False,
https://www.goodrx.com/epclusa,sofosbuvir/velpatasvir 28 tablets of 400mg/100mg (1 dose pack),28 tablets of 400mg/100mg,1939335,sofosbuvir 400 MG / velpatasvir 100 MG / voxilaprevir 100 MG Oral Tablet [Vosevi],73.4,60.0,100.0,100,True,1799218:sofosbuvir 400 MG / velpatasvir 100 MG Oral Tablet(69.5)
https://www.goodrx.com/d-vite,d-vite 50ml of 400iu/ml (1 dropper),50ml of 400iu/ml,,,0.0,0.0,0.0,0,True,NO MATCH FOUND
https://www.goodrx.com/dexamethasone-intensol,dexamethasone intensol 30ml of 1mg/ml (1 dropper),1.5mg,197580,dexamethasone 1.5 MG Oral Tablet,75.0,100.0,100.0,100,False,
https://www.goodrx.com/phluorivit,multivitamin with fluoride 50ml of 0.25mg/ml (1 dropper),50ml of 0.25mg/ml,,,0.0,0.0,0.0,0,True,NO MATCH FOUND
https://www.goodrx.com/phluorivit,multivitamin with fluoride 50ml of 0.25mg/ml (1 dropper),50ml of 0.5mg/ml,,,0.0,0.0,0.0,0,True,NO MATCH FOUND
https://www.goodrx.com/poly-vi-flor,poly-vi-flor 50ml (1 dropper),50ml,,,0.0,0.0,0.0,0,True,NO MATCH FOUND
https://www.goodrx.com/poly-vi-flor-with-iron,poly-vi-flor with iron 50ml (1 dropper),50ml,,,0.0,0.0,0.0,0,True,NO MATCH FOUND
https://www.goodrx.com/poly-vi-sol,poly-vi-sol 50ml (1 dropper),50ml,,,0.0,0.0,0.0,0,True,NO MATCH FOUND
https://www.goodrx.com/poly-vi-sol-with-iron,poly-vi-sol with iron 50ml (1 dropper),50ml,,,0.0,0.0,0.0,0,True,NO MATCH FOUND
https://www.goodrx.com/poly-vite-pediatric,poly-vite pediatric 50ml of 0.25mg/50mg/0.01mg (1 dropper),50ml of 0.25mg/50mg/0.01mg,,,0.0,0.0,0.0,0,True,NO MATCH FOUND
https://www.goodrx.com/poly-vite-pediatric-iron,poly-vite pediatric iron 50ml of 0.25mg/50mg/0.01mg (1 dropper),50ml of 0.25mg/50mg/0.01mg,,,0.0,0.0,0.0,0,True,NO MATCH FOUND
https://www.goodrx.com/prednisone-intensol,prednisone intensol 30ml of 5mg/ml (1 dropper),30ml of 5mg/ml,205301,prednisone 5 MG/ML Oral Solution,62.5,100.0,50.0,100,False,
https://www.goodrx.com/quflora,quflora 50ml of 0.25mg/ml (1 dropper),400mg,,,0.0,0.0,0.0,0,True,NO MATCH FOUND
https://www.goodrx.com/acetasol,acetic acid 15ml of 2% (1 ear dropper),15ml of 2%,1991509,citric acid 75 MG/ML / magnesium oxide 21.9 MG/ML / picosulfate sodium 0.0625 MG/ML Oral Solution [Clenpiq],56.0,50.0,50.0,100,True,2626366:citric acid 68.6 MG/ML / magnesium oxide 20 MG/ML (56.0)
https://www.goodrx.com/acetic-acid,acetic acid 15ml of 2% (1 ear dropper),15ml of 2%,,,0.0,0.0,0.0,0,True,NO MATCH FOUND
https://www.goodrx.com/orlex,acetic acid 15ml of 2% (1 ear dropper),15ml of 2%,2626366,citric acid 68.6 MG/ML / magnesium oxide 20 MG/ML / picosulfate sodium 0.0571 MG/ML Oral Solution [Clenpiq],56.0,50.0,50.0,100,True,1991509:citric acid 75 MG/ML / magnesium oxide 21.9 MG/ML (56.0)
https://www.goodrx.com/cipro-hc,cipro hc 10ml of 0.2%/1% (1 ear dropper),10ml of 0.2%/1%,213224,ciprofloxacin 50 MG/ML Oral Suspension [Cipro],42.0,0.0,0.0,100,True,213226:ciprofloxacin 100 MG/ML Oral Suspension [Cipro](42.0)
https://www.goodrx.com/ciprofloxacin-dexamethasone,ciprofloxacin/dexamethasone 7.5ml of 0.3%/0.1% (1 ear dropper),,,,0.0,0.0,0.0,0,True,NO MATCH FOUND
https://www.goodrx.com/ciprodex,ciprofloxacin/dexamethasone 7.5ml of 0.3%/0.1% (1 ear dropper),7.5ml of 0.3%/0.1%,,,0.0,0.0,0.0,0,True,NO MATCH FOUND
https://www.goodrx.com/coly-mycin-s,coly-mycin s 10ml (1 ear dropper),5ml,,,0.0,0.0,0.0,0,True,NO MATCH FOUND
https://www.goodrx.com/coly-mycin-s,coly-mycin s 10ml (1 ear dropper),10ml,,,0.0,0.0,0.0,0,True,NO MATCH FOUND
https://www.goodrx.com/cortane-b,cortane b 10ml (1 ear dropper),10ml,1293876,chloroxylenol 1 MG/ML / hydrocortisone 10 MG/ML / pramoxine hydrochloride 10 MG/ML Otic Solution [Cortane-B],80.8,50.0,100.0,100,True,1293943:chloroxylenol 1 MG/ML / hydrocortisone 10 MG/ML / (80.8)
https://www.goodrx.com/cortisporin-tc,cortisporin tc 10ml (1 ear dropper),10ml,206511,hydrocortisone 10 MG/ML / neomycin 3.5 MG/ML / polymyxin B 10000 UNT/ML Otic Solution [Cortisporin],68.2,0.0,100.0,100,True,854997:colistin 3 MG/ML / hydrocortisone 10 MG/ML / neomy(66.4)
https://www.goodrx.com/dermotic,fluocinolone 20ml of 0.01% (1 ear dropper),20ml of 0.01%,1191313,fluocinolone acetonide 0.1 MG/ML Topical Solution [Synalar],52.8,50.0,50.0,100,False,
https://www.goodrx.com/acetasol-hc,hydrocortisone/acetic acid 10ml of 1%/2% (1 ear dropper),10ml of 1%/2%,,,0.0,0.0,0.0,0,True,NO MATCH FOUND
https://www.goodrx.com/neomycin-polymyxin-b-hydrocortisone,neomycin/polymyxin b/hydrocortisone 10ml (1 ear dropper),10ml,,,0.0,0.0,0.0,0,True,NO MATCH FOUND
https://www.goodrx.com/alocril,alocril 5ml of 2% (1 eye dropper),5ml of 2%,897294,nedocromil sodium 20 MG/ML Ophthalmic Solution [Alocril],73.5,50.0,50.0,100,False,
https://www.goodrx.com/alomide,alomide 10ml of 0.1% (1 eye dropper),10ml of 0.1%,206792,lodoxamide 1 MG/ML Ophthalmic Solution [Alomide],73.5,50.0,50.0,100,False,
https://www.goodrx.com/altafluor,altafluor 5ml of 0.25%/0.4% (1 eye dropper),5ml of 0.25%/0.4%,2099522,benoxinate hydrochloride 4 MG/ML / fluorescein sodium 2.5 MG/ML Ophthalmic Solution [Altafluor],59.5,0.0,66.7,100,False,
https://www.goodrx.com/apraclonidine,apraclonidine 5ml of 0.5% (1 eye dropper),10ml of 0.5%,308345,apraclonidine 5 MG/ML Ophthalmic Solution,60.4,50.0,50.0,100,True,308346:apraclonidine 10 MG/ML Ophthalmic Solution(60.4)
https://www.goodrx.com/apraclonidine,apraclonidine 5ml of 0.5% (1 eye dropper),5ml of 0.5%,308345,apraclonidine 5 MG/ML Ophthalmic Solution,78.8,50.0,100.0,100,False,
https://www.goodrx.com/artificial-tears,artificial tears 15ml of 1.4% (1 eye dropper),15ml of 1.4%,,,0.0,0.0,0.0,0,True,NO MATCH FOUND
https://www.goodrx.com/atropine,atropine 5ml of 1% (1 eye dropper),15ml of 1%,1190655,atropine sulfate 10 MG/ML Ophthalmic Solution,86.6,100.0,50.0,100,False,
https://www.goodrx.com/atropine,atropine 5ml of 1% (1 eye dropper),5ml of 1%,1190655,atropine sulfate 10 MG/ML Ophthalmic Solution,86.6,100.0,50.0,100,False,
https://www.goodrx.com/atropine,atropine 5ml of 1% (1 eye dropper),2ml of 1%,1190655,atropine sulfate 10 MG/ML Ophthalmic Solution,86.6,100.0,50.0,100,False,
https://www.goodrx.com/azasite,azasite 2.5ml of 1% (1 eye dropper),2.5ml of 1%,706872,azithromycin 10 MG/ML Ophthalmic Solution [AzaSite],55.1,0.0,50.0,100,False,
https://www.goodrx.com/optivar,azelastine 6ml of 0.05% (1 eye dropper),6ml of 0.05%,860805,azelastine hydrochloride 0.5 MG/ML Ophthalmic Solution,45.0,50.0,50.0,100,False,
https://www.goodrx.com/bepotastine,bepotastine 5ml of 1.5% (1 eye dropper),5ml of 1.5%,863038,bepotastine besilate 15 MG/ML Ophthalmic Solution,60.4,50.0,50.0,100,False,
https://www.goodrx.com/bepreve,bepotastine 5ml of 1.5% (1 eye dropper),5ml of 1.5%,863042,bepotastine besilate 15 MG/ML Ophthalmic Solution [Bepreve],58.9,50.0,50.0,100,False,
https://www.goodrx.com/bepreve,bepotastine 5ml of 1.5% (1 eye dropper),10ml of 1.5%,863042,bepotastine besilate 15 MG/ML Ophthalmic Solution [Bepreve],58.9,50.0,50.0,100,False,
https://www.goodrx.com/bepotastine,bepotastine 5ml of 1.5% (1 eye dropper),10ml of 1.5%,863038,bepotastine besilate 15 MG/ML Ophthalmic Solution,60.4,50.0,50.0,100,False,
https://www.goodrx.com/betaxolol,betaxolol 5ml of 0.5% (1 eye dropper),15ml of 0.5%,,,0.0,0.0,0.0,0,True,NO MATCH FOUND
https://www.goodrx.com/betoptic,betaxolol 5ml of 0.5% (1 eye dropper),5ml of 0.5%,308720,betaxolol 5 MG/ML Ophthalmic Solution,57.5,50.0,100.0,100,False,
https://www.goodrx.com/betaxolol,betaxolol 5ml of 0.5% (1 eye dropper),5ml of 0.5%,,,0.0,0.0,0.0,0,True,NO MATCH FOUND
https://www.goodrx.com/betimol,betimol 5ml of 0.5% (1 eye dropper),5ml of 0.5%,1992305,timolol hemihydrate 5 MG/ML Ophthalmic Solution [Betimol],68.2,0.0,100.0,100,False,
https://www.goodrx.com/betimol,betimol 5ml of 0.5% (1 eye dropper),5ml of 0.25%,208560,timolol hemihydrate 2.5 MG/ML Ophthalmic Solution [Betimol],55.1,0.0,50.0,100,True,1992305:timolol hemihydrate 5 MG/ML Ophthalmic Solution [B(55.1)
https://www.goodrx.com/betoptic-s,betoptic s 10ml of 0.25% (1 eye dropper),15ml of 0.25%,,,0.0,0.0,0.0,0,True,NO MATCH FOUND
https://www.goodrx.com/betoptic-s,betoptic s 10ml of 0.25% (1 eye dropper),10ml of 0.25%,,,0.0,0.0,0.0,0,True,NO MATCH FOUND
https://www.goodrx.com/bimatoprost,bimatoprost 2.5ml of 0.03% (1 eye dropper),5ml of 0.03%,1041497,bimatoprost 0.3 MG/ML Topical Solution [Latisse],74.4,100.0,50.0,100,False,
https://www.goodrx.com/bimatoprost,bimatoprost 2.5ml of 0.03% (1 eye dropper),7.5ml of 0.03%,1041497,bimatoprost 0.3 MG/ML Topical Solution [Latisse],74.4,100.0,50.0,100,False,
https://www.goodrx.com/bimatoprost,bimatoprost 2.5ml of 0.03% (1 eye dropper),2.5ml of 0.03%,1041497,bimatoprost 0.3 MG/ML Topical Solution [Latisse],74.4,100.0,50.0,100,False,
https://www.goodrx.com/bleph-10,bleph-10 5ml of 10% (1 eye dropper),5ml of 10%,1006122,sulfacetamide sodium 100 MG/ML Ophthalmic Solution [Bleph-10],45.3,0.0,50.0,100,False,
https://www.goodrx.com/alphagan-p,brimonidine 5ml of 0.1% (1 eye dropper),10ml of 0.15%,861210,brimonidine tartrate 1.5 MG/ML Ophthalmic Solution [Alphagan],50.0,50.0,50.0,100,False,
https://www.goodrx.com/alphagan-p,brimonidine 5ml of 0.1% (1 eye dropper),5ml of 0.1%,861637,brimonidine tartrate 2 MG/ML / timolol 5 MG/ML Ophthalmic Solution [Combigan],55.5,50.0,50.0,100,False,
https://www.goodrx.com/alphagan-p,brimonidine 5ml of 0.1% (1 eye dropper),10ml of 0.1%,861206,brimonidine tartrate 1 MG/ML Ophthalmic Solution [Alphagan],50.0,50.0,50.0,100,False,
https://www.goodrx.com/alphagan-p,brimonidine 5ml of 0.1% (1 eye dropper),15ml of 0.15%,861210,brimonidine tartrate 1.5 MG/ML Ophthalmic Solution [Alphagan],50.0,50.0,50.0,100,False,
https://www.goodrx.com/alphagan-p,brimonidine 5ml of 0.1% (1 eye dropper),15ml of 0.1%,861206,brimonidine tartrate 1 MG/ML Ophthalmic Solution [Alphagan],50.0,50.0,50.0,100,False,
https://www.goodrx.com/alphagan-p,brimonidine 5ml of 0.1% (1 eye dropper),5ml of 0.15%,861637,brimonidine tartrate 2 MG/ML / timolol 5 MG/ML Ophthalmic Solution [Combigan],55.5,50.0,50.0,100,False,
https://www.goodrx.com/brimonidine,brimonidine 5ml of 0.2% (1 eye dropper),,,,0.0,0.0,0.0,0,True,NO MATCH FOUND
https://www.goodrx.com/azopt,brinzolamide 10ml of 1% (1 eye dropper),10ml of 1%,,,0.0,0.0,0.0,0,True,NO MATCH FOUND
https://www.goodrx.com/brinzolamide,brinzolamide 10ml of 1% (1 eye dropper),,,,0.0,0.0,0.0,0,True,NO MATCH FOUND
https://www.goodrx.com/azopt,brinzolamide 10ml of 1% (1 eye dropper),15ml of 1%,,,0.0,0.0,0.0,0,True,NO MATCH FOUND
https://www.goodrx.com/ocupress,carteolol 5ml of 1% (1 eye dropper),10ml of 1%,978573,carteolol hydrochloride 10 MG/ML Ophthalmic Solution,57.5,50.0,100.0,100,False,
https://www.goodrx.com/ocupress,carteolol 5ml of 1% (1 eye dropper),15ml of 1%,978573,carteolol hydrochloride 10 MG/ML Ophthalmic Solution,45.0,50.0,50.0,100,False,
https://www.goodrx.com/ocupress,carteolol 5ml of 1% (1 eye dropper),5ml of 1%,978573,carteolol hydrochloride 10 MG/ML Ophthalmic Solution,45.0,50.0,50.0,100,False,
https://www.goodrx.com/opticrom,cromolyn 10ml of 4% (1 eye dropper),10ml of 4%,831269,cromolyn sodium 20 MG/ML Oral Solution [Gastrocrom],45.8,50.0,0.0,100,True,831109:cromolyn sodium 40 MG/ML Ophthalmic Solution(45.0); 831246:cromolyn sodium 10 MG/ML Inhalation Solution(45.0)
https://www.goodrx.com/cyclomydril,cyclomydril 2ml of 0.2%/1% (1 eye dropper),5ml of 0.2%/1%,1298360,cyclopentolate hydrochloride 2 MG/ML / phenylephrine hydrochloride 10 MG/ML Ophthalmic Solution [Cyclomydril],84.0,66.7,66.7,100,False,
https://www.goodrx.com/cyclomydril,cyclomydril 2ml of 0.2%/1% (1 eye dropper),2ml of 0.2%/1%,1298360,cyclopentolate hydrochloride 2 MG/ML / phenylephrine hydrochloride 10 MG/ML Ophthalmic Solution [Cyclomydril],92.8,66.7,100.0,100,False,
https://www.goodrx.com/cyclopentolate,cyclopentolate 2ml of 1% (1 eye dropper),2ml of 1%,,,0.0,0.0,0.0,0,True,NO MATCH FOUND
https://www.goodrx.com/cyclogyl,cyclopentolate 2ml of 1% (1 eye dropper),2ml of 2%,1298364,cyclopentolate hydrochloride 20 MG/ML Ophthalmic Solution [Cyclogyl],61.6,50.0,50.0,100,True,1298360:cyclopentolate hydrochloride 2 MG/ML / phenylephri(59.9)
https://www.goodrx.com/cyclopentolate,cyclopentolate 2ml of 1% (1 eye dropper),5ml of 2%,,,0.0,0.0,0.0,0,True,NO MATCH FOUND
https://www.goodrx.com/cyclopentolate,cyclopentolate 2ml of 1% (1 eye dropper),15ml of 1%,,,0.0,0.0,0.0,0,True,NO MATCH FOUND
https://www.goodrx.com/cyclogyl,cyclopentolate 2ml of 1% (1 eye dropper),5ml of 2%,1298366,cyclopentolate hydrochloride 5 MG/ML Ophthalmic Solution [Cyclogyl],61.6,50.0,50.0,100,True,1298364:cyclopentolate hydrochloride 20 MG/ML Ophthalmic S(61.6)
https://www.goodrx.com/cyclogyl,cyclopentolate 2ml of 1% (1 eye dropper),2ml of 1%,1298360,cyclopentolate hydrochloride 2 MG/ML / phenylephrine hydrochloride 10 MG/ML Ophthalmic Solution [Cyclomydril],73.0,50.0,100.0,100,False,
https://www.goodrx.com/pentolair,cyclopentolate 2ml of 1% (1 eye dropper),2ml of 2%,1298364,cyclopentolate hydrochloride 20 MG/ML Ophthalmic Solution [Cyclogyl],61.6,50.0,50.0,100,True,1298360:cyclopentolate hydrochloride 2 MG/ML / phenylephri(59.9)
https://www.goodrx.com/cyclopentolate,cyclopentolate 2ml of 1% (1 eye dropper),2ml of 2%,,,0.0,0.0,0.0,0,True,NO MATCH FOUND
https://www.goodrx.com/cyclogyl,cyclopentolate 2ml of 1% (1 eye dropper),15ml of 1%,1298358,cyclopentolate hydrochloride 10 MG/ML Ophthalmic Solution [Cylate],63.0,50.0,50.0,100,True,1298360:cyclopentolate hydrochloride 2 MG/ML / phenylephri(59.9)
https://www.goodrx.com/cyclopentolate,cyclopentolate 2ml of 1% (1 eye dropper),15ml of 0.5%,,,0.0,0.0,0.0,0,True,NO MATCH FOUND
https://www.goodrx.com/cyclopentolate,cyclopentolate 2ml of 1% (1 eye dropper),15ml of 2%,,,0.0,0.0,0.0,0,True,NO MATCH FOUND
https://www.goodrx.com/cyclogyl,cyclopentolate 2ml of 1% (1 eye dropper),15ml of 2%,1298364,cyclopentolate hydrochloride 20 MG/ML Ophthalmic Solution [Cyclogyl],61.6,50.0,50.0,100,False,
https://www.goodrx.com/pentolair,cyclopentolate 2ml of 1% (1 eye dropper),15ml of 2%,1298364,cyclopentolate hydrochloride 20 MG/ML Ophthalmic Solution [Cyclogyl],61.6,50.0,50.0,100,False,
https://www.goodrx.com/ak-pentolate,cyclopentolate 2ml of 1% (1 eye dropper),,,,0.0,0.0,0.0,0,True,NO MATCH FOUND
https://www.goodrx.com/durezol,difluprednate 5ml of 0.05% (1 eye dropper),5ml of 0.05%,,,0.0,0.0,0.0,0,True,NO MATCH FOUND
https://www.goodrx.com/cosopt,dorzolamide/timolol 10ml of 2%/0.5% (1 eye dropper),,1922784,Preservative-Free dorzolamide 20 MG/ML / timolol 5 MG/ML Ophthalmic Solution [Cosopt],58.3,40.0,66.7,100,True,1923433:dorzolamide 20 MG/ML / timolol 5 MG/ML Ophthalmic (58.3)
https://www.goodrx.com/epinastine,epinastine 5ml of 0.05% (1 eye dropper),5ml of 0.05%,860654,epinastine hydrochloride 0.5 MG/ML Ophthalmic Solution,60.4,50.0,50.0,100,False,
https://www.goodrx.com/eysuvis,eysuvis 8.3ml of 0.25% (1 eye dropper),8.3ml of 0.25%,,,0.0,0.0,0.0,0,True,NO MATCH FOUND
https://www.goodrx.com/ocufen,flurbiprofen sodium 2.5ml of 0.03% (1 eye dropper),2.5ml of 0.03%,847785,"alanine 4.48 MG/ML / arginine 3.43 MG/ML / glycine 4.48 MG/ML / histidine 1.05 MG/ML / isoleucine 2.52 MG/ML / leucine 3.29 MG/ML / lysine 2.52 MG/ML / magnesium acetate 0.003 MEQ/ML / methionine 1.4 MG/ML / phenylalanine 1.54 MG/ML / phosphoric acid 0.4 MG/ML / potassium acetate 0.01 MEQ/ML / proline 3 MG/ML / serine 1.47 MG/ML / sodium chloride 0.04 MEQ/ML / threonine 1.82 MG/ML / tryptophan 0.56 MG/ML / tyrosine 0.31 MG/ML / valine 2.8 MG/ML Injectable Solution [Aminosyn 3.5 % M, Sulfite Free]",74.0,66.7,100.0,100,False,
https://www.goodrx.com/acular-ls,ketorolac 5ml of 0.4% (1 eye dropper),5ml of 0.4%,860105,ketorolac tromethamine 4 MG/ML Ophthalmic Solution [Acular],54.3,50.0,50.0,100,True,860109:ketorolac tromethamine 5 MG/ML Ophthalmic Solution(54.3); 858366:ketorolac tromethamine 4.5 MG/ML Ophthalmic Soluti(53.8)
https://www.goodrx.com/acular,ketorolac 5ml of 0.5% (1 eye dropper),5ml of 0.5%,860109,ketorolac tromethamine 5 MG/ML Ophthalmic Solution [Acular],67.4,50.0,100.0,100,True,858366:ketorolac tromethamine 4.5 MG/ML Ophthalmic Soluti(66.9)
https://www.goodrx.com/alaway,ketotifen 5ml of 0.025% (1 eye dropper),5ml of 0.025%,864646,ketotifen 0.25 MG/ML Ophthalmic Solution [Claritin Eye],54.8,50.0,50.0,100,False,
https://www.goodrx.com/alaway,ketotifen 5ml of 0.025% (1 eye dropper),10ml of 0.025%,864646,ketotifen 0.25 MG/ML Ophthalmic Solution [Claritin Eye],54.8,50.0,50.0,100,False,
https://www.goodrx.com/betagan,levobunolol 5ml of 0.5% (1 eye dropper),10ml of 0.25%,1150834,levobunolol hydrochloride 2.5 MG/ML Ophthalmic Solution [Betagan],53.1,50.0,50.0,100,False,
https://www.goodrx.com/betagan,levobunolol 5ml of 0.5% (1 eye dropper),5ml of 0.5%,1150838,levobunolol hydrochloride 5 MG/ML Ophthalmic Solution [Betagan],66.2,50.0,100.0,100,False,
https://www.goodrx.com/betagan,levobunolol 5ml of 0.5% (1 eye dropper),15ml of 0.5%,1150838,levobunolol hydrochloride 5 MG/ML Ophthalmic Solution [Betagan],53.1,50.0,50.0,100,False,
https://www.goodrx.com/betagan,levobunolol 5ml of 0.5% (1 eye dropper),5ml of 0.25%,1150834,levobunolol hydrochloride 2.5 MG/ML Ophthalmic Solution [Betagan],53.1,50.0,50.0,100,True,1150838:levobunolol hydrochloride 5 MG/ML Ophthalmic Solut(53.1)
https://www.goodrx.com/quixin,levofloxacin 5ml of 0.5% (1 eye dropper),5ml of 0.5%,314080,levofloxacin 5 MG/ML Ophthalmic Solution,57.5,50.0,100.0,100,False,
https://www.goodrx.com/neomycin-polymyxin-b-dexamethasone,neomycin/polymyxin b/dexamethasone 5ml (1 eye dropper),5ml,309679,dexamethasone 0.001 MG/MG / neomycin 0.0035 MG/MG / polymyxin B 10 UNT/MG Ophthalmic Ointment,42.0,50.0,0.0,100,True,309680:dexamethasone 1 MG/ML / neomycin 3.5 MG/ML / polym(42.0)
https://www.goodrx.com/neomycin-polymyxin-b-gramicidin,neomycin/polymyxin b/gramicidin 10ml (1 eye dropper),10ml,,,0.0,0.0,0.0,0,True,NO MATCH FOUND
https://www.goodrx.com/neosporin-prescription,neomycin/polymyxin b/gramicidin 10ml (1 eye dropper),10ml,1116154,bacitracin zinc 0.4 UNT/MG / hydrocortisone acetate 0.01 MG/MG / neomycin sulfate 0.0035 MG/MG / polymyxin B sulfate 10 UNT/MG Ophthalmic Ointment [Neo-Polycin HC],73.2,50.0,100.0,100,True,1117090:bacitracin 0.4 UNT/MG / neomycin 0.0035 MG/MG / po(71.6); 1359347:bacitracin 0.4 UNT/MG / neomycin 0.0035 MG/MG / po(70.9); 1089103:bacitracin 0.5 UNT/ML / lidocaine hydrochloride 40(70.6)
https://www.goodrx.com/otocort,neomycin/polymyxin b/hydrocortisone 7.5ml (1 eye dropper),7.5ml,1116154,bacitracin zinc 0.4 UNT/MG / hydrocortisone acetate 0.01 MG/MG / neomycin sulfate 0.0035 MG/MG / polymyxin B sulfate 10 UNT/MG Ophthalmic Ointment [Neo-Polycin HC],53.1,66.7,0.0,100,True,206511:hydrocortisone 10 MG/ML / neomycin 3.5 MG/ML / pol(51.7); 763095:hydrocortisone 10 MG/ML / neomycin 3.5 MG/ML / pol(49.8)
https://www.goodrx.com/cortisporin,neomycin/polymyxin b/hydrocortisone 7.5ml (1 eye dropper),7.5ml,1116154,bacitracin zinc 0.4 UNT/MG / hydrocortisone acetate 0.01 MG/MG / neomycin sulfate 0.0035 MG/MG / polymyxin B sulfate 10 UNT/MG Ophthalmic Ointment [Neo-Polycin HC],54.9,71.4,0.0,100,False,
https://www.goodrx.com/nevanac,nevanac 3ml of 0.1% (1 eye dropper),3ml of 0.1%,,,0.0,0.0,0.0,0,True,NO MATCH FOUND
https://www.goodrx.com/ofloxacin,ofloxacin 5ml of 0.3% (1 eye dropper),10ml of 0.3%,,,0.0,0.0,0.0,0,True,NO MATCH FOUND
https://www.goodrx.com/ocuflox,ofloxacin 5ml of 0.3% (1 eye dropper),10ml of 0.3%,103943,ciprofloxacin 3 MG/ML Ophthalmic Solution [Ciloxan],63.7,50.0,50.0,100,True,207202:ofloxacin 3 MG/ML Ophthalmic Solution [Ocuflox](63.7)
https://www.goodrx.com/ocuflox,ofloxacin 5ml of 0.3% (1 eye dropper),5ml of 0.3%,103943,ciprofloxacin 3 MG/ML Ophthalmic Solution [Ciloxan],63.7,50.0,50.0,100,True,207202:ofloxacin 3 MG/ML Ophthalmic Solution [Ocuflox](63.7)
https://www.goodrx.com/ofloxacin,ofloxacin 5ml of 0.3% (1 eye dropper),5ml of 0.3%,,,0.0,0.0,0.0,0,True,NO MATCH FOUND
https://www.goodrx.com/pataday,olopatadine 2.5ml of 0.2% (1 eye dropper),2.5ml of 0.2%,1111345,olopatadine 2 MG/ML Ophthalmic Solution [Pataday],68.0,66.7,50.0,100,False,
https://www.goodrx.com/patanol,olopatadine 5ml of 0.1% (1 eye dropper),5ml of 0.1%,2281304,olopatadine 1 MG/ML Ophthalmic Solution [Pataday],61.8,50.0,50.0,100,False,
https://www.goodrx.com/olopatadine-non-prescription,olopatadine non-prescription 2.5ml of 0.2% (1 eye dropper),2.5ml of 0.2%,1111343,olopatadine 2 MG/ML Ophthalmic Solution,69.1,66.7,50.0,100,False,
https://www.goodrx.com/pataday-non-prescription,olopatadine non-prescription 2.5ml of 0.2% (1 eye dropper),5ml of 0.1%,2281304,olopatadine 1 MG/ML Ophthalmic Solution [Pataday],63.9,75.0,50.0,100,False,
https://www.goodrx.com/pataday-non-prescription,olopatadine non-prescription 2.5ml of 0.2% (1 eye dropper),2.5ml of 0.2%,1111345,olopatadine 2 MG/ML Ophthalmic Solution [Pataday],63.9,75.0,50.0,100,False,
https://www.goodrx.com/olopatadine-non-prescription,olopatadine non-prescription 2.5ml of 0.2% (1 eye dropper),5ml of 0.1%,1111339,olopatadine 1 MG/ML Ophthalmic Solution,69.1,66.7,50.0,100,False,
https://www.goodrx.com/phenylephrine,phenylephrine 2ml of 2.5% (1 eye dropper),5ml of 10%,,,0.0,0.0,0.0,0,True,NO MATCH FOUND
https://www.goodrx.com/ak-dilate,phenylephrine 2ml of 2.5% (1 eye dropper),5ml of 10%,1372459,dextromethorphan hydrobromide 5 MG/ML / guaifenesin 100 MG/ML / phenylephrine hydrochloride 2.5 MG/ML Oral Solution,57.5,50.0,100.0,100,False,
https://www.goodrx.com/ak-dilate,phenylephrine 2ml of 2.5% (1 eye dropper),2ml of 2.5%,1298360,cyclopentolate hydrochloride 2 MG/ML / phenylephrine hydrochloride 10 MG/ML Ophthalmic Solution [Cyclomydril],56.0,50.0,50.0,100,False,
https://www.goodrx.com/ak-dilate,phenylephrine 2ml of 2.5% (1 eye dropper),15ml of 2.5%,1360733,phenylephrine hydrochloride 0.667 MG/ML / thonzylamine hydrochloride 3.33 MG/ML Oral Solution [Nasopen PE],45.5,50.0,0.0,100,True,1659175:acetaminophen 500 MG / diphenhydramine hydrochlori(45.0); 2265849:dextromethorphan hydrobromide 1.2 MG/ML / guaifene(45.0); 2268062:dextromethorphan hydrobromide 2.5 MG/ML / guaifene(45.0)
https://www.goodrx.com/phenylephrine,phenylephrine 2ml of 2.5% (1 eye dropper),2ml of 2.5%,,,0.0,0.0,0.0,0,True,NO MATCH FOUND
https://www.goodrx.com/polymyxin-b-trimethoprim,polymyxin b/trimethoprim 10ml of 10000units/1mg/ml (1 eye dropper),10ml of 10000units/1mg/ml,244967,polymyxin B 10000 UNT/ML / trimethoprim 1 MG/ML Ophthalmic Solution,75.2,66.7,66.7,100,False,
https://www.goodrx.com/polytrim,polymyxin b/trimethoprim 10ml of 10000units/1mg/ml (1 eye dropper),10ml of 10000units/1mg/ml,208451,polymyxin B 10000 UNT/ML / trimethoprim 1 MG/ML Ophthalmic Solution [Polytrim],75.8,80.0,66.7,100,False,
https://www.goodrx.com/pred-mild,pred mild 5ml of 0.12% (1 eye dropper),5ml of 0.12%,,,0.0,0.0,0.0,0,True,NO MATCH FOUND
https://www.goodrx.com/omnipred,prednisolone acetate 5ml of 1% (1 eye dropper),15ml of 1%,314165,prednisolone 10 MG/ML Ophthalmic Solution,45.0,50.0,50.0,100,True,260409:prednisolone 1 MG/ML Oral Solution [Pediapred](45.0); 824889:prednisolone 4 MG/ML Oral Solution [Veripred](43.5)
https://www.goodrx.com/omnipred,prednisolone acetate 5ml of 1% (1 eye dropper),10ml of 1%,314165,prednisolone 10 MG/ML Ophthalmic Solution,57.5,50.0,100.0,100,False,
https://www.goodrx.com/omnipred,prednisolone acetate 5ml of 1% (1 eye dropper),5ml of 1%,205301,prednisone 5 MG/ML Oral Solution,45.0,50.0,50.0,100,True,314165:prednisolone 10 MG/ML Ophthalmic Solution(45.0); 249066:prednisolone 5 MG/ML Oral Solution(45.0); 260409:prednisolone 1 MG/ML Oral Solution [Pediapred](45.0)
https://www.goodrx.com/prednisolone-acetate,prednisolone acetate 5ml of 1% (1 eye dropper),15ml of 1%,,,0.0,0.0,0.0,0,True,NO MATCH FOUND
https://www.goodrx.com/pred-forte,prednisolone acetate 5ml of 1% (1 eye dropper),5ml of 1%,205301,prednisone 5 MG/ML Oral Solution,45.0,50.0,50.0,100,True,314165:prednisolone 10 MG/ML Ophthalmic Solution(45.0); 249066:prednisolone 5 MG/ML Oral Solution(45.0); 260409:prednisolone 1 MG/ML Oral Solution [Pediapred](45.0)
https://www.goodrx.com/prednisolone-acetate,prednisolone acetate 5ml of 1% (1 eye dropper),5ml of 1%,,,0.0,0.0,0.0,0,True,NO MATCH FOUND
https://www.goodrx.com/pred-forte,prednisolone acetate 5ml of 1% (1 eye dropper),15ml of 1%,314165,prednisolone 10 MG/ML Ophthalmic Solution,45.0,50.0,50.0,100,True,260409:prednisolone 1 MG/ML Oral Solution [Pediapred](45.0); 824889:prednisolone 4 MG/ML Oral Solution [Veripred](43.5)
https://www.goodrx.com/prednisolone-acetate,prednisolone acetate 5ml of 1% (1 eye dropper),10ml of 1%,,,0.0,0.0,0.0,0,True,NO MATCH FOUND
https://www.goodrx.com/proparacaine,proparacaine 15ml of 0.5% (1 eye dropper),15ml of 0.5%,1191013,proparacaine hydrochloride 5 MG/ML Ophthalmic Solution,60.4,50.0,50.0,100,True,1247445:fluorescein sodium 2.5 MG/ML / proparacaine hydroc(60.4)
https://www.goodrx.com/acnesic,acnesic 48g of 0.5% (1 gel pump),48g of 0.5%,,,0.0,0.0,0.0,0,True,NO MATCH FOUND
https://www.goodrx.com/adapalene-benzoyl-peroxide,adapalene/benzoyl peroxide 45g of 0.3%/2.5% (1 gel pump),45g of 0.1%/2.5%,,,0.0,0.0,0.0,0,True,NO MATCH FOUND
https://www.goodrx.com/epiduo-forte,adapalene/benzoyl peroxide 45g of 0.3%/2.5% (1 gel pump),45g of 0.3%/2.5%,,,0.0,0.0,0.0,0,True,NO MATCH FOUND
https://www.goodrx.com/adapalene-benzoyl-peroxide,adapalene/benzoyl peroxide 45g of 0.3%/2.5% (1 gel pump),45g of 0.3%/2.5%,,,0.0,0.0,0.0,0,True,NO MATCH FOUND
https://www.goodrx.com/benzaclin,clindamycin/benzoyl peroxide 50g of 1%/5% (1 gel pump),35g of 1%/5%,,,0.0,0.0,0.0,0,True,NO MATCH FOUND
https://www.goodrx.com/benzaclin,clindamycin/benzoyl peroxide 50g of 1%/5% (1 gel pump),50g of 1%/5%,,,0.0,0.0,0.0,0,True,NO MATCH FOUND
https://www.goodrx.com/acanya,clindamycin/benzoyl peroxide 50g of 1.2%/2.5% (1 gel pump),50g of 1.2%/2.5%,,,0.0,0.0,0.0,0,True,NO MATCH FOUND
https://www.goodrx.com/onexton,onexton 50g of 1.2%/3.75% (1 gel pump),50g of 1.2%/3.75%,,,0.0,0.0,0.0,0,True,NO MATCH FOUND
https://www.goodrx.com/albuterol,albuterol 18g of 90mcg (1 hfa inhaler),8.5g of 90mcg,,,0.0,0.0,0.0,0,True,NO MATCH FOUND
https://www.goodrx.com/albuterol,albuterol 18g of 90mcg (1 hfa inhaler),18g of 90mcg,,,0.0,0.0,0.0,0,True,NO MATCH FOUND
https://www.goodrx.com/albuterol,albuterol 18g of 90mcg (1 hfa inhaler),6.7g of 90mcg,,,0.0,0.0,0.0,0,True,NO MATCH FOUND
https://www.goodrx.com/proventil,albuterol 6.7g of 90mcg (1 hfa inhaler),6.7g of 90mcg,2166797,Sensor 200 ACTUAT albuterol 0.09 MG/ACTUAT Dry Powder Inhaler [ProAir],60.4,66.7,50.0,100,True,1649961:200 ACTUAT albuterol 0.09 MG/ACTUAT Dry Powder Inh(60.4)
https://www.goodrx.com/proair-hfa,albuterol 8.5g of 90mcg (1 hfa inhaler),8.5g of 90mcg,2166797,Sensor 200 ACTUAT albuterol 0.09 MG/ACTUAT Dry Powder Inhaler [ProAir],60.4,66.7,50.0,100,True,1649961:200 ACTUAT albuterol 0.09 MG/ACTUAT Dry Powder Inh(60.4)
https://www.goodrx.com/durysta,durysta 10mcg (1 implant),10mcg,2286607,bimatoprost 0.01 MG Drug Implant [Durysta],68.2,0.0,100.0,100,False,
https://www.goodrx.com/adasuve,adasuve 10mg (1 inhaler),10mg,1367521,1 ACTUAT loxapine 10 MG/ACTUAT Dry Powder Inhaler [Adasuve],68.2,0.0,100.0,100,False,
https://www.goodrx.com/anoro-ellipta,anoro ellipta 60 blisters of 62.5mcg/25mcg (1 inhaler),60 blisters of 62.5mcg/25mcg,1487524,7 ACTUAT umeclidinium 0.0625 MG/ACTUAT / vilanterol 0.025 MG/ACTUAT Dry Powder Inhaler [Anoro],86.6,50.0,100.0,100,False,
https://www.goodrx.com/arnuity-ellipta,arnuity ellipta 30 blisters of 100mcg (1 inhaler),14 blisters of 200mcg,1547668,14 ACTUAT fluticasone furoate 0.2 MG/ACTUAT Dry Powder Inhaler [Arnuity],68.2,0.0,100.0,100,False,
https://www.goodrx.com/arnuity-ellipta,arnuity ellipta 30 blisters of 100mcg (1 inhaler),14 blisters of 100mcg,1547660,30 ACTUAT fluticasone furoate 0.1 MG/ACTUAT Dry Powder Inhaler [Arnuity],68.2,0.0,100.0,100,False,
https://www.goodrx.com/arnuity-ellipta,arnuity ellipta 30 blisters of 100mcg (1 inhaler),30 blisters of 50mcg,2045382,30 ACTUAT fluticasone furoate 0.05 MG/ACTUAT Dry Powder Inhaler [Arnuity],68.2,0.0,100.0,100,False,
https://www.goodrx.com/arnuity-ellipta,arnuity ellipta 30 blisters of 100mcg (1 inhaler),30 blisters of 100mcg,1547660,30 ACTUAT fluticasone furoate 0.1 MG/ACTUAT Dry Powder Inhaler [Arnuity],68.2,0.0,100.0,100,False,
https://www.goodrx.com/arnuity-ellipta,arnuity ellipta 30 blisters of 100mcg (1 inhaler),30 blisters of 200mcg,1547668,14 ACTUAT fluticasone furoate 0.2 MG/ACTUAT Dry Powder Inhaler [Arnuity],68.2,0.0,100.0,100,False,
https://www.goodrx.com/asmanex,asmanex 60 doses of 220mcg (1 inhaler),120 doses of 220mcg,1536148,120 ACTUAT mometasone furoate 0.2 MG/ACTUAT Metered Dose Inhaler [Asmanex],68.2,0.0,100.0,100,True,746804:120 ACTUAT mometasone furoate 0.22 MG/ACTUAT Dry P(68.2)
https://www.goodrx.com/asmanex,asmanex 60 doses of 220mcg (1 inhaler),60 doses of 220mcg,1536148,120 ACTUAT mometasone furoate 0.2 MG/ACTUAT Metered Dose Inhaler [Asmanex],68.2,0.0,100.0,100,True,746804:120 ACTUAT mometasone furoate 0.22 MG/ACTUAT Dry P(68.2)
https://www.goodrx.com/asmanex,asmanex 60 doses of 220mcg (1 inhaler),30 doses of 220mcg,1536148,120 ACTUAT mometasone furoate 0.2 MG/ACTUAT Metered Dose Inhaler [Asmanex],68.2,0.0,100.0,100,True,746804:120 ACTUAT mometasone furoate 0.22 MG/ACTUAT Dry P(68.2)
https://www.goodrx.com/asmanex,asmanex 60 doses of 220mcg (1 inhaler),30 doses of 110mcg,790284,30 ACTUAT mometasone furoate 0.11 MG/ACTUAT Dry Powder Inhaler [Asmanex],68.2,0.0,100.0,100,True,1536144:120 ACTUAT mometasone furoate 0.1 MG/ACTUAT Metere(68.2)
https://www.goodrx.com/asmanex,asmanex 60 doses of 220mcg (1 inhaler),14 doses of 220mcg,1536148,120 ACTUAT mometasone furoate 0.2 MG/ACTUAT Metered Dose Inhaler [Asmanex],68.2,0.0,100.0,100,True,746804:120 ACTUAT mometasone furoate 0.22 MG/ACTUAT Dry P(68.2)
https://www.goodrx.com/asmanex-hfa,asmanex hfa 120 doses of 100mcg (1 inhaler),120 doses of 100mcg,790284,30 ACTUAT mometasone furoate 0.11 MG/ACTUAT Dry Powder Inhaler [Asmanex],68.2,0.0,100.0,100,True,1536144:120 ACTUAT mometasone furoate 0.1 MG/ACTUAT Metere(68.2)
https://www.goodrx.com/asmanex-hfa,asmanex hfa 120 doses of 100mcg (1 inhaler),120 doses of 200mcg,1536148,120 ACTUAT mometasone furoate 0.2 MG/ACTUAT Metered Dose Inhaler [Asmanex],68.2,0.0,100.0,100,True,746804:120 ACTUAT mometasone furoate 0.22 MG/ACTUAT Dry P(68.2)
https://www.goodrx.com/asmanex-hfa,asmanex hfa 120 doses of 100mcg (1 inhaler),120 doses of 50mcg,2196792,120 ACTUAT mometasone furoate 0.05 MG/ACTUAT Metered Dose Inhaler [Asmanex],68.2,0.0,100.0,100,False,
https://www.goodrx.com/atrovent-hfa,atrovent hfa 12.9g of 17mcg (1 inhaler),12.9g of 17mcg,,,0.0,0.0,0.0,0,True,NO MATCH FOUND
https://www.goodrx.com/breyna,breyna 120 doses of 160mcg/4.5mcg (1 inhaler),120 doses of 160mcg/4.5mcg,2597670,120 ACTUAT budesonide 0.16 MG/ACTUAT / formoterol fumarate 0.0045 MG/ACTUAT Metered Dose Inhaler [Breyna],50.0,0.0,100.0,100,False,
https://www.goodrx.com/breyna,breyna 120 doses of 160mcg/4.5mcg (1 inhaler),120 doses of 80mcg/4.5mcg,2597673,120 ACTUAT budesonide 0.08 MG/ACTUAT / formoterol fumarate 0.0045 MG/ACTUAT Metered Dose Inhaler [Breyna],50.0,0.0,100.0,100,False,
https://www.goodrx.com/duaklir-pressair,duaklir pressair 60 metered doses of 400mcg/12mcg (1 inhaler),60 metered doses of 400mcg/12mcg,2205099,60 ACTUAT aclidinium bromide 0.4 MG/ACTUAT / formoterol fumarate 0.012 MG/ACTUAT Dry Powder Inhaler [Duaklir],68.2,0.0,100.0,100,False,
https://www.goodrx.com/advair,fluticasone/salmeterol 250mcg/50mcg (1 inhaler),,896190,14 ACTUAT fluticasone propionate 0.25 MG/ACTUAT / salmeterol 0.05 MG/ACTUAT Dry Powder Inhaler [Advair],66.7,33.3,100.0,100,False,
https://www.goodrx.com/primatene-mist,primatene mist 160 metered sprays of 0.125mg/spray (1 inhaler),160 metered sprays of 0.125mg/spray,2109088,160 ACTUAT epinephrine 0.125 MG/ACTUAT Metered Dose Inhaler [Primatene Mist Inhaler],68.2,0.0,100.0,100,False,
https://www.goodrx.com/proair-respiclick,proair respiclick 0.65g of 90mcg (1 inhaler),0.65g of 90mcg,2166797,Sensor 200 ACTUAT albuterol 0.09 MG/ACTUAT Dry Powder Inhaler [ProAir],55.1,0.0,50.0,100,True,1649961:200 ACTUAT albuterol 0.09 MG/ACTUAT Dry Powder Inh(55.1)
https://www.goodrx.com/qnasl,qnasl 10.6g of 80mcg (1 inhaler),8.7g of 80mcg,,,0.0,0.0,0.0,0,True,NO MATCH FOUND
https://www.goodrx.com/qnasl,qnasl 10.6g of 80mcg (1 inhaler),10.6g of 80mcg,,,0.0,0.0,0.0,0,True,NO MATCH FOUND
https://www.goodrx.com/qnasl,qnasl 10.6g of 80mcg (1 inhaler),6.8g of 40mcg,,,0.0,0.0,0.0,0,True,NO MATCH FOUND
https://www.goodrx.com/relenza,relenza 5mg (1 inhaler),5mg,759473,20 ACTUAT zanamivir 5 MG/ACTUAT Dry Powder Inhaler [Relenza],86.6,50.0,100.0,100,False,
https://www.goodrx.com/dextenza,dextenza 0.4mg (1 insert),0.4mg,2108020,dexamethasone 0.4 MG Drug Implant [Dextenza],68.2,0.0,100.0,100,False,
https://www.goodrx.com/clindacin-p,clindacin p 69 pledgets of 1% (1 jar),69 pledgets of 1%,1091339,clindamycin 10 MG/ML Medicated Pad [Clindacin],86.6,50.0,100.0,100,True,2621717:clindamycin 10 MG/ML Topical Foam [Clindacin](86.6)
https://www.goodrx.com/capasil,capasil 59ml of 2%/10% (1 jar of cream),59ml of 2%/10%,,,0.0,0.0,0.0,0,True,NO MATCH FOUND
https://www.goodrx.com/benzamycin,erythromycin/benzoyl peroxide 46.6g of 3%/5% (1 jar of gel),46.6g of 3%/5%,,,0.0,0.0,0.0,0,True,NO MATCH FOUND
https://www.goodrx.com/erythromycin-benzoyl-peroxide,erythromycin/benzoyl peroxide 46.6g of 3%/5% (1 jar of gel),46.6g of 3%/5%,,,0.0,0.0,0.0,0,True,NO MATCH FOUND
https://www.goodrx.com/benzamycin,erythromycin/benzoyl peroxide 46.6g of 3%/5% (1 jar of gel),23.3g of 3%/5%,,,0.0,0.0,0.0,0,True,NO MATCH FOUND
https://www.goodrx.com/abrysvo,abrysvo 1 dose (1 kit),1 dose,2642148,"0.5 ML respiratory syncytial virus pre-fusion F protein, A, recombinant, stabilized 0.12 MG/ML / respiratory syncytial virus pre-fusion F protein, B, recombinant, stabilized 0.12 MG/ML Injection [Abrysvo]",55.1,0.0,50.0,100,False,
https://www.goodrx.com/afrezza,afrezza 90 cartridges of 4 units (1 kit),90 cartridges of 4 units,1543207,"insulin, regular, human 4 UNT Inhalation Powder [Afrezza]",68.2,0.0,100.0,100,False,
https://www.goodrx.com/afrezza,afrezza 90 cartridges of 4 units (1 kit),90 cartridges of 8 units,1544490,"insulin, regular, human 8 UNT Inhalation Powder [Afrezza]",68.2,0.0,100.0,100,False,
https://www.goodrx.com/afrezza,afrezza 90 cartridges of 4 units (1 kit),90 (8 unit) and 90 (12 unit) cartridges,1654912,"insulin, regular, human 12 UNT Inhalation Powder [Afrezza]",55.1,0.0,50.0,100,True,"1544490:insulin, regular, human 8 UNT Inhalation Powder [A(55.1)"
https://www.goodrx.com/afrezza,afrezza 90 cartridges of 4 units (1 kit),90 cartridges of 12 units,1654912,"insulin, regular, human 12 UNT Inhalation Powder [Afrezza]",68.2,0.0,100.0,100,False,
https://www.goodrx.com/afstyla,afstyla 1500iu (1 kit),1500iu,1796384,lonoctocog alfa 1 UNT Injection [Afstyla],42.0,0.0,0.0,100,False,
https://www.goodrx.com/afstyla,afstyla 1500iu (1 kit),1000iu,1796384,lonoctocog alfa 1 UNT Injection [Afstyla],42.0,0.0,0.0,100,False,
https://www.goodrx.com/afstyla,afstyla 1500iu (1 kit),500iu,1796384,lonoctocog alfa 1 UNT Injection [Afstyla],42.0,0.0,0.0,100,False,
https://www.goodrx.com/afstyla,afstyla 1500iu (1 kit),250iu,1796384,lonoctocog alfa 1 UNT Injection [Afstyla],42.0,0.0,0.0,100,False,
https://www.goodrx.com/beser,beser 60ml of 0.05% lotion (1 kit),60ml of 0.05% lotion,2121410,fluticasone propionate 0.5 MG/ML Topical Lotion [Beser],55.1,0.0,50.0,100,False,
https://www.goodrx.com/betaseron,betaseron 0.3mg (1 kit),0.3mg,207059,interferon beta-1b 0.3 MG Injection [Betaseron],68.2,0.0,100.0,100,False,
https://www.goodrx.com/cavan-ec-sod-dha,cavan-ec sod dha 30 day of 30mg/1mg/440mg (1 kit),30 day of 30mg/1mg/440mg,,,0.0,0.0,0.0,0,True,NO MATCH FOUND
https://www.goodrx.com/centany-at,centany at 30g of 2% ointment (1 kit),30g of 2% ointment,404070,mupirocin 0.02 MG/MG Topical Ointment [Centany],42.0,0.0,0.0,100,False,
https://www.goodrx.com/citranatal-90-dha,citranatal 90 dha 30 day of 90mg/1mg/300mg (1 kit),30 day of 90mg/1mg/300mg,,,0.0,0.0,0.0,0,True,NO MATCH FOUND
https://www.goodrx.com/citranatal-assure,citranatal assure 30 day of 35mg/1mg/300mg (1 kit),,,,0.0,0.0,0.0,0,True,NO MATCH FOUND
https://www.goodrx.com/clindacin-pac,clindacin pac 69 pledgets of 1% (1 kit),69 pledgets of 1%,1091339,clindamycin 10 MG/ML Medicated Pad [Clindacin],68.2,0.0,100.0,100,True,2621717:clindamycin 10 MG/ML Topical Foam [Clindacin](68.2)
https://www.goodrx.com/clobetex,clobetex 0.05%/5mg (1 kit),0.05%/5mg,861492,clobetasol propionate 0.5 MG/ML Medicated Shampoo [Clobex],51.4,0.0,50.0,100,True,861506:clobetasol propionate 0.5 MG/ML Topical Lotion [Cl(51.4); 861513:clobetasol propionate 0.5 MG/ML Topical Spray [Clo(51.4)
https://www.goodrx.com/dermetazole,dermetazole 60g/85g of 2%/20% (1 kit),60g/85g of 2%/20%,,,0.0,0.0,0.0,0,True,NO MATCH FOUND
https://www.goodrx.com/diclotrex,diclotrex 150ml/85g of 1.5%/4%/10% (1 kit),150ml/85g of 1.5%/4%/10%,,,0.0,0.0,0.0,0,True,NO MATCH FOUND
https://www.goodrx.com/elemar,elemar 30 patches/3oz gel of 5%/6% (1 kit),30 patches/3oz gel of 5%/6%,,,0.0,0.0,0.0,0,True,NO MATCH FOUND
https://www.goodrx.com/eligard,eligard 22.5mg (1 kit),22.5mg,825325,0.375 ML leuprolide acetate 120 MG/ML Prefilled Syringe [Eligard],42.0,0.0,0.0,100,True,825334:0.25 ML leuprolide acetate 30 MG/ML Prefilled Syri(42.0); 825335:0.375 ML leuprolide acetate 60 MG/ML Prefilled Syr(42.0)
https://www.goodrx.com/esperoct,esperoct 1000iu (1 kit),1000iu,2275729,antihemophilic factor (recombinant) pegylated-exei 1 UNT Injection [Esperoct],42.0,0.0,0.0,100,False,
https://www.goodrx.com/esperoct,esperoct 1000iu (1 kit),3000iu,2275729,antihemophilic factor (recombinant) pegylated-exei 1 UNT Injection [Esperoct],42.0,0.0,0.0,100,False,
https://www.goodrx.com/esperoct,esperoct 1000iu (1 kit),2000iu,2275729,antihemophilic factor (recombinant) pegylated-exei 1 UNT Injection [Esperoct],42.0,0.0,0.0,100,False,
https://www.goodrx.com/esperoct,esperoct 1000iu (1 kit),500iu,2275729,antihemophilic factor (recombinant) pegylated-exei 1 UNT Injection [Esperoct],42.0,0.0,0.0,100,False,
https://www.goodrx.com/esperoct,esperoct 1000iu (1 kit),1500iu,2275729,antihemophilic factor (recombinant) pegylated-exei 1 UNT Injection [Esperoct],42.0,0.0,0.0,100,False,
https://www.goodrx.com/extavia,extavia 15 blister packs of 0.3mg (1 kit),1 blister pack of 0.3mg,860244,interferon beta-1b 0.3 MG Injection [Extavia],68.2,0.0,100.0,100,False,
https://www.goodrx.com/extavia,extavia 15 blister packs of 0.3mg (1 kit),15 blister packs of 0.3mg,860244,interferon beta-1b 0.3 MG Injection [Extavia],68.2,0.0,100.0,100,False,
https://www.goodrx.com/ana-lex,lidocaine/hydrocortisone 20 tubes of 3%/2.5% gel (1 kit),20 tubes of 3%/1% cream,1012345,hydrocortisone acetate 5 MG/ML / lidocaine hydrochloride 30 MG/ML Topical Cream,48.5,60.0,50.0,100,True,2683735:hydrocortisone acetate 10 MG/ML / lidocaine hydroc(48.5); 2044886:hydrocortisone acetate 10 MG/ML / lidocaine hydroc(48.5); 2677462:hydrocortisone acetate 10 MG/ML / lidocaine hydroc(48.5)
https://www.goodrx.com/ana-lex,lidocaine/hydrocortisone 20 tubes of 3%/2.5% gel (1 kit),24 tubes of 2%/2% cream,,,0.0,0.0,0.0,0,True,NO MATCH FOUND
https://www.goodrx.com/ana-lex,lidocaine/hydrocortisone 20 tubes of 3%/2.5% gel (1 kit),14 tubes of 3%/0.5% cream,1012345,hydrocortisone acetate 5 MG/ML / lidocaine hydrochloride 30 MG/ML Topical Cream,61.0,60.0,100.0,100,False,
https://www.goodrx.com/ana-lex,lidocaine/hydrocortisone 20 tubes of 3%/2.5% gel (1 kit),20 tubes of 3%/0.5% cream,1012345,hydrocortisone acetate 5 MG/ML / lidocaine hydrochloride 30 MG/ML Topical Cream,61.0,60.0,100.0,100,False,
https://www.goodrx.com/ana-lex,lidocaine/hydrocortisone 20 tubes of 3%/2.5% gel (1 kit),20 tubes of 3%/2.5% gel,,,0.0,0.0,0.0,0,True,NO MATCH FOUND
https://www.goodrx.com/penbraya,penbraya 0.5ml dose (1 kit),0.5ml dose,2670566,0.5 ML Neisseria meningitidis serogroup A capsular polysaccharide tetanus toxoid protein conjugate vaccine 0.01 MG/ML / Neisseria meningitidis serogroup B recombinant LP2086 A05 protein variant antigen 0.12 MG/ML / Neisseria meningitidis serogroup B recombinant LP2086 B01 protein variant antigen 0.12 MG/ML / Neisseria meningitidis serogroup C capsular polysaccharide tetanus toxoid protein conjugate vaccine 0.01 MG/ML / Neisseria meningitidis serogroup W-135 capsular polysaccharide tetanus toxoid protein conjugate vaccine 0.01 MG/ML / Neisseria meningitidis serogroup Y capsular polysaccharide tetanus toxoid protein conjugate vaccine 0.01 MG/ML Injection [Penbraya],42.0,0.0,0.0,100,False,
https://www.goodrx.com/pennsaicin,pennsaicin 150ml/60g of 1.5%/0.025% (1 kit),150ml/60g of 1.5%/0.025%,,,0.0,0.0,0.0,0,True,NO MATCH FOUND
https://www.goodrx.com/phospholine-iodide,phospholine iodide 5ml of 1.25% (1 kit),5ml of 1.25%,205739,echothiophate iodide 1.25 MG/ML Ophthalmic Solution [Phospholine Iodide],60.4,50.0,0.0,100,False,
https://www.goodrx.com/pnv-ob-dha,pnv ob dha 30 day of 27mg/1mg/250mg (1 kit),30 day of 27mg/1mg/250mg,,,0.0,0.0,0.0,0,True,NO MATCH FOUND
https://www.goodrx.com/priloheal-plus-30,priloheal plus 30 2.5%/2.5% (1 kit),2.5%/2.5%,,,0.0,0.0,0.0,0,True,NO MATCH FOUND
https://www.goodrx.com/profilnine-sd,profilnine sd 1000iu of red (1 kit),1000iu of red,1670392,factor IX complex 1 UNT Injection [Profilnine],42.0,0.0,0.0,100,False,
https://www.goodrx.com/profinac,profinac 150ml of 1.5% (1 kit),150ml of 1.5%,,,0.0,0.0,0.0,0,True,NO MATCH FOUND
https://www.goodrx.com/rayasore,rayasore 50g of 1% (1 kit),50g of 1%,,,0.0,0.0,0.0,0,True,NO MATCH FOUND
https://www.goodrx.com/ayr,ayr 50ml of 0.65% (1 nasal spray),30ml of 0.65%,707333,sodium chloride 6.5 MG/ML Nasal Solution [Ayr Saline Nasal],55.1,0.0,50.0,100,False,
https://www.goodrx.com/ayr,ayr 50ml of 0.65% (1 nasal spray),50ml of 0.65%,707333,sodium chloride 6.5 MG/ML Nasal Solution [Ayr Saline Nasal],55.1,0.0,50.0,100,False,
https://www.goodrx.com/azelastine,azelastine 30ml of 137mcg/spray (1 nasal spray),30ml of 205.5mcg/spray,,,0.0,0.0,0.0,0,True,NO MATCH FOUND
https://www.goodrx.com/astelin,azelastine 30ml of 137mcg/spray (1 nasal spray),30ml of 137mcg/spray,1797849,azelastine hydrochloride 0.137 MG/ACTUAT / fluticasone propionate 0.05 MG/ACTUAT Metered Dose Nasal Spray [Dymista],53.4,50.0,50.0,100,False,
https://www.goodrx.com/azelastine,azelastine 30ml of 137mcg/spray (1 nasal spray),30ml of 137mcg/spray,,,0.0,0.0,0.0,0,True,NO MATCH FOUND
https://www.goodrx.com/azelastine-non-prescription,azelastine non-prescription 11ml of 205.5mcg/spray (1 nasal spray),11ml of 205.5mcg/spray,1797883,azelastine hydrochloride 0.206 MG/ACTUAT Metered Dose Nasal Spray,69.1,66.7,50.0,100,False,
https://www.goodrx.com/azelastine-non-prescription,azelastine non-prescription 11ml of 205.5mcg/spray (1 nasal spray),23ml of 205.5mcg/spray,1797883,azelastine hydrochloride 0.206 MG/ACTUAT Metered Dose Nasal Spray,69.1,66.7,50.0,100,False,
https://www.goodrx.com/astepro,azelastine non-prescription 23ml of 205.5mcg/spray (1 nasal spray),23ml of 205.5mcg/spray,1797884,azelastine hydrochloride 0.206 MG/ACTUAT Metered Dose Nasal Spray [Astepro],64.2,66.7,50.0,100,False,
https://www.goodrx.com/dymista,azelastine/fluticasone 23g of 137mcg/50mcg (1 nasal spray),23g of 137mcg/50mcg,,,0.0,0.0,0.0,0,True,NO MATCH FOUND
https://www.goodrx.com/azelastine-fluticasone,azelastine/fluticasone 23g of 137mcg/50mcg (1 nasal spray),23g of 137mcg/50mcg,,,0.0,0.0,0.0,0,True,NO MATCH FOUND
https://www.goodrx.com/beconase-aq,beconase aq 25g of 42mcg/spray (1 nasal spray),25g of 42mcg/spray,1797917,beclomethasone dipropionate 0.042 MG/ACTUAT Metered Dose Nasal Spray [Beconase],55.1,0.0,50.0,100,False,
https://www.goodrx.com/butorphanol,butorphanol 2.5ml of 10mg/ml (1 nasal spray),,886634,butorphanol tartrate 1 MG/ACTUAT Metered Dose Nasal Spray,50.8,66.7,0.0,100,False,
https://www.goodrx.com/numbrino,numbrino 4ml of 4% (1 nasal spray),4ml of 4%,2272608,cocaine hydrochloride 40 MG/ML Nasal Solution [Numbrino],55.1,0.0,50.0,100,False,
https://www.goodrx.com/numbrino,numbrino 4ml of 4% (1 nasal spray),10ml of 4%,2272608,cocaine hydrochloride 40 MG/ML Nasal Solution [Numbrino],55.1,0.0,50.0,100,False,
https://www.goodrx.com/patanase,olopatadine 30.5g of 665mcg (1 nasal spray),30.5g of 665mcg,,,0.0,0.0,0.0,0,True,NO MATCH FOUND
https://www.goodrx.com/omnaris,omnaris 12.5g of 50mcg (1 nasal spray),12.5g of 50mcg,,,0.0,0.0,0.0,0,True,NO MATCH FOUND
https://www.goodrx.com/oxymetazoline,oxymetazoline 30ml of 0.05% (1 nasal spray),15ml of 0.05%,1000981,oxymetazoline hydrochloride 0.25 MG/ML Ophthalmic Solution,42.0,50.0,0.0,100,True,2391749:oxymetazoline hydrochloride 1 MG/ML Ophthalmic Sol(42.0)
https://www.goodrx.com/afrin,oxymetazoline 30ml of 0.05% (1 nasal spray),30ml of 0.05%,,,0.0,0.0,0.0,0,True,NO MATCH FOUND
https://www.goodrx.com/afrin,oxymetazoline 30ml of 0.05% (1 nasal spray),15ml of 0.05%,,,0.0,0.0,0.0,0,True,NO MATCH FOUND
https://www.goodrx.com/phenylephrine-non-prescription,phenylephrine non-prescription 30ml of 1% (1 nasal spray),30ml of 1%,1298360,cyclopentolate hydrochloride 2 MG/ML / phenylephrine hydrochloride 10 MG/ML Ophthalmic Solution [Cyclomydril],70.7,100.0,50.0,100,True,1542385:phenylephrine hydrochloride 10 MG/ML Injectable So(69.8)
https://www.goodrx.com/aemcolo,aemcolo 12 tablets of 194mg (1 package),12 tablets of 194mg,,,0.0,0.0,0.0,0,True,NO MATCH FOUND
https://www.goodrx.com/amethyst,amethyst 28 tablets of 90mcg/20mcg (1 package),28 tablets of 90mcg/20mcg,,,0.0,0.0,0.0,0,True,NO MATCH FOUND
https://www.goodrx.com/angeliq,angeliq 28 tablets of 0.5mg/1mg (1 package),28 tablets of 0.25mg/0.5mg,,,0.0,0.0,0.0,0,True,NO MATCH FOUND
https://www.goodrx.com/angeliq,angeliq 28 tablets of 0.5mg/1mg (1 package),28 tablets of 0.5mg/1mg,,,0.0,0.0,0.0,0,True,NO MATCH FOUND
https://www.goodrx.com/amethia,ashlyna 91 tablets (1 package),91 tablets,,,0.0,0.0,0.0,0,True,NO MATCH FOUND
https://www.goodrx.com/camrese,ashlyna 91 tablets (1 package),91 tablets,,,0.0,0.0,0.0,0,True,NO MATCH FOUND
https://www.goodrx.com/ashlyna,ashlyna 91 tablets (1 package),91 tablets,,,0.0,0.0,0.0,0,True,NO MATCH FOUND
https://www.goodrx.com/bicillin-cr,bicillin cr 10 syringes of 1.2 million units per 2ml (1 package),10 syringes of 1.2 million units per 2ml,,,0.0,0.0,0.0,0,True,NO MATCH FOUND
https://www.goodrx.com/bicillin-cr,bicillin cr 10 syringes of 1.2 million units per 2ml (1 package),10 pediatric syringes of 1.2 million units per 2ml,,,0.0,0.0,0.0,0,True,NO MATCH FOUND
https://www.goodrx.com/bicillin-cr-900-300,bicillin cr 900/300 10 syringes of 1.2 million units per 2ml (1 package),10 syringes of 1.2 million units per 2ml,,,0.0,0.0,0.0,0,True,NO MATCH FOUND
https://www.goodrx.com/bicillin-l-a,bicillin l-a 10 syringes of 2.4 million units per 4ml (1 package),10 syringes of 2.4 million units per 4ml,836307,2 ML penicillin G benzathine 450000 UNT/ML / penicillin G procaine 150000 UNT/ML Prefilled Syringe [Bicillin],42.0,0.0,0.0,100,True,731541:2 ML penicillin G benzathine 300000 UNT/ML / penic(42.0); 731566:1 ML penicillin G benzathine 600000 UNT/ML Prefill(37.6)
https://www.goodrx.com/bicillin-l-a,bicillin l-a 10 syringes of 2.4 million units per 4ml (1 package),10 pediatric syringes of 600000 units per ml,731566,1 ML penicillin G benzathine 600000 UNT/ML Prefilled Syringe [Bicillin L-A],63.9,0.0,100.0,100,False,
https://www.goodrx.com/bicillin-l-a,bicillin l-a 10 syringes of 2.4 million units per 4ml (1 package),10 syringes of 1.2 million units per 2ml,836307,2 ML penicillin G benzathine 450000 UNT/ML / penicillin G procaine 150000 UNT/ML Prefilled Syringe [Bicillin],42.0,0.0,0.0,100,True,731541:2 ML penicillin G benzathine 300000 UNT/ML / penic(42.0); 731566:1 ML penicillin G benzathine 600000 UNT/ML Prefill(37.6)
https://www.goodrx.com/balziva,briellyn 28 tablets of 0.4mg/0.035mg (1 package),28 tablets of 0.4mg/0.035mg,,,0.0,0.0,0.0,0,True,NO MATCH FOUND
https://www.goodrx.com/ovcon-35,briellyn 28 tablets of 0.4mg/0.035mg (1 package),28 tablets of 0.4mg/0.035mg,,,0.0,0.0,0.0,0,True,NO MATCH FOUND
https://www.goodrx.com/combipatch,combipatch 8 patches of 0.05mg/0.14mg (1 package),8 patches of 0.05mg/0.14mg,1251495,84 HR estradiol 0.00208 MG/HR / norethindrone acetate 0.00583 MG/HR Transdermal System [Combipatch],42.0,0.0,0.0,100,True,1251501:84 HR estradiol 0.00208 MG/HR / norethindrone acet(42.0)
https://www.goodrx.com/combipatch,combipatch 8 patches of 0.05mg/0.14mg (1 package),8 patches of 0.05mg/0.25mg,1251495,84 HR estradiol 0.00208 MG/HR / norethindrone acetate 0.00583 MG/HR Transdermal System [Combipatch],42.0,0.0,0.0,100,True,1251501:84 HR estradiol 0.00208 MG/HR / norethindrone acet(42.0)
https://www.goodrx.com/cyclosporine,cyclosporine 60 vials of 0.4ml (1 package),30 vials of 0.4ml,205175,5 ML cyclosporine 50 MG/ML Injection,42.0,50.0,0.0,100,False,
https://www.goodrx.com/cyclosporine,cyclosporine 60 vials of 0.4ml (1 package),60 vials of 0.4ml,205175,5 ML cyclosporine 50 MG/ML Injection,42.0,50.0,0.0,100,False,
https://www.goodrx.com/alyacen-1-35,dasetta 1/35 28 tablets (1 package),28 tablets,,,0.0,0.0,0.0,0,True,NO MATCH FOUND
https://www.goodrx.com/ortho-novum-7-7-7,dasetta 7/7/7 28 tablets (1 package),28 tablets,,,0.0,0.0,0.0,0,True,NO MATCH FOUND
https://www.goodrx.com/dasetta-7-7-7,dasetta 7/7/7 28 tablets (1 package),28 tablets,,,0.0,0.0,0.0,0,True,NO MATCH FOUND
https://www.goodrx.com/diazepam-gel,diazepam gel 2 delivery systems of 10mg (1 package),2 delivery systems of 2.5mg,801957,0.5 ML diazepam 5 MG/ML Rectal Gel,50.8,66.7,0.0,100,True,2682564:diazepam 5 MG Buccal Film(50.8); 2682571:diazepam 10 MG Buccal Film(50.8)
https://www.goodrx.com/diastat-acudial,diazepam gel 2 delivery systems of 10mg (1 package),2 delivery systems of 2.5mg,801958,0.5 ML diazepam 5 MG/ML Rectal Gel [Diastat],51.3,66.7,0.0,100,True,2682570:diazepam 5 MG Buccal Film [Libervant](47.7); 2682573:diazepam 10 MG Buccal Film [Libervant](47.7)
https://www.goodrx.com/diazepam-gel,diazepam gel 2 delivery systems of 10mg (1 package),2 delivery systems of 10mg,2682571,diazepam 10 MG Buccal Film,87.5,66.7,100.0,100,True,197589:diazepam 10 MG Oral Tablet(87.5)
https://www.goodrx.com/diastat-acudial,diazepam gel 2 delivery systems of 10mg (1 package),2 delivery systems of 10mg,2682573,diazepam 10 MG Buccal Film [Libervant],74.0,66.7,100.0,100,True,104701:diazepam 10 MG Oral Tablet [Valium](72.3)
https://www.goodrx.com/diazepam-gel,diazepam gel 2 delivery systems of 10mg (1 package),2 delivery systems of 20mg,801957,0.5 ML diazepam 5 MG/ML Rectal Gel,50.8,66.7,0.0,100,True,2682564:diazepam 5 MG Buccal Film(50.8); 2682571:diazepam 10 MG Buccal Film(50.8)
https://www.goodrx.com/diastat-acudial,diazepam gel 2 delivery systems of 10mg (1 package),2 delivery systems of 20mg,801958,0.5 ML diazepam 5 MG/ML Rectal Gel [Diastat],51.3,66.7,0.0,100,True,2682570:diazepam 5 MG Buccal Film [Libervant](47.7); 2682573:diazepam 10 MG Buccal Film [Libervant](47.7)
https://www.goodrx.com/drospirenone-ethinyl-estradiol,drospirenone/ethinyl estradiol 28 tablets of 3mg/0.02mg (1 package),28 tablets of 3mg/0.02mg,1013626,drospirenone 3 MG / ethinyl estradiol 0.02 MG / levomefolate calcium 0.451 MG Oral Tablet,66.2,75.0,100.0,100,True,630734:drospirenone 3 MG / ethinyl estradiol 0.02 MG Oral(66.2)
https://www.goodrx.com/beyaz,drospirenone/ethinyl estradiol/levomefolate 28 tablets (1 package),28 tablets,1013626,drospirenone 3 MG / ethinyl estradiol 0.02 MG / levomefolate calcium 0.451 MG Oral Tablet,50.8,66.7,50.0,100,True,1050492:drospirenone 3 MG / ethinyl estradiol 0.03 MG / le(50.8)
https://www.goodrx.com/drospirenone-ethinyl-estradiol-levomefolate,drospirenone/ethinyl estradiol/levomefolate 28 tablets (1 package),28 tablets,1013626,drospirenone 3 MG / ethinyl estradiol 0.02 MG / levomefolate calcium 0.451 MG Oral Tablet,64.1,57.1,50.0,100,True,1050492:drospirenone 3 MG / ethinyl estradiol 0.03 MG / le(64.1)
https://www.goodrx.com/cyred,enskyce 28 tablets of 0.15mg/0.03mg (1 package),28 tablets of 0.15mg/0.03mg,,,0.0,0.0,0.0,0,True,NO MATCH FOUND
https://www.goodrx.com/ethinyl-estradiol-levonorgestrel-ferrous-bisglycinate,ethinyl estradiol/levonorgestrel/ferrous bisglycinate 28 tablets of 0.1mg/0.02mg/36.5mg (1 package),28 tablets of 0.1mg/0.02mg/36.5mg,,,0.0,0.0,0.0,0,True,NO MATCH FOUND
https://www.goodrx.com/ethynodiol-diacetate-ethinyl-estradiol,ethynodiol diacetate/ethinyl estradiol 28 tablets of 1mg/35mcg (1 package),28 tablets of 1mg/35mcg,310228,ethinyl estradiol 0.035 MG / ethynodiol diacetate 1 MG Oral Tablet,75.0,100.0,100.0,100,True,206101:estradiol 1 MG Oral Tablet [Estrace](72.6); 2556800:estradiol 1 MG / norethindrone acetate 0.5 MG / re(70.1)
https://www.goodrx.com/euthyrox,euthyrox 30 tablets of 50mcg (1 package),30 tablets of 100mcg,966177,levothyroxine sodium 0.1 MG Oral Tablet [Euthyrox],86.6,50.0,100.0,100,False,
https://www.goodrx.com/euthyrox,euthyrox 30 tablets of 50mcg (1 package),90 tablets of 100mcg,966177,levothyroxine sodium 0.1 MG Oral Tablet [Euthyrox],86.6,50.0,100.0,100,False,
https://www.goodrx.com/euthyrox,euthyrox 30 tablets of 50mcg (1 package),30 tablets of 137mcg,2104866,levothyroxine sodium 0.137 MG Oral Tablet [Euthyrox],86.6,50.0,100.0,100,True,966187:levothyroxine sodium 0.125 MG Oral Tablet [Euthyro(86.6); 966196:levothyroxine sodium 0.15 MG Oral Tablet [Euthyrox(86.6)
https://www.goodrx.com/euthyrox,euthyrox 30 tablets of 50mcg (1 package),30 tablets of 200mcg,966207,levothyroxine sodium 0.2 MG Oral Tablet [Euthyrox],86.6,50.0,100.0,100,False,
https://www.goodrx.com/euthyrox,euthyrox 30 tablets of 50mcg (1 package),30 tablets of 125mcg,2104866,levothyroxine sodium 0.137 MG Oral Tablet [Euthyrox],86.6,50.0,100.0,100,True,966187:levothyroxine sodium 0.125 MG Oral Tablet [Euthyro(86.6)
https://www.goodrx.com/euthyrox,euthyrox 30 tablets of 50mcg (1 package),30 tablets of 175mcg,966202,levothyroxine sodium 0.175 MG Oral Tablet [Euthyrox],86.6,50.0,100.0,100,False,
https://www.goodrx.com/euthyrox,euthyrox 30 tablets of 50mcg (1 package),90 tablets of 175mcg,966202,levothyroxine sodium 0.175 MG Oral Tablet [Euthyrox],86.6,50.0,100.0,100,False,
https://www.goodrx.com/euthyrox,euthyrox 30 tablets of 50mcg (1 package),30 tablets of 150mcg,2104866,levothyroxine sodium 0.137 MG Oral Tablet [Euthyrox],86.6,50.0,100.0,100,True,966196:levothyroxine sodium 0.15 MG Oral Tablet [Euthyrox(86.6)
https://www.goodrx.com/euthyrox,euthyrox 30 tablets of 50mcg (1 package),30 tablets of 50mcg,966160,levothyroxine sodium 0.05 MG Oral Tablet [Euthyrox],86.6,50.0,100.0,100,False,
https://www.goodrx.com/euthyrox,euthyrox 30 tablets of 50mcg (1 package),90 tablets of 50mcg,966160,levothyroxine sodium 0.05 MG Oral Tablet [Euthyrox],86.6,50.0,100.0,100,False,
https://www.goodrx.com/euthyrox,euthyrox 30 tablets of 50mcg (1 package),90 tablets of 112mcg,966182,levothyroxine sodium 0.112 MG Oral Tablet [Euthyrox],86.6,50.0,100.0,100,False,
https://www.goodrx.com/euthyrox,euthyrox 30 tablets of 50mcg (1 package),90 tablets of 200mcg,966207,levothyroxine sodium 0.2 MG Oral Tablet [Euthyrox],86.6,50.0,100.0,100,False,
https://www.goodrx.com/euthyrox,euthyrox 30 tablets of 50mcg (1 package),30 tablets of 112mcg,966182,levothyroxine sodium 0.112 MG Oral Tablet [Euthyrox],86.6,50.0,100.0,100,False,
https://www.goodrx.com/euthyrox,euthyrox 30 tablets of 50mcg (1 package),90 tablets of 75mcg,966166,levothyroxine sodium 0.075 MG Oral Tablet [Euthyrox],86.6,50.0,100.0,100,False,
https://www.goodrx.com/euthyrox,euthyrox 30 tablets of 50mcg (1 package),90 tablets of 125mcg,2104866,levothyroxine sodium 0.137 MG Oral Tablet [Euthyrox],86.6,50.0,100.0,100,True,966187:levothyroxine sodium 0.125 MG Oral Tablet [Euthyro(86.6)
https://www.goodrx.com/euthyrox,euthyrox 30 tablets of 50mcg (1 package),30 tablets of 25mcg,966153,levothyroxine sodium 0.025 MG Oral Tablet [Euthyrox],86.6,50.0,100.0,100,False,
https://www.goodrx.com/euthyrox,euthyrox 30 tablets of 50mcg (1 package),30 tablets of 75mcg,966166,levothyroxine sodium 0.075 MG Oral Tablet [Euthyrox],86.6,50.0,100.0,100,False,
https://www.goodrx.com/euthyrox,euthyrox 30 tablets of 50mcg (1 package),90 tablets of 25mcg,966153,levothyroxine sodium 0.025 MG Oral Tablet [Euthyrox],86.6,50.0,100.0,100,False,
https://www.goodrx.com/aurovela-1.5-30,hailey 1.5/30 21 tablets (1 package),21 tablets,,,0.0,0.0,0.0,0,True,NO MATCH FOUND
https://www.goodrx.com/quasense,jolessa 91 tablets of 0.15mg/0.03mg (1 package),91 tablets of 0.15mg/0.03mg,,,0.0,0.0,0.0,0,True,NO MATCH FOUND
https://www.goodrx.com/balcoltra,joyeaux 28 tablets of 0.1mg/0.02mg/75mg (1 package),28 tablets of 0.1mg/0.02mg/75mg,,,0.0,0.0,0.0,0,True,NO MATCH FOUND
https://www.goodrx.com/prevpac,lansoprazole/amoxicillin/clarithromycin 14 day (1 package),14 day,866152,lansoprazole 30 MG Disintegrating Oral Tablet [Prevacid],44.5,33.3,50.0,100,True,206205:lansoprazole 15 MG Disintegrating Oral Tablet [Pre(44.5)
https://www.goodrx.com/aurovela-24-fe,larin 24 fe 28 tablets of 1mg/20mcg (1 package),28 tablets of 1mg/20mcg,,,0.0,0.0,0.0,0,True,NO MATCH FOUND
https://www.goodrx.com/blisovi-24-fe,larin 24 fe 28 tablets of 1mg/20mcg (1 package),28 tablets of 1mg/20mcg,,,0.0,0.0,0.0,0,True,NO MATCH FOUND
https://www.goodrx.com/amethia-lo,lojaimiess 91 tablets (1 package),91 tablets,,,0.0,0.0,0.0,0,True,NO MATCH FOUND
https://www.goodrx.com/camrese-lo,lojaimiess 91 tablets (1 package),91 tablets,,,0.0,0.0,0.0,0,True,NO MATCH FOUND
https://www.goodrx.com/aurovela-1-20,microgestin 1/20 21 tablets (1 package),,,,0.0,0.0,0.0,0,True,NO MATCH FOUND
https://www.goodrx.com/nestabs-dha,nestabs dha 30 day of 32mg/1mg/230mg (1 package),30 day of 32mg/1mg/230mg,,,0.0,0.0,0.0,0,True,NO MATCH FOUND
https://www.goodrx.com/norlyroc,norlyroc 28 tablets of 0.35mg (1 package),28 tablets of 0.35mg,,,0.0,0.0,0.0,0,True,NO MATCH FOUND
https://www.goodrx.com/ob-complete-gold,ob complete gold 30 softgels of 200mg/1mg/27.5mg (1 package),30 softgels of 200mg/1mg/27.5mg,,,0.0,0.0,0.0,0,True,NO MATCH FOUND
https://www.goodrx.com/ob-complete-one,ob complete one 30 capsules of 476mg/1200iu/1mg (1 package),30 capsules of 476mg/1200iu/1mg,,,0.0,0.0,0.0,0,True,NO MATCH FOUND
https://www.goodrx.com/omeclamox-pak,omeclamox-pak 10 day (1 package),10 day,,,0.0,0.0,0.0,0,True,NO MATCH FOUND
https://www.goodrx.com/otrexup,otrexup 4 injections of 20mg/0.4ml (1 package),4 injections of 15mg/0.4ml,1441407,0.4 ML methotrexate 25 MG/ML Auto-Injector [Otrexup],42.0,0.0,0.0,100,True,1441413:0.4 ML methotrexate 37.5 MG/ML Auto-Injector [Otre(42.0); 1441418:0.4 ML methotrexate 50 MG/ML Auto-Injector [Otrexu(42.0); 1441424:0.4 ML methotrexate 62.5 MG/ML Auto-Injector [Otre(42.0)
https://www.goodrx.com/otrexup,otrexup 4 injections of 20mg/0.4ml (1 package),4 injections of 17.5mg/0.4ml,1441407,0.4 ML methotrexate 25 MG/ML Auto-Injector [Otrexup],42.0,0.0,0.0,100,True,1441413:0.4 ML methotrexate 37.5 MG/ML Auto-Injector [Otre(42.0); 1441418:0.4 ML methotrexate 50 MG/ML Auto-Injector [Otrexu(42.0); 1441424:0.4 ML methotrexate 62.5 MG/ML Auto-Injector [Otre(42.0)
https://www.goodrx.com/otrexup,otrexup 4 injections of 20mg/0.4ml (1 package),4 injections of 20mg/0.4ml,1441407,0.4 ML methotrexate 25 MG/ML Auto-Injector [Otrexup],42.0,0.0,0.0,100,True,1441413:0.4 ML methotrexate 37.5 MG/ML Auto-Injector [Otre(42.0); 1441418:0.4 ML methotrexate 50 MG/ML Auto-Injector [Otrexu(42.0); 1441424:0.4 ML methotrexate 62.5 MG/ML Auto-Injector [Otre(42.0)
https://www.goodrx.com/otrexup,otrexup 4 injections of 20mg/0.4ml (1 package),4 injections of 10mg/0.4ml,1441407,0.4 ML methotrexate 25 MG/ML Auto-Injector [Otrexup],42.0,0.0,0.0,100,True,1441413:0.4 ML methotrexate 37.5 MG/ML Auto-Injector [Otre(42.0); 1441418:0.4 ML methotrexate 50 MG/ML Auto-Injector [Otrexu(42.0); 1441424:0.4 ML methotrexate 62.5 MG/ML Auto-Injector [Otre(42.0)
https://www.goodrx.com/otrexup,otrexup 4 injections of 20mg/0.4ml (1 package),4 injections of 25mg/0.4ml,1441407,0.4 ML methotrexate 25 MG/ML Auto-Injector [Otrexup],55.1,0.0,50.0,100,False,
https://www.goodrx.com/otrexup,otrexup 4 injections of 20mg/0.4ml (1 package),4 injections of 22.5mg/0.4ml,1441407,0.4 ML methotrexate 25 MG/ML Auto-Injector [Otrexup],55.1,0.0,50.0,100,False,
https://www.goodrx.com/otrexup,otrexup 4 injections of 20mg/0.4ml (1 package),4 injections of 12.5mg/0.4ml,1441407,0.4 ML methotrexate 25 MG/ML Auto-Injector [Otrexup],42.0,0.0,0.0,100,True,1441413:0.4 ML methotrexate 37.5 MG/ML Auto-Injector [Otre(42.0); 1441418:0.4 ML methotrexate 50 MG/ML Auto-Injector [Otrexu(42.0); 1441424:0.4 ML methotrexate 62.5 MG/ML Auto-Injector [Otre(42.0)
https://www.goodrx.com/oxytrol,oxytrol 8 patches of 3.9mg (1 package),8 patches of 3.9mg,404448,84 HR oxybutynin 0.162 MG/HR Transdermal System [Oxytrol],42.0,0.0,0.0,100,False,
https://www.goodrx.com/pr-natal,pr natal 30 days of 430mg (1 package),30 days of 430mg,,,0.0,0.0,0.0,0,True,NO MATCH FOUND
https://www.goodrx.com/pr-natal-ec,pr natal ec 30 days of 430mg (1 package),30 days of 400mg,,,0.0,0.0,0.0,0,True,NO MATCH FOUND
https://www.goodrx.com/pr-natal-ec,pr natal ec 30 days of 430mg (1 package),30 days of 430mg,,,0.0,0.0,0.0,0,True,NO MATCH FOUND
https://www.goodrx.com/preferaob-one,preferaob one 30 capsules of 22mg/1mg/200mg (1 package),30 capsules of 22mg/1mg/200mg,,,0.0,0.0,0.0,0,True,NO MATCH FOUND
https://www.goodrx.com/premphase,premphase 28 tablets (1 package),28 tablets,,,0.0,0.0,0.0,0,True,NO MATCH FOUND
https://www.goodrx.com/prilovix-lite,prilovix lite 2 30g tubes of 2.5%/2.5% (1 package),2 30g tubes of 2.5%/2.5%,,,0.0,0.0,0.0,0,True,NO MATCH FOUND
https://www.goodrx.com/rasuvo,rasuvo 4 auto-injectors of 25mg (1 package),4 auto-injectors of 17.5mg,1544386,0.25 ML methotrexate 50 MG/ML Auto-Injector [Rasuvo],42.0,0.0,0.0,100,False,
https://www.goodrx.com/rasuvo,rasuvo 4 auto-injectors of 25mg (1 package),4 auto-injectors of 22.5mg,1544386,0.25 ML methotrexate 50 MG/ML Auto-Injector [Rasuvo],42.0,0.0,0.0,100,False,
https://www.goodrx.com/rasuvo,rasuvo 4 auto-injectors of 25mg (1 package),4 auto-injectors of 20mg,1544386,0.25 ML methotrexate 50 MG/ML Auto-Injector [Rasuvo],42.0,0.0,0.0,100,False,
https://www.goodrx.com/quartette,rivelsa 91 tablets (1 package),91 tablets,,,0.0,0.0,0.0,0,True,NO MATCH FOUND
https://www.goodrx.com/estarylla,sprintec 28 tablets of 0.25mg/0.035mg (1 package),28 tablets of 0.25mg/0.035mg,,,0.0,0.0,0.0,0,True,NO MATCH FOUND
https://www.goodrx.com/nymyo,sprintec 28 tablets of 0.25mg/0.035mg (1 package),28 tablets of 0.25mg/0.035mg,,,0.0,0.0,0.0,0,True,NO MATCH FOUND
https://www.goodrx.com/ortho-cyclen,sprintec 28 tablets of 0.25mg/0.035mg (1 package),28 tablets of 0.25mg/0.035mg,,,0.0,0.0,0.0,0,True,NO MATCH FOUND
https://www.goodrx.com/norgestimate-ethinyl-estradiol,sprintec 28 tablets of 0.25mg/0.035mg (1 package),50mg/770mg/60mg,240128,ethinyl estradiol 0.035 MG / norgestimate 0.25 MG Oral Tablet,47.2,60.0,0.0,100,True,749155:ethinyl estradiol 0.025 MG / norgestimate 0.215 MG(47.2); 749156:ethinyl estradiol 0.025 MG / norgestimate 0.25 MG (47.2); 578732:ethinyl estradiol 0.025 MG / norgestimate 0.18 MG (47.2)
https://www.goodrx.com/previfem,sprintec 28 tablets of 0.25mg/0.035mg (1 package),28 tablets of 0.25mg/0.035mg,,,0.0,0.0,0.0,0,True,NO MATCH FOUND
https://www.goodrx.com/estrostep-fe,tri-legest fe 28 tablets (1 package),28 tablets,,,0.0,0.0,0.0,0,True,NO MATCH FOUND
https://www.goodrx.com/ortho-tri-cyclen-lo,tri-lo-mili 28 tablets (1 package),28 tablets,,,0.0,0.0,0.0,0,True,NO MATCH FOUND
https://www.goodrx.com/ortho-evra,xulane 3 patches of 150mcg/35mcg (1 package),3 patches of 150mcg/35mcg,1536586,168 HR ethinyl estradiol 0.00146 MG/HR / norelgestromin 0.00625 MG/HR Transdermal System [Xulane],42.0,0.0,0.0,100,False,
https://www.goodrx.com/emgality,emgality 120mg/ml (1 pen),125mg,2058887,1 ML galcanezumab-gnlm 120 MG/ML Prefilled Syringe [Emgality],86.6,50.0,100.0,100,True,2058877:1 ML galcanezumab-gnlm 120 MG/ML Auto-Injector [Em(86.6)
https://www.goodrx.com/qvar,qvar 10.6g of 80mcg (1 redihaler),10.6g of 40mcg,,,0.0,0.0,0.0,0,True,NO MATCH FOUND
https://www.goodrx.com/qvar,qvar 10.6g of 80mcg (1 redihaler),10.6g of 80mcg,,,0.0,0.0,0.0,0,True,NO MATCH FOUND
https://www.goodrx.com/combivent,combivent 120 doses of 20mcg/100mcg (1 respimat inhaler),120 doses of 20mcg/100mcg,,,0.0,0.0,0.0,0,True,NO MATCH FOUND
https://www.goodrx.com/aerochamber-plus-w-mask,aerochamber plus w/mask large (1 spacer),small,,,0.0,0.0,0.0,0,True,NO MATCH FOUND
https://www.goodrx.com/aerochamber-plus-w-mask,aerochamber plus w/mask large (1 spacer),medium,,,0.0,0.0,0.0,0,True,NO MATCH FOUND
https://www.goodrx.com/aerochamber-plus-w-mask,aerochamber plus w/mask large (1 spacer),large,,,0.0,0.0,0.0,0,True,NO MATCH FOUND
https://www.goodrx.com/aimovig,aimovig 140mg/ml (1 sureclick),,2120195,1 ML erenumab-aooe 140 MG/ML Auto-Injector [Aimovig],68.2,0.0,100.0,100,True,2120199:1 ML erenumab-aooe 140 MG/ML Prefilled Syringe [Ai(68.2)
https://www.goodrx.com/abilify-asimtufii,abilify asimtufii 3.2ml of 960mg/3.2ml (1 syringe),2.4ml of 720mg/2.4ml,,,0.0,0.0,0.0,0,True,NO MATCH FOUND
https://www.goodrx.com/abilify-asimtufii,abilify asimtufii 3.2ml of 960mg/3.2ml (1 syringe),3.2ml of 960mg/3.2ml,,,0.0,0.0,0.0,0,True,NO MATCH FOUND
https://www.goodrx.com/abilify-maintena,abilify maintena dual chamber of 400mg (1 syringe),3.2ml of 960mg/3.2ml,,,0.0,0.0,0.0,0,True,NO MATCH FOUND
https://www.goodrx.com/adacel,adacel 0.5ml (1 syringe),0.5ml,1300206,"0.5 ML Bordetella pertussis filamentous hemagglutinin vaccine, inactivated 0.01 MG/ML / Bordetella pertussis fimbriae 2/3 vaccine, inactivated 0.01 MG/ML / Bordetella pertussis pertactin vaccine, inactivated 0.006 MG/ML / Bordetella pertussis toxoid vaccine, inactivated 0.005 MG/ML / diphtheria toxoid vaccine, inactivated 4 UNT/ML / tetanus toxoid vaccine, inactivated 10 UNT/ML Injection [Adacel]",42.0,0.0,0.0,100,True,1300191:0.5 ML Bordetella pertussis filamentous hemaggluti(42.0)
https://www.goodrx.com/afluria,afluria 0.5ml (1 syringe),0.5ml,2718400,0.5 ML influenza A virus A/Croatia/10136RV/2023 (H3N2) antigen 0.03 MG/ML / influenza A virus A/Victoria/4897/2022 (H1N1) antigen 0.03 MG/ML / influenza B virus B/Austria/1359417/2021 antigen 0.03 MG/ML Prefilled Syringe [Afluria 2025-2026],42.0,0.0,0.0,100,True,2718406:influenza A virus A/Croatia/10136RV/2023 (H3N2) an(42.0); 2688111:0.5 ML influenza A virus A/Thailand/8/2022 (H3N2) (42.0); 2688118:influenza A virus A/Thailand/8/2022 (H3N2) antigen(42.0)
https://www.goodrx.com/boostrix,boostrix 0.5ml (1 syringe),0.5ml,1300378,"0.5 ML Bordetella pertussis filamentous hemagglutinin vaccine, inactivated 0.016 MG/ML / Bordetella pertussis pertactin vaccine, inactivated 0.005 UNT/ML / Bordetella pertussis toxoid vaccine, inactivated 0.016 MG/ML / diphtheria toxoid vaccine, inactivated 5 UNT/ML / tetanus toxoid vaccine, inactivated 10 UNT/ML Injection [Boostrix]",42.0,0.0,0.0,100,True,1300370:0.5 ML Bordetella pertussis filamentous hemaggluti(42.0)
https://www.goodrx.com/depo-subq-provera,depo-subq provera 0.65ml of 104mg/0.65ml (1 syringe),0.65ml of 104mg/0.65ml,,,0.0,0.0,0.0,0,True,NO MATCH FOUND
https://www.goodrx.com/engerix-b,engerix-b 1ml of 20mcg/ml (1 syringe),30 mini-enemas of 283mg/20mg,,,0.0,0.0,0.0,0,True,NO MATCH FOUND
https://www.goodrx.com/enspryng,enspryng 120mg/ml (1 syringe),120mg/ml,2391560,1 ML satralizumab-mwge 120 MG/ML Prefilled Syringe [Enspryng],68.2,0.0,100.0,100,False,
https://www.goodrx.com/neulasta,neulasta 6mg/0.6ml (1 syringe),6mg/0.6ml,2549333,0.6 ML pegfilgrastim 10 MG/ML Injection [Neulasta],60.4,50.0,0.0,100,True,727542:0.6 ML pegfilgrastim 10 MG/ML Prefilled Syringe [N(60.4); 727537:0.5 ML filgrastim 0.6 MG/ML Prefilled Syringe [Neu(57.1)
https://www.goodrx.com/novavax,novavax 0.5ml/dose (1 syringe),0.5ml/dose,,,0.0,0.0,0.0,0,True,NO MATCH FOUND
https://www.goodrx.com/nyvepria,nyvepria 6mg/0.6ml (1 syringe),6mg/0.6ml,2469340,0.6 ML pegfilgrastim-apgf 10 MG/ML Prefilled Syringe [Nyvepria],42.0,0.0,0.0,100,False,
https://www.goodrx.com/ovidrel,ovidrel 250mcg (1 syringe),250mcg,727507,0.5 ML choriogonadotropin alfa 0.5 MG/ML Prefilled Syringe [Ovidrel],42.0,0.0,0.0,100,True,261249:malathion 5 MG/ML Topical Lotion [Ovide](37.6)
https://www.goodrx.com/pediarix,pediarix 0.5ml (1 syringe),0.5ml,829989,"0.5 ML acellular pertussis vaccine, inactivated 0.116 MG/ML / diphtheria toxoid vaccine, inactivated 50 UNT/ML / hepatitis B surface antigen vaccine 0.02 MG/ML / poliovirus vaccine inactivated, type 1 (Mahoney) 80 UNT/ML / poliovirus vaccine inactivated, type 2 (MEF-1) 16 UNT/ML / poliovirus vaccine inactivated, type 3 (Saukett) 64 UNT/ML / tetanus toxoid vaccine, inactivated 20 UNT/ML Prefilled Syringe [PEDIARIX]",42.0,0.0,0.0,100,False,
https://www.goodrx.com/pneumovax-23,pneumovax 23 0.5ml of 25mcg/0.5ml (1 syringe),0.5ml of 25mcg/0.5ml,,,0.0,0.0,0.0,0,True,NO MATCH FOUND
https://www.goodrx.com/prevnar-13,prevnar 13 0.5ml (1 syringe),0.5ml,901644,0.5 ML Streptococcus pneumoniae serotype 1 capsular antigen diphtheria CRM197 protein conjugate vaccine 0.0044 MG/ML / Streptococcus pneumoniae serotype 14 capsular antigen diphtheria CRM197 protein conjugate vaccine 0.0044 MG/ML / Streptococcus pneumoniae serotype 18C capsular antigen diphtheria CRM197 protein conjugate vaccine 0.0044 MG/ML / Streptococcus pneumoniae serotype 19A capsular antigen diphtheria CRM197 protein conjugate vaccine 0.0044 MG/ML / Streptococcus pneumoniae serotype 19F capsular antigen diphtheria CRM197 protein conjugate vaccine 0.0044 MG/ML / Streptococcus pneumoniae serotype 23F capsular antigen diphtheria CRM197 protein conjugate vaccine 0.0044 MG/ML / Streptococcus pneumoniae serotype 3 capsular antigen diphtheria CRM197 protein conjugate vaccine 0.0044 MG/ML / Streptococcus pneumoniae serotype 4 capsular antigen diphtheria CRM197 protein conjugate vaccine 0.0044 MG/ML / Streptococcus pneumoniae serotype 5 capsular antigen diphtheria CRM197 protein conjugate vaccine 0.0044 MG/ML / Streptococcus pneumoniae serotype 6A capsular antigen diphtheria CRM197 protein conjugate vaccine 0.0044 MG/ML / Streptococcus pneumoniae serotype 6B capsular antigen diphtheria CRM197 protein conjugate vaccine 0.0088 MG/ML / Streptococcus pneumoniae serotype 7F capsular antigen diphtheria CRM197 protein conjugate vaccine 0.0044 MG/ML / Streptococcus pneumoniae serotype 9V capsular antigen diphtheria CRM197 protein conjugate vaccine 0.0044 MG/ML Prefilled Syringe [Prevnar 13],42.0,0.0,0.0,100,True,2566314:0.5 ML Streptococcus pneumoniae serotype 1 capsula(37.4)
https://www.goodrx.com/prevnar-20,prevnar 20 0.5ml (1 syringe),0.5ml,2566314,0.5 ML Streptococcus pneumoniae serotype 1 capsular antigen diphtheria CRM197 protein conjugate vaccine 0.0044 MG/ML / Streptococcus pneumoniae serotype 10A capsular antigen diphtheria CRM197 protein conjugate vaccine 0.0044 MG/ML / Streptococcus pneumoniae serotype 11A capsular antigen diphtheria CRM197 protein conjugate vaccine 0.0044 MG/ML / Streptococcus pneumoniae serotype 12F capsular antigen diphtheria CRM197 protein conjugate vaccine 0.0044 MG/ML / Streptococcus pneumoniae serotype 14 capsular antigen diphtheria CRM197 protein conjugate vaccine 0.0044 MG/ML / Streptococcus pneumoniae serotype 15B capsular antigen diphtheria CRM197 protein conjugate vaccine 0.0044 MG/ML / Streptococcus pneumoniae serotype 18C capsular antigen diphtheria CRM197 protein conjugate vaccine 0.0044 MG/ML / Streptococcus pneumoniae serotype 19A capsular antigen diphtheria CRM197 protein conjugate vaccine 0.0044 MG/ML / Streptococcus pneumoniae serotype 19F capsular antigen diphtheria CRM197 protein conjugate vaccine 0.0044 MG/ML / Streptococcus pneumoniae serotype 22F capsular antigen diphtheria CRM197 protein conjugate vaccine 0.0044 MG/ML / Streptococcus pneumoniae serotype 23F capsular antigen diphtheria CRM197 protein conjugate vaccine 0.0044 MG/ML / Streptococcus pneumoniae serotype 3 capsular antigen diphtheria CRM197 protein conjugate vaccine 0.0044 MG/ML / Streptococcus pneumoniae serotype 33F capsular antigen diphtheria CRM197 protein conjugate vaccine 0.0044 MG/ML / Streptococcus pneumoniae serotype 4 capsular antigen diphtheria CRM197 protein conjugate vaccine 0.0044 MG/ML / Streptococcus pneumoniae serotype 5 capsular antigen diphtheria CRM197 protein conjugate vaccine 0.0044 MG/ML / Streptococcus pneumoniae serotype 6A capsular antigen diphtheria CRM197 protein conjugate vaccine 0.0044 MG/ML / Streptococcus pneumoniae serotype 6B capsular antigen diphtheria CRM197 protein conjugate vaccine 0.0088 MG/ML / Streptococcus pneumoniae serotype 7F capsular antigen diphtheria CRM197 protein conjugate vaccine 0.0044 MG/ML / Streptococcus pneumoniae serotype 8 capsular antigen diphtheria CRM197 protein conjugate vaccine 0.0044 MG/ML / Streptococcus pneumoniae serotype 9V capsular antigen diphtheria CRM197 protein conjugate vaccine 0.0044 MG/ML Prefilled Syringe [Prevnar 20],42.0,0.0,0.0,100,True,901644:0.5 ML Streptococcus pneumoniae serotype 1 capsula(37.4)
https://www.goodrx.com/prolia,prolia 1ml of 60mg/ml (1 syringe),1ml of 60mg/ml,2281851,acetaminophen 60 MG/ML / oxycodone hydrochloride 2 MG/ML Oral Solution [Prolate],49.1,0.0,50.0,100,False,
https://www.goodrx.com/recombivax-hb,recombivax hb 1ml of 10mcg/ml (1 syringe),500iu of pink,830245,1 ML hepatitis B surface antigen vaccine 0.01 MG/ML Prefilled Syringe [Recombivax],42.0,0.0,0.0,100,True,1658150:1 ML hepatitis B surface antigen vaccine 0.01 MG/M(42.0); 830263:1 ML hepatitis B surface antigen vaccine 0.04 MG/M(42.0)
https://www.goodrx.com/ella,ella 30mg (1 tablet),30mg,1005928,ulipristal acetate 30 MG Oral Tablet [Ella],86.6,50.0,100.0,100,False,
https://www.goodrx.com/next-choice-one-dose,my way emergency contraceptive 1.5mg (1 tablet),1.5mg,1426881,levonorgestrel 1.5 MG Oral Tablet [My Way],50.0,0.0,100.0,100,False,
https://www.goodrx.com/afterpill,my way emergency contraceptive 1.5mg (1 tablet),1.5mg,1545303,levonorgestrel 1.5 MG Oral Tablet [Afterpill],50.0,0.0,100.0,100,False,
https://www.goodrx.com/econtra-ez,my way emergency contraceptive 1.5mg (1 tablet),1.5mg,1600602,levonorgestrel 1.5 MG Oral Tablet [EContra],50.0,0.0,100.0,100,False,
https://www.goodrx.com/react-levonorgestrel,my way emergency contraceptive 1.5mg (1 tablet),1.5mg,1788864,levonorgestrel 1.5 MG Oral Tablet [React],60.0,20.0,100.0,100,False,
https://www.goodrx.com/opcicon,my way emergency contraceptive 1.5mg (1 tablet),1.5mg,1549091,levonorgestrel 1.5 MG Oral Tablet [Opcicon One-Step],50.0,0.0,100.0,100,False,
https://www.goodrx.com/athentia-next,my way emergency contraceptive 1.5mg (1 tablet),1.5mg,1426881,levonorgestrel 1.5 MG Oral Tablet [My Way],50.0,0.0,100.0,100,False,
https://www.goodrx.com/phytonadione,phytonadione 5mg (1 tablet),5mg,,,0.0,0.0,0.0,0,True,NO MATCH FOUND
https://www.goodrx.com/panoxyl,panoxyl 156g of 10% (1 tube of cleanser),156g of 10%,,,0.0,0.0,0.0,0,True,NO MATCH FOUND
https://www.goodrx.com/plixda,adapalene 45g of 0.1% (1 tube of cream),45g of 0.1%,,,0.0,0.0,0.0,0,True,NO MATCH FOUND
https://www.goodrx.com/differin,adapalene 45g of 0.1% (1 tube of cream),45g of 0.1%,,,0.0,0.0,0.0,0,True,NO MATCH FOUND
https://www.goodrx.com/ala-quin,ala-quin 28.4g of 0.5%/3% (1 tube of cream),28.4g of 0.5%/3%,,,0.0,0.0,0.0,0,True,NO MATCH FOUND
https://www.goodrx.com/ala-quin,ala-quin 28.4g of 0.5%/3% (1 tube of cream),80g of 0.5%/3%,,,0.0,0.0,0.0,0,True,NO MATCH FOUND
https://www.goodrx.com/cyclocort,amcinonide 60g of 0.1% (1 tube of cream),60g of 0.1%,,,0.0,0.0,0.0,0,True,NO MATCH FOUND
https://www.goodrx.com/amcinonide,amcinonide 60g of 0.1% (1 tube of cream),15g of 0.1%,,,0.0,0.0,0.0,0,True,NO MATCH FOUND
https://www.goodrx.com/amcinonide,amcinonide 60g of 0.1% (1 tube of cream),60g of 0.1%,,,0.0,0.0,0.0,0,True,NO MATCH FOUND
https://www.goodrx.com/cyclocort,amcinonide 60g of 0.1% (1 tube of cream),15g of 0.1%,,,0.0,0.0,0.0,0,True,NO MATCH FOUND
https://www.goodrx.com/cyclocort,amcinonide 60g of 0.1% (1 tube of cream),30g of 0.1%,,,0.0,0.0,0.0,0,True,NO MATCH FOUND
https://www.goodrx.com/anecream,anecream 30g of 4% (1 tube of cream),30g of 4%,,,0.0,0.0,0.0,0,True,NO MATCH FOUND
https://www.goodrx.com/apexicon-e,apexicon e 30g of 0.05% (1 tube of cream),30g of 0.05%,,,0.0,0.0,0.0,0,True,NO MATCH FOUND
https://www.goodrx.com/apexicon-e,apexicon e 30g of 0.05% (1 tube of cream),60g of 0.05%,,,0.0,0.0,0.0,0,True,NO MATCH FOUND
https://www.goodrx.com/atopaderm,atopaderm 100g (1 tube of cream),100g,,,0.0,0.0,0.0,0,True,NO MATCH FOUND
https://www.goodrx.com/atopiclair,atopiclair 100g (1 tube of cream),100g,,,0.0,0.0,0.0,0,True,NO MATCH FOUND
https://www.goodrx.com/azelex,azelex 30g of 20% (1 tube of cream),30g of 20%,,,0.0,0.0,0.0,0,True,NO MATCH FOUND
https://www.goodrx.com/azelex,azelex 30g of 20% (1 tube of cream),50g of 20%,,,0.0,0.0,0.0,0,True,NO MATCH FOUND
https://www.goodrx.com/diprosone,betamethasone dipropionate 45g of 0.05% (1 tube of cream),45g of 0.05%,,,0.0,0.0,0.0,0,True,NO MATCH FOUND
https://www.goodrx.com/betamethasone-dipropionate,betamethasone dipropionate 45g of 0.05% (1 tube of cream),45g of 0.05%,,,0.0,0.0,0.0,0,True,NO MATCH FOUND
https://www.goodrx.com/diprosone,betamethasone dipropionate 45g of 0.05% (1 tube of cream),15g of 0.05%,,,0.0,0.0,0.0,0,True,NO MATCH FOUND
https://www.goodrx.com/diprolene,betamethasone dipropionate augmented 50g of 0.05% (1 tube of cream),50g of 0.05%,,,0.0,0.0,0.0,0,True,NO MATCH FOUND
https://www.goodrx.com/betaderm,betamethasone valerate 45g of 0.1% (1 tube of cream),15g of 0.1%,,,0.0,0.0,0.0,0,True,NO MATCH FOUND
https://www.goodrx.com/beta-val,betamethasone valerate 45g of 0.1% (1 tube of cream),45g of 0.1%,,,0.0,0.0,0.0,0,True,NO MATCH FOUND
https://www.goodrx.com/betamethasone-valerate,betamethasone valerate 45g of 0.1% (1 tube of cream),45g of 0.1%,,,0.0,0.0,0.0,0,True,NO MATCH FOUND
https://www.goodrx.com/betaderm,betamethasone valerate 45g of 0.1% (1 tube of cream),45g of 0.1%,,,0.0,0.0,0.0,0,True,NO MATCH FOUND
https://www.goodrx.com/betatrex,betamethasone valerate 45g of 0.1% (1 tube of cream),45g of 0.1%,,,0.0,0.0,0.0,0,True,NO MATCH FOUND
https://www.goodrx.com/betatrex,betamethasone valerate 45g of 0.1% (1 tube of cream),15g of 0.1%,,,0.0,0.0,0.0,0,True,NO MATCH FOUND
https://www.goodrx.com/bionect,bionect 25g of 0.2% (1 tube of cream),25g of 0.2%,,,0.0,0.0,0.0,0,True,NO MATCH FOUND
https://www.goodrx.com/calsodore,calsodore 60g of 0.005% (1 tube of cream),60g of 0.005%,,,0.0,0.0,0.0,0,True,NO MATCH FOUND
https://www.goodrx.com/circata,circata 57g of 0.05% (1 tube of cream),,,,0.0,0.0,0.0,0,True,NO MATCH FOUND
https://www.goodrx.com/circatrix,circatrix 57g of 0.05% (1 tube of cream),57g of 0.05%,,,0.0,0.0,0.0,0,True,NO MATCH FOUND
https://www.goodrx.com/clobetasol,clobetasol 60g of 0.05% (1 tube of cream),30g of 0.05%,,,0.0,0.0,0.0,0,True,NO MATCH FOUND
https://www.goodrx.com/clobetasol,clobetasol 60g of 0.05% (1 tube of cream),60g of 0.05%,,,0.0,0.0,0.0,0,True,NO MATCH FOUND
https://www.goodrx.com/clobetasol,clobetasol 60g of 0.05% (1 tube of cream),15g of 0.05%,,,0.0,0.0,0.0,0,True,NO MATCH FOUND
https://www.goodrx.com/clobetasol-emollient,clobetasol emollient 60g of 0.05% (1 tube of cream),,1992281,Emollient clobetasol propionate 0.5 MG/ML Topical Cream,60.4,50.0,50.0,100,False,
https://www.goodrx.com/clocortolone-pivalate,clocortolone pivalate 45g of 0.1% (1 tube of cream),45g of 0.1%,,,0.0,0.0,0.0,0,True,NO MATCH FOUND
https://www.goodrx.com/clocortolone-pivalate,clocortolone pivalate 45g of 0.1% (1 tube of cream),90g of 0.1%,,,0.0,0.0,0.0,0,True,NO MATCH FOUND
https://www.goodrx.com/clotrimazole,clotrimazole 15g of 1% (1 tube of cream),30g of 1%,,,0.0,0.0,0.0,0,True,NO MATCH FOUND
https://www.goodrx.com/clotrimazole,clotrimazole 15g of 1% (1 tube of cream),15g of 1%,,,0.0,0.0,0.0,0,True,NO MATCH FOUND
https://www.goodrx.com/clotrimazole,clotrimazole 15g of 1% (1 tube of cream),45g of 1%,,,0.0,0.0,0.0,0,True,NO MATCH FOUND
https://www.goodrx.com/clotrimazole-non-prescription,clotrimazole non-prescription 45g of 1% (1 tube of cream),30g of 1%,,,0.0,0.0,0.0,0,True,NO MATCH FOUND
https://www.goodrx.com/clotrimazole-non-prescription,clotrimazole non-prescription 45g of 1% (1 tube of cream),28g of 1%,,,0.0,0.0,0.0,0,True,NO MATCH FOUND
https://www.goodrx.com/clotrimazole-non-prescription,clotrimazole non-prescription 45g of 1% (1 tube of cream),15g of 1%,,,0.0,0.0,0.0,0,True,NO MATCH FOUND
https://www.goodrx.com/clotrimazole-non-prescription,clotrimazole non-prescription 45g of 1% (1 tube of cream),21g of 2%,,,0.0,0.0,0.0,0,True,NO MATCH FOUND
https://www.goodrx.com/clotrimazole-non-prescription,clotrimazole non-prescription 45g of 1% (1 tube of cream),45g of 1%,,,0.0,0.0,0.0,0,True,NO MATCH FOUND
https://www.goodrx.com/clotrimazole-betamethasone,clotrimazole/betamethasone 45g of 1%/0.05% (1 tube of cream),15g of 1%/0.05%,,,0.0,0.0,0.0,0,True,NO MATCH FOUND
https://www.goodrx.com/clotrimazole-betamethasone,clotrimazole/betamethasone 45g of 1%/0.05% (1 tube of cream),45g of 1%/0.05%,,,0.0,0.0,0.0,0,True,NO MATCH FOUND
https://www.goodrx.com/psorcon,diflorasone 60g of 0.05% (1 tube of cream),15g of 0.05%,,,0.0,0.0,0.0,0,True,NO MATCH FOUND
https://www.goodrx.com/psorcon,diflorasone 60g of 0.05% (1 tube of cream),30g of 0.05%,,,0.0,0.0,0.0,0,True,NO MATCH FOUND
https://www.goodrx.com/psorcon,diflorasone 60g of 0.05% (1 tube of cream),60g of 0.05%,,,0.0,0.0,0.0,0,True,NO MATCH FOUND
https://www.goodrx.com/diphenhydramine-zinc-acetate,diphenhydramine/zinc acetate 28g of 2%/0.1% (1 tube of cream),28g of 2%/0.1%,,,0.0,0.0,0.0,0,True,NO MATCH FOUND
https://www.goodrx.com/abreva,docosanol 2g of 10% (1 tube of cream),100mg,855205,docosanol 100 MG/ML Topical Cream [Abreva],66.7,33.3,100.0,100,False,
https://www.goodrx.com/docosanol,docosanol 2g of 10% (1 tube of cream),2g of 10%,,,0.0,0.0,0.0,0,True,NO MATCH FOUND
https://www.goodrx.com/prudoxin,doxepin 45g of 5% (1 tube of cream),45g of 5%,,,0.0,0.0,0.0,0,True,NO MATCH FOUND
https://www.goodrx.com/econazole,econazole 85g of 1% (1 tube of cream),30g of 1%,,,0.0,0.0,0.0,0,True,NO MATCH FOUND
https://www.goodrx.com/econazole,econazole 85g of 1% (1 tube of cream),85g of 1%,,,0.0,0.0,0.0,0,True,NO MATCH FOUND
https://www.goodrx.com/eurax,eurax 60g of 10% (1 tube of cream),60g of 10%,,,0.0,0.0,0.0,0,True,NO MATCH FOUND
https://www.goodrx.com/efudex,fluorouracil 40g of 5% (1 tube of cream),40g of 5%,,,0.0,0.0,0.0,0,True,NO MATCH FOUND
https://www.goodrx.com/cordran,flurandrenolide 120g of 0.05% (1 tube of cream),120g of 0.05%,,,0.0,0.0,0.0,0,True,NO MATCH FOUND
https://www.goodrx.com/cordran,flurandrenolide 120g of 0.05% (1 tube of cream),60g of 0.05%,,,0.0,0.0,0.0,0,True,NO MATCH FOUND
https://www.goodrx.com/nolix,flurandrenolide 60g of 0.05% (1 tube of cream),60g of 0.05%,,,0.0,0.0,0.0,0,True,NO MATCH FOUND
https://www.goodrx.com/proctozone-hc,hydrocortisone 30g of 2.5% (1 tube of cream),30g of 2.5%,,,0.0,0.0,0.0,0,True,NO MATCH FOUND
https://www.goodrx.com/dermazene,hydrocortisone/iodoquinol 28.4g of 1%/1% (1 tube of cream),28.4g of 1%/1%,,,0.0,0.0,0.0,0,True,NO MATCH FOUND
https://www.goodrx.com/analpram-hc,hydrocortisone/pramoxine 30g of 2.5%/1% (1 tube of cream),30g of 2.5%/1%,,,0.0,0.0,0.0,0,True,NO MATCH FOUND
https://www.goodrx.com/analpram-e,hydrocortisone/pramoxine 30g of 2.5%/1% (1 tube of cream),57g of 2.5%/1%,,,0.0,0.0,0.0,0,True,NO MATCH FOUND
https://www.goodrx.com/analpram-hc,hydrocortisone/pramoxine 30g of 2.5%/1% (1 tube of cream),57g of 2.5%/1%,,,0.0,0.0,0.0,0,True,NO MATCH FOUND
https://www.goodrx.com/analpram-e,hydrocortisone/pramoxine 30g of 2.5%/1% (1 tube of cream),30g of 1%/1%,,,0.0,0.0,0.0,0,True,NO MATCH FOUND
https://www.goodrx.com/analpram-e,hydrocortisone/pramoxine 30g of 2.5%/1% (1 tube of cream),1oz of 2.5%/1%,1234509,hydrocortisone acetate 25 MG/ML / pramoxine hydrochloride 10 MG/ML Topical Cream [Pramosone],75.2,60.0,100.0,100,True,1234514:hydrocortisone acetate 25 MG/ML / pramoxine hydroc(75.2); 1293834:hydrocortisone acetate 23.5 MG/ML / pramoxine hydr(72.8); 1362211:hydrocortisone acetate 25 MG/ML / pramoxine hydroc(71.5)
https://www.goodrx.com/analpram-hc,hydrocortisone/pramoxine 30g of 2.5%/1% (1 tube of cream),30g of 1%/1%,,,0.0,0.0,0.0,0,True,NO MATCH FOUND
https://www.goodrx.com/analpram-hc,hydrocortisone/pramoxine 30g of 2.5%/1% (1 tube of cream),1oz of 2.5%/1%,1234509,hydrocortisone acetate 25 MG/ML / pramoxine hydrochloride 10 MG/ML Topical Cream [Pramosone],75.2,60.0,100.0,100,True,1234514:hydrocortisone acetate 25 MG/ML / pramoxine hydroc(75.2); 1293834:hydrocortisone acetate 23.5 MG/ML / pramoxine hydr(72.8); 1362211:hydrocortisone acetate 25 MG/ML / pramoxine hydroc(71.5)
https://www.goodrx.com/analpram-e,hydrocortisone/pramoxine 30g of 2.5%/1% (1 tube of cream),30g of 2.5%/1%,,,0.0,0.0,0.0,0,True,NO MATCH FOUND
https://www.goodrx.com/eldoquin-forte,hydroquinone sunscreen 28.35g of 4% (1 tube of cream),28.35g of 4%,,,0.0,0.0,0.0,0,True,NO MATCH FOUND
https://www.goodrx.com/epiquin-micro,hydroquinone time release 30g of 4% (1 tube of cream),30g of 4%,,,0.0,0.0,0.0,0,True,NO MATCH FOUND
https://www.goodrx.com/prizotral,lidocaine/prilocaine 30g of 2.5%/2.5% (1 tube of cream),5g of 2.5%/2.5%,,,0.0,0.0,0.0,0,True,NO MATCH FOUND
https://www.goodrx.com/nuvakaan,lidocaine/prilocaine 30g of 2.5%/2.5% (1 tube of cream),30g of 2.5%/2.5%,,,0.0,0.0,0.0,0,True,NO MATCH FOUND
https://www.goodrx.com/nuvakaan,lidocaine/prilocaine 30g of 2.5%/2.5% (1 tube of cream),5g of 2.5%/2.5%,,,0.0,0.0,0.0,0,True,NO MATCH FOUND
https://www.goodrx.com/prizotral,lidocaine/prilocaine 30g of 2.5%/2.5% (1 tube of cream),30g of 2.5%/2.5%,,,0.0,0.0,0.0,0,True,NO MATCH FOUND
https://www.goodrx.com/pliaglis,lidocaine/tetracaine 30g of 7%/7% (1 tube of cream),30g of 7%/7%,,,0.0,0.0,0.0,0,True,NO MATCH FOUND
https://www.goodrx.com/bactroban,mupirocin 15g of 2% (1 tube of cream),15g of 2%,,,0.0,0.0,0.0,0,True,NO MATCH FOUND
https://www.goodrx.com/bactroban,mupirocin 15g of 2% (1 tube of cream),30g of 2%,,,0.0,0.0,0.0,0,True,NO MATCH FOUND
https://www.goodrx.com/neomycin-polymyxin-b-pramoxine,neomycin/polymyxin b/pramoxine 28g of 3.5mg/10000 units/10mg (1 tube of cream),28g of 3.5mg/10000 units/10mg,,,0.0,0.0,0.0,0,True,NO MATCH FOUND
https://www.goodrx.com/nivatopic-plus,nivatopic plus 100g (1 tube of cream),100g,,,0.0,0.0,0.0,0,True,NO MATCH FOUND
https://www.goodrx.com/nystatin-triamcinolone,nystatin/triamcinolone 30g (1 tube of cream),30g,,,0.0,0.0,0.0,0,True,NO MATCH FOUND
https://www.goodrx.com/nystatin-triamcinolone,nystatin/triamcinolone 30g (1 tube of cream),60g,,,0.0,0.0,0.0,0,True,NO MATCH FOUND
https://www.goodrx.com/oxistat,oxiconazole 30g of 1% (1 tube of cream),60g of 1%,,,0.0,0.0,0.0,0,True,NO MATCH FOUND
https://www.goodrx.com/oxiconazole,oxiconazole 30g of 1% (1 tube of cream),30g of 1%,,,0.0,0.0,0.0,0,True,NO MATCH FOUND
https://www.goodrx.com/oxiconazole,oxiconazole 30g of 1% (1 tube of cream),60g of 1%,,,0.0,0.0,0.0,0,True,NO MATCH FOUND
https://www.goodrx.com/oxistat,oxiconazole 30g of 1% (1 tube of cream),90g of 1%,,,0.0,0.0,0.0,0,True,NO MATCH FOUND
https://www.goodrx.com/oxiconazole,oxiconazole 30g of 1% (1 tube of cream),90g of 1%,,,0.0,0.0,0.0,0,True,NO MATCH FOUND
https://www.goodrx.com/oxistat,oxiconazole 30g of 1% (1 tube of cream),30g of 1%,,,0.0,0.0,0.0,0,True,NO MATCH FOUND
https://www.goodrx.com/pandel,pandel 80g of 0.1% (1 tube of cream),80g of 0.1%,,,0.0,0.0,0.0,0,True,NO MATCH FOUND
https://www.goodrx.com/denavir,penciclovir 5g of 1% (1 tube of cream),5g of 1%,,,0.0,0.0,0.0,0,True,NO MATCH FOUND
https://www.goodrx.com/penciclovir,penciclovir 5g of 1% (1 tube of cream),5g of 1%,,,0.0,0.0,0.0,0,True,NO MATCH FOUND
https://www.goodrx.com/permethrin,permethrin 60g of 5% (1 tube of cream),60g of 5%,,,0.0,0.0,0.0,0,True,NO MATCH FOUND
https://www.goodrx.com/pimecrolimus,pimecrolimus 30g of 1% (1 tube of cream),30g of 1%,,,0.0,0.0,0.0,0,True,NO MATCH FOUND
https://www.goodrx.com/pimecrolimus,pimecrolimus 30g of 1% (1 tube of cream),60g of 1%,,,0.0,0.0,0.0,0,True,NO MATCH FOUND
https://www.goodrx.com/pimecrolimus,pimecrolimus 30g of 1% (1 tube of cream),100g of 1%,,,0.0,0.0,0.0,0,True,NO MATCH FOUND
https://www.goodrx.com/pramosone-e,pramosone e 28.4g of 2.5%/1% (1 tube of cream),28.4g of 2.5%/1%,,,0.0,0.0,0.0,0,True,NO MATCH FOUND
https://www.goodrx.com/pramosone-e,pramosone e 28.4g of 2.5%/1% (1 tube of cream),57g of 2.5%/1%,,,0.0,0.0,0.0,0,True,NO MATCH FOUND
https://www.goodrx.com/procto-med-hc,procto-med hc 28g of 2.5% (1 tube of cream),28g of 2.5%,,,0.0,0.0,0.0,0,True,NO MATCH FOUND
https://www.goodrx.com/procto-med-hc,procto-med hc 28g of 2.5% (1 tube of cream),30g of 2.5%,,,0.0,0.0,0.0,0,True,NO MATCH FOUND
https://www.goodrx.com/procto-pak,procto-pak 28.4g of 1% (1 tube of cream),28.4g of 1%,,,0.0,0.0,0.0,0,True,NO MATCH FOUND
https://www.goodrx.com/proctosol-hc,proctosol hc 28g of 2.5% (1 tube of cream),28g of 2.5%,,,0.0,0.0,0.0,0,True,NO MATCH FOUND
https://www.goodrx.com/ala-cort,proctozone hc 30g of 2.5% (1 tube of cream),30g of 2.5%,,,0.0,0.0,0.0,0,True,NO MATCH FOUND
https://www.goodrx.com/anusol-hc,proctozone hc 30g of 2.5% (1 tube of cream),30g of 2.5%,,,0.0,0.0,0.0,0,True,NO MATCH FOUND
https://www.goodrx.com/prumyx,prumyx 140g (1 tube of cream),140g,,,0.0,0.0,0.0,0,True,NO MATCH FOUND
https://www.goodrx.com/recticare-advanced,recticare advanced 30g of 5%/0.25% (1 tube of cream),30g of 5%,,,0.0,0.0,0.0,0,True,NO MATCH FOUND
https://www.goodrx.com/refissa,refissa 20g of 0.05% (1 tube of cream),4 syringes of 22.5mg/0.9ml,,,0.0,0.0,0.0,0,True,NO MATCH FOUND
https://www.goodrx.com/refissa,refissa 20g of 0.05% (1 tube of cream),20g of 0.05%,,,0.0,0.0,0.0,0,True,NO MATCH FOUND
https://www.goodrx.com/avage,tazarotene 30g of 0.1% (1 tube of cream),30g of 0.1%,,,0.0,0.0,0.0,0,True,NO MATCH FOUND
https://www.goodrx.com/avo-cream,avo cream 45g (1 tube of emulsion),90g,,,0.0,0.0,0.0,0,True,NO MATCH FOUND
https://www.goodrx.com/avo-cream,avo cream 45g (1 tube of emulsion),45g,,,0.0,0.0,0.0,0,True,NO MATCH FOUND
https://www.goodrx.com/biafine,biafine 45g (1 tube of emulsion),90g,,,0.0,0.0,0.0,0,True,NO MATCH FOUND
https://www.goodrx.com/biafine,biafine 45g (1 tube of emulsion),45g,,,0.0,0.0,0.0,0,True,NO MATCH FOUND
https://www.goodrx.com/epiceram,epiceram 90g (1 tube of emulsion),90g,,,0.0,0.0,0.0,0,True,NO MATCH FOUND
https://www.goodrx.com/prutect,prutect 45g (1 tube of emulsion),45g,,,0.0,0.0,0.0,0,True,NO MATCH FOUND
https://www.goodrx.com/adapalene,adapalene 45g of 0.3% (1 tube of gel),45g of 0.3%,,,0.0,0.0,0.0,0,True,NO MATCH FOUND
https://www.goodrx.com/adapalene,adapalene 45g of 0.3% (1 tube of gel),45g of 0.1%,,,0.0,0.0,0.0,0,True,NO MATCH FOUND
https://www.goodrx.com/arctic-relief,arctic relief 5% (1 tube of gel),5%,,,0.0,0.0,0.0,0,True,NO MATCH FOUND
https://www.goodrx.com/atrapro,atrapro 113g (1 tube of gel),113g,,,0.0,0.0,0.0,0,True,NO MATCH FOUND
https://www.goodrx.com/azelaic-acid,azelaic acid 50g of 15% (1 tube of gel),50g of 15%,,,0.0,0.0,0.0,0,True,NO MATCH FOUND
https://www.goodrx.com/benzefoam-ultra,benzoyl peroxide 60g of 5% (1 tube of gel),60g of 10%,,,0.0,0.0,0.0,0,True,NO MATCH FOUND
https://www.goodrx.com/benzefoam,benzoyl peroxide 60g of 5% (1 tube of gel),90g of 5%,,,0.0,0.0,0.0,0,True,NO MATCH FOUND
https://www.goodrx.com/benzefoam-ultra,benzoyl peroxide 60g of 5% (1 tube of gel),90g of 5%,,,0.0,0.0,0.0,0,True,NO MATCH FOUND
https://www.goodrx.com/benzefoam-ultra,benzoyl peroxide 60g of 5% (1 tube of gel),60g of 5%,,,0.0,0.0,0.0,0,True,NO MATCH FOUND
https://www.goodrx.com/benzefoam,benzoyl peroxide 60g of 5% (1 tube of gel),90g of 10%,,,0.0,0.0,0.0,0,True,NO MATCH FOUND
https://www.goodrx.com/benzefoam,benzoyl peroxide 60g of 5% (1 tube of gel),42.5g of 8%,,,0.0,0.0,0.0,0,True,NO MATCH FOUND
https://www.goodrx.com/benzefoam-ultra,benzoyl peroxide 60g of 5% (1 tube of gel),90g of 10%,,,0.0,0.0,0.0,0,True,NO MATCH FOUND
https://www.goodrx.com/benzefoam,benzoyl peroxide 60g of 5% (1 tube of gel),60g of 2.5%,,,0.0,0.0,0.0,0,True,NO MATCH FOUND
https://www.goodrx.com/benzefoam,benzoyl peroxide 60g of 5% (1 tube of gel),42.5g of 4%,,,0.0,0.0,0.0,0,True,NO MATCH FOUND
https://www.goodrx.com/benzefoam-ultra,benzoyl peroxide 60g of 5% (1 tube of gel),60g of 2.5%,,,0.0,0.0,0.0,0,True,NO MATCH FOUND
https://www.goodrx.com/benzefoam,benzoyl peroxide 60g of 5% (1 tube of gel),60g of 5%,,,0.0,0.0,0.0,0,True,NO MATCH FOUND
https://www.goodrx.com/benzefoam,benzoyl peroxide 60g of 5% (1 tube of gel),60g of 10%,,,0.0,0.0,0.0,0,True,NO MATCH FOUND
https://www.goodrx.com/benzefoam-ultra,benzoyl peroxide 60g of 5% (1 tube of gel),42.5g of 4%,,,0.0,0.0,0.0,0,True,NO MATCH FOUND
https://www.goodrx.com/duac,clindamycin/benzoyl peroxide 45g of 1.2%/5% (1 tube of gel),45g of 1.2%/5%,,,0.0,0.0,0.0,0,True,NO MATCH FOUND
https://www.goodrx.com/neuac,clindamycin/benzoyl peroxide 45g of 1.2%/5% (1 tube of gel),45g of 1.2%/5%,,,0.0,0.0,0.0,0,True,NO MATCH FOUND
https://www.goodrx.com/embeline,clobetasol 60g of 0.05% (1 tube of gel),15g of 0.05%,,,0.0,0.0,0.0,0,True,NO MATCH FOUND
https://www.goodrx.com/embeline,clobetasol 60g of 0.05% (1 tube of gel),30g of 0.05%,,,0.0,0.0,0.0,0,True,NO MATCH FOUND
https://www.goodrx.com/embeline,clobetasol 60g of 0.05% (1 tube of gel),60g of 0.05%,,,0.0,0.0,0.0,0,True,NO MATCH FOUND
https://www.goodrx.com/collatyl,collatyl 42g (1 tube of gel),42g,,,0.0,0.0,0.0,0,True,NO MATCH FOUND
https://www.goodrx.com/aczone,dapsone 60g of 5% (1 tube of gel),60g of 5%,,,0.0,0.0,0.0,0,True,NO MATCH FOUND
https://www.goodrx.com/diclofenac-sodium-non-prescription,diclofenac sodium non-prescription 100g of 1% (1 tube of gel),48g of 1%,,,0.0,0.0,0.0,0,True,NO MATCH FOUND
https://www.goodrx.com/diclofenac-sodium-non-prescription,diclofenac sodium non-prescription 100g of 1% (1 tube of gel),100g of 1%,,,0.0,0.0,0.0,0,True,NO MATCH FOUND
https://www.goodrx.com/diclofenac-sodium-non-prescription,diclofenac sodium non-prescription 100g of 1% (1 tube of gel),50g of 1%,,,0.0,0.0,0.0,0,True,NO MATCH FOUND
https://www.goodrx.com/diclofenac-sodium-non-prescription,diclofenac sodium non-prescription 100g of 1% (1 tube of gel),150g of 1%,,,0.0,0.0,0.0,0,True,NO MATCH FOUND
https://www.goodrx.com/differin-gel,differin gel 15g of 0.1% (1 tube of gel),15g of 0.1%,,,0.0,0.0,0.0,0,True,NO MATCH FOUND
https://www.goodrx.com/differin-gel,differin gel 15g of 0.1% (1 tube of gel),45g of 0.1%,,,0.0,0.0,0.0,0,True,NO MATCH FOUND
https://www.goodrx.com/erygel,erythromycin 30g of 2% (1 tube of gel),30g of 2%,,,0.0,0.0,0.0,0,True,NO MATCH FOUND
https://www.goodrx.com/erygel,erythromycin 30g of 2% (1 tube of gel),60g of 2%,,,0.0,0.0,0.0,0,True,NO MATCH FOUND
https://www.goodrx.com/novacort,novacort 29g of 2%/1% (1 tube of gel),ketone,1293729,hydrocortisone acetate 0.02 MG/MG / pramoxine hydrochloride 0.01 MG/MG Topical Gel [Novacort],42.0,0.0,0.0,100,False,
https://www.goodrx.com/panretin,panretin 60g of 0.1% (1 tube of gel),60g of 0.1%,,,0.0,0.0,0.0,0,True,NO MATCH FOUND
https://www.goodrx.com/condylox,podofilox 3.5g of 0.5% (1 tube of gel),3.5g of 0.5%,,,0.0,0.0,0.0,0,True,NO MATCH FOUND
https://www.goodrx.com/protyl-ag,protyl ag 42g (1 tube of gel),42g,,,0.0,0.0,0.0,0,True,NO MATCH FOUND
https://www.goodrx.com/regenecare-ha,regenecare ha 85g of 2% (1 tube of gel),10ml of 600mg/600mg,,,0.0,0.0,0.0,0,True,NO MATCH FOUND
https://www.goodrx.com/regranex,regranex 15g of 0.01% (1 tube of gel),15g of 0.01%,,,0.0,0.0,0.0,0,True,NO MATCH FOUND
https://www.goodrx.com/prevident,sf gel 56g of 1.1% (1 tube of gel),56g of 1.1%,,,0.0,0.0,0.0,0,True,NO MATCH FOUND
https://www.goodrx.com/dentagel,sf gel 56g of 1.1% (1 tube of gel),56g of 1.1%,,,0.0,0.0,0.0,0,True,NO MATCH FOUND
https://www.goodrx.com/altreno,altreno 45g of 0.05% (1 tube of lotion),45g of 0.05%,,,0.0,0.0,0.0,0,True,NO MATCH FOUND
https://www.goodrx.com/altreno,altreno 45g of 0.05% (1 tube of lotion),20g of 0.05%,,,0.0,0.0,0.0,0,True,NO MATCH FOUND
https://www.goodrx.com/arazlo,arazlo 45g of 0.045% (1 tube of lotion),45g of 0.045%,,,0.0,0.0,0.0,0,True,NO MATCH FOUND
https://www.goodrx.com/duobrii,duobrii 100g of 0.01%/0.045% (1 tube of lotion),100g of 0.01%/0.045%,,,0.0,0.0,0.0,0,True,NO MATCH FOUND
https://www.goodrx.com/alevazol,alevazol 56.7g of 1% (1 tube of ointment),56.7g of 1%,,,0.0,0.0,0.0,0,True,NO MATCH FOUND
https://www.goodrx.com/alocane-plus,alocane plus 59ml of 4%/0.13% (1 tube of ointment),59ml of 4%/0.13%,,,0.0,0.0,0.0,0,True,NO MATCH FOUND
https://www.goodrx.com/altabax,altabax 15g of 1% (1 tube of ointment),30g of 1%,,,0.0,0.0,0.0,0,True,NO MATCH FOUND
https://www.goodrx.com/altabax,altabax 15g of 1% (1 tube of ointment),15g of 1%,,,0.0,0.0,0.0,0,True,NO MATCH FOUND
https://www.goodrx.com/baciguent,bacitracin 3.5g of 500 units/g ophthalmic (1 tube of ointment),3.5g of 500 units/g ophthalmic,2391327,bacitracin 0.5 UNT/MG Ophthalmic Ointment [Baciguent],54.1,66.7,0.0,100,True,213621:bacitracin 0.5 UNT/MG / polymyxin B 10 UNT/MG Opht(49.5)
https://www.goodrx.com/bacitracin,bacitracin 3.5g of 500 units/g ophthalmic (1 tube of ointment),3.5g of 500 units/g ophthalmic,308493,bacitracin 0.4 UNT/MG / neomycin 0.0035 MG/MG / polymyxin B 10 UNT/MG Ophthalmic Ointment,50.8,66.7,0.0,100,True,308508:bacitracin 0.5 UNT/MG Ophthalmic Ointment(50.8); 308511:bacitracin 0.5 UNT/MG / polymyxin B 10 UNT/MG Opht(50.8); 1116150:bacitracin zinc 0.4 UNT/MG / hydrocortisone acetat(50.8)
https://www.goodrx.com/baciguent,bacitracin 3.5g of 500 units/g ophthalmic (1 tube of ointment),1g of 500 units/g ophthalmic,2391327,bacitracin 0.5 UNT/MG Ophthalmic Ointment [Baciguent],54.1,66.7,0.0,100,True,213621:bacitracin 0.5 UNT/MG / polymyxin B 10 UNT/MG Opht(49.5)
https://www.goodrx.com/bacitracin,bacitracin 3.5g of 500 units/g ophthalmic (1 tube of ointment),28.35g of 500 units/g,,,0.0,0.0,0.0,0,True,NO MATCH FOUND
https://www.goodrx.com/bacitracin,bacitracin 3.5g of 500 units/g ophthalmic (1 tube of ointment),1g of 500 units/g ophthalmic,308493,bacitracin 0.4 UNT/MG / neomycin 0.0035 MG/MG / polymyxin B 10 UNT/MG Ophthalmic Ointment,50.8,66.7,0.0,100,True,308508:bacitracin 0.5 UNT/MG Ophthalmic Ointment(50.8); 308511:bacitracin 0.5 UNT/MG / polymyxin B 10 UNT/MG Opht(50.8); 1116150:bacitracin zinc 0.4 UNT/MG / hydrocortisone acetat(50.8)
https://www.goodrx.com/bacitracin-neomycin-polymyxin-b-pramoxine,bacitracin/neomycin/polymyxin b/pramoxine 28g of 500units/3.5mg/10000units/10mg (1 tube of ointment),28g of 500units/3.5mg/10000units/10mg,,,0.0,0.0,0.0,0,True,NO MATCH FOUND
https://www.goodrx.com/bacitracin-polymyxin-b,bacitracin/polymyxin b 3.5g (1 tube of ointment),3.5g,1359363,bacitracin 0.5 UNT/MG / neomycin 0.0035 MG/MG / polymyxin B 10 UNT/MG Topical Ointment,42.0,50.0,0.0,100,True,308493:bacitracin 0.4 UNT/MG / neomycin 0.0035 MG/MG / po(42.0); 308498:bacitracin 0.5 UNT/MG / lidocaine 0.04 MG/MG / neo(42.0); 1098397:bacitracin 0.4 UNT/MG / lidocaine 0.04 MG/MG / neo(42.0)
https://www.goodrx.com/ak-poly-bac,bacitracin/polymyxin b 3.5g (1 tube of ointment),,,,0.0,0.0,0.0,0,True,NO MATCH FOUND
https://www.goodrx.com/polysporin,bacitracin/polymyxin b non-prescription 14.2g of 500iu/10000iu (1 tube of ointment),14.2g of 500iu/10000iu,,,0.0,0.0,0.0,0,True,NO MATCH FOUND
https://www.goodrx.com/bacitracin-polymyxin-b-non-prescription,bacitracin/polymyxin b non-prescription 14.2g of 500iu/10000iu (1 tube of ointment),28g of 500iu/10000iu,,,0.0,0.0,0.0,0,True,NO MATCH FOUND
https://www.goodrx.com/bacitracin-polymyxin-b-non-prescription,bacitracin/polymyxin b non-prescription 14.2g of 500iu/10000iu (1 tube of ointment),14.2g of 500iu/10000iu,,,0.0,0.0,0.0,0,True,NO MATCH FOUND
https://www.goodrx.com/bensal-hp,bensal hp 30g of 3% (1 tube of ointment),30g of 3%,,,0.0,0.0,0.0,0,True,NO MATCH FOUND
https://www.goodrx.com/benzocaine,benzocaine 28g of 20% (1 tube of ointment),28g of 20%,,,0.0,0.0,0.0,0,True,NO MATCH FOUND
https://www.goodrx.com/betamethasone-calcipotriene,betamethasone/calcipotriene 60g of 0.005%/0.064% (1 tube of ointment),60g of 0.005%/0.064%,,,0.0,0.0,0.0,0,True,NO MATCH FOUND
https://www.goodrx.com/betamethasone-calcipotriene,betamethasone/calcipotriene 60g of 0.005%/0.064% (1 tube of ointment),100g of 0.005%/0.064%,,,0.0,0.0,0.0,0,True,NO MATCH FOUND
https://www.goodrx.com/calmoseptine,calmoseptine 113g (1 tube of ointment),113g,1946481,lanolin 0.157 MG/MG / menthol 0.0044 MG/MG / petrolatum 0.24 MG/MG / zinc oxide 0.206 MG/MG Topical Ointment [Calmoseptine],42.0,0.0,0.0,100,False,
https://www.goodrx.com/calmoseptine,calmoseptine 113g (1 tube of ointment),71g,1946481,lanolin 0.157 MG/MG / menthol 0.0044 MG/MG / petrolatum 0.24 MG/MG / zinc oxide 0.206 MG/MG Topical Ointment [Calmoseptine],42.0,0.0,0.0,100,False,
https://www.goodrx.com/centany,centany 30g of 2% (1 tube of ointment),,404070,mupirocin 0.02 MG/MG Topical Ointment [Centany],42.0,0.0,0.0,100,False,
https://www.goodrx.com/dibucaine,dibucaine 1 oz of 1% (1 tube of ointment),1 oz of 1%,901429,dibucaine 0.01 MG/MG Rectal Ointment [Nupercainal],65.6,100.0,0.0,100,False,
https://www.goodrx.com/diflorasone,diflorasone 60g of 0.05% (1 tube of ointment),30g of 0.05%,,,0.0,0.0,0.0,0,True,NO MATCH FOUND
https://www.goodrx.com/diflorasone,diflorasone 60g of 0.05% (1 tube of ointment),15g of 0.05%,,,0.0,0.0,0.0,0,True,NO MATCH FOUND
https://www.goodrx.com/diflorasone,diflorasone 60g of 0.05% (1 tube of ointment),45g of 0.05%,,,0.0,0.0,0.0,0,True,NO MATCH FOUND
https://www.goodrx.com/diflorasone,diflorasone 60g of 0.05% (1 tube of ointment),60g of 0.05%,,,0.0,0.0,0.0,0,True,NO MATCH FOUND
https://www.goodrx.com/erythromycin,erythromycin 3.5g of 0.5% (1 tube of ointment),3.5g of 0.5%,,,0.0,0.0,0.0,0,True,NO MATCH FOUND
https://www.goodrx.com/eucrisa,eucrisa 60g of 2% (1 tube of ointment),60g of 2%,,,0.0,0.0,0.0,0,True,NO MATCH FOUND
https://www.goodrx.com/neo-polycin-hc,neo-polycin hc 3.5g (1 tube of ointment),3.5g,213621,bacitracin 0.5 UNT/MG / polymyxin B 10 UNT/MG Ophthalmic Ointment [Polycin],42.0,0.0,0.0,100,True,1116154:bacitracin zinc 0.4 UNT/MG / hydrocortisone acetat(40.1)
https://www.goodrx.com/neomycin-polymyxin-b-bacitracin,neomycin/polymyxin b/bacitracin 3.5g (1 tube of ointment),3.5g,1359347,bacitracin 0.4 UNT/MG / neomycin 0.0035 MG/MG / polymyxin B 10 UNT/MG / pramoxine hydrochloride 0.01 MG/MG Topical Ointment [Mycitracin Plus Pain Reliever],50.9,60.0,0.0,100,True,1116154:bacitracin zinc 0.4 UNT/MG / hydrocortisone acetat(50.6); 1117090:bacitracin 0.4 UNT/MG / neomycin 0.0035 MG/MG / po(49.1); 1089103:bacitracin 0.5 UNT/ML / lidocaine hydrochloride 40(48.0)
https://www.goodrx.com/neomycin-polymyxin-b-bacitracin-non-prescription,neomycin/polymyxin b/bacitracin non-prescription 28g of 3.5mg/5000iu/400iu (1 tube of ointment),28g of 3.5mg/5000iu/400iu,,,0.0,0.0,0.0,0,True,NO MATCH FOUND
https://www.goodrx.com/neomycin-polymyxin-b-bacitracin-non-prescription,neomycin/polymyxin b/bacitracin non-prescription 28g of 3.5mg/5000iu/400iu (1 tube of ointment),14g of 3.5mg/5000iu/400iu,,,0.0,0.0,0.0,0,True,NO MATCH FOUND
https://www.goodrx.com/neomycin-polymyxin-b-bacitracin-non-prescription,neomycin/polymyxin b/bacitracin non-prescription 28g of 3.5mg/5000iu/400iu (1 tube of ointment),28.4g of 5mg/5000iu/400iu,,,0.0,0.0,0.0,0,True,NO MATCH FOUND
https://www.goodrx.com/neosporin,neomycin/polymyxin b/bacitracin non-prescription 28g of 3.5mg/5000iu/400iu (1 tube of ointment),14g of 3.5mg/5000iu/400iu,,,0.0,0.0,0.0,0,True,NO MATCH FOUND
https://www.goodrx.com/neosporin,neomycin/polymyxin b/bacitracin non-prescription 28g of 3.5mg/5000iu/400iu (1 tube of ointment),28g of 3.5mg/5000iu/400iu,,,0.0,0.0,0.0,0,True,NO MATCH FOUND
https://www.goodrx.com/neosporin,neomycin/polymyxin b/bacitracin non-prescription 28g of 3.5mg/5000iu/400iu (1 tube of ointment),28.4g of 5mg/5000iu/400iu,,,0.0,0.0,0.0,0,True,NO MATCH FOUND
https://www.goodrx.com/neomycin-polymyxin-b-bacitracin-hydrocortisone,neomycin/polymyxin b/bacitracin/hydrocortisone 3.5g (1 tube of ointment),3.5g,1116150,bacitracin zinc 0.4 UNT/MG / hydrocortisone acetate 0.01 MG/MG / neomycin sulfate 0.0035 MG/MG / polymyxin B sulfate 10 UNT/MG Ophthalmic Ointment,45.8,57.1,0.0,100,False,
https://www.goodrx.com/nitro-bid,nitro-bid 30g of 2% (1 tube of ointment),30g of 2%,,,0.0,0.0,0.0,0,True,NO MATCH FOUND
https://www.goodrx.com/nupercainal,nupercainal 1 oz of 1% (1 tube of ointment),1 oz of 1%,901429,dibucaine 0.01 MG/MG Rectal Ointment [Nupercainal],42.0,0.0,0.0,100,False,
https://www.goodrx.com/polycin,polycin 3.5g (1 tube of ointment),3.5g,213621,bacitracin 0.5 UNT/MG / polymyxin B 10 UNT/MG Ophthalmic Ointment [Polycin],42.0,0.0,0.0,100,False,
https://www.goodrx.com/prednicarbate,prednicarbate 60g of 0.1% (1 tube of ointment),60g of 0.1%,,,0.0,0.0,0.0,0,True,NO MATCH FOUND
https://www.goodrx.com/prednicarbate,prednicarbate 60g of 0.1% (1 tube of ointment),15g of 0.1%,,,0.0,0.0,0.0,0,True,NO MATCH FOUND
https://www.goodrx.com/protopic,tacrolimus 60g of 0.1% (1 tube of ointment),60g of 0.03%,,,0.0,0.0,0.0,0,True,NO MATCH FOUND
https://www.goodrx.com/protopic,tacrolimus 60g of 0.1% (1 tube of ointment),100g of 0.1%,,,0.0,0.0,0.0,0,True,NO MATCH FOUND
https://www.goodrx.com/protopic,tacrolimus 60g of 0.1% (1 tube of ointment),60g of 0.1%,,,0.0,0.0,0.0,0,True,NO MATCH FOUND
https://www.goodrx.com/protopic,tacrolimus 60g of 0.1% (1 tube of ointment),30g of 0.03%,,,0.0,0.0,0.0,0,True,NO MATCH FOUND
https://www.goodrx.com/protopic,tacrolimus 60g of 0.1% (1 tube of ointment),30g of 0.1%,,,0.0,0.0,0.0,0,True,NO MATCH FOUND
https://www.goodrx.com/protopic,tacrolimus 60g of 0.1% (1 tube of ointment),100g of 0.03%,,,0.0,0.0,0.0,0,True,NO MATCH FOUND
https://www.goodrx.com/denta-5000-plus,denta 5000 plus 51g of 1.1% (1 tube of paste),51g of 1.1%,,,0.0,0.0,0.0,0,True,NO MATCH FOUND
https://www.goodrx.com/prevident-5000-plus,denta 5000 plus 51g of 1.1% (1 tube of paste),51g of 1.1%,,,0.0,0.0,0.0,0,True,NO MATCH FOUND
https://www.goodrx.com/prevident-5000-orthodefense,prevident 5000 orthodefense 100ml of 1.1% (1 tube of paste),100ml of 1.1%,,,0.0,0.0,0.0,0,True,NO MATCH FOUND
https://www.goodrx.com/oralone,triamcinolone 5g of 0.1% (1 tube of paste),5g of 0.1%,,,0.0,0.0,0.0,0,True,NO MATCH FOUND
https://www.goodrx.com/a-hydrocort,a-hydrocort 2ml of 100mg (1 vial),2ml of 100mg,,,0.0,0.0,0.0,0,True,NO MATCH FOUND
https://www.goodrx.com/acthib,acthib 0.5ml (1 vial),0.5ml,1300468,"0.5 ML Haemophilus influenzae type b strain 1482, capsular polysaccharide inactivated tetanus toxoid conjugate vaccine 0.068 MG/ML Injection [ActHIB]",42.0,0.0,0.0,100,False,
https://www.goodrx.com/bacteriostatic-water,bacteriostatic water 30ml (1 vial),30ml,1549855,water 986 MG/ML Ophthalmic Irrigation Solution [Eye Stream],59.5,100.0,0.0,100,False,
https://www.goodrx.com/bcg-vaccine,bcg vaccine 50mg (1 vial),50mg,2468239,"0.5 ML Bordetella pertussis filamentous hemagglutinin vaccine, inactivated 0.04 MG/ML / Bordetella pertussis fimbriae 2/3 vaccine, inactivated 0.01 MG/ML / Bordetella pertussis pertactin vaccine, inactivated 0.006 MG/ML / Bordetella pertussis toxoid vaccine, inactivated 0.04 MG/ML / diphtheria toxoid vaccine, inactivated 30 UNT/ML / Haemophilus influenzae b (Ross strain) capsular polysaccharide meningococcal protein conjugate vaccine 0.006 MG/ML / hepatitis B surface antigen vaccine 0.02 MG/ML / poliovirus vaccine inactivated, type 1 (Mahoney) 58 UNT/ML / poliovirus vaccine inactivated, type 2 (MEF-1) 14 UNT/ML / poliovirus vaccine inactivated, type 3 (Saukett) 52 UNT/ML / tetanus toxoid vaccine, inactivated 10 UNT/ML Prefilled Syringe [Vaxelis]",69.1,50.0,100.0,100,True,"2109620:0.5 ML Bordetella pertussis filamentous hemaggluti(69.1); 2585717:0.5 ML acellular pertussis vaccine, inactivated 96(68.7); 2587057:0.5 ML Bordetella pertussis filamentous hemaggluti(68.2)"
https://www.goodrx.com/botox-cosmetic,botox cosmetic 50 units (1 vial),100 units,860195,onabotulinumtoxinA 100 UNT Injection [Botox],68.2,0.0,100.0,100,False,
https://www.goodrx.com/botox-cosmetic,botox cosmetic 50 units (1 vial),50 units,1726296,onabotulinumtoxinA 50 UNT Injection [Botox Cosmetic],68.2,0.0,100.0,100,False,
https://www.goodrx.com/daptacel,daptacel 0.5ml (1 vial),0.5ml,1300310,"0.5 ML Bordetella pertussis filamentous hemagglutinin vaccine, inactivated 0.01 MG/ML / Bordetella pertussis fimbriae 2/3 vaccine, inactivated 0.01 MG/ML / Bordetella pertussis pertactin vaccine, inactivated 0.006 MG/ML / Bordetella pertussis toxoid vaccine, inactivated 0.02 MG/ML / diphtheria toxoid vaccine, inactivated 30 UNT/ML / tetanus toxoid vaccine, inactivated 10 UNT/ML Injection [Daptacel]",42.0,0.0,0.0,100,False,
https://www.goodrx.com/daxxify,daxxify 100 units (1 vial),30 chewable tablets of 750mcg/60mg/10mcg,,,0.0,0.0,0.0,0,True,NO MATCH FOUND
https://www.goodrx.com/dengvaxia,dengvaxia 0.5ml (1 vial),0.5ml,2197703,"dengue virus live antigen, CYD serotype 1 100000 UNT / dengue virus live antigen, CYD serotype 2 100000 UNT / dengue virus live antigen, CYD serotype 3 100000 UNT / dengue virus live antigen, CYD serotype 4 100000 UNT Injection [Dengvaxia]",42.0,0.0,0.0,100,False,
https://www.goodrx.com/diphtheria-tetanus-toxoids-adsorbed,diphtheria/tetanus toxoids adsorbed 0.5ml (1 vial),0.5ml,,,0.0,0.0,0.0,0,True,NO MATCH FOUND
https://www.goodrx.com/dysport,dysport 300 units (1 vial),300 units,1789958,abobotulinumtoxinA 300 UNT Injection [Dysport],80.5,33.3,100.0,100,False,
https://www.goodrx.com/dysport,dysport 300 units (1 vial),500 units,1789953,abobotulinumtoxinA 500 UNT Injection [Dysport],80.5,33.3,100.0,100,False,
https://www.goodrx.com/epogen,epogen 1ml of 2000 units/ml (1 vial),1ml of 10000 units/ml,205912,epoetin alfa 10000 UNT/ML Injectable Solution [Epogen],55.1,0.0,50.0,100,False,
https://www.goodrx.com/epogen,epogen 1ml of 2000 units/ml (1 vial),1ml of 20000 units/ml,212218,epoetin alfa 20000 UNT/ML Injectable Solution [Epogen],55.1,0.0,50.0,100,False,
https://www.goodrx.com/epogen,epogen 1ml of 2000 units/ml (1 vial),2ml of 10000 units/ml,205912,epoetin alfa 10000 UNT/ML Injectable Solution [Epogen],55.1,0.0,50.0,100,False,
https://www.goodrx.com/epogen,epogen 1ml of 2000 units/ml (1 vial),1ml of 2000 units/ml,205912,epoetin alfa 10000 UNT/ML Injectable Solution [Epogen],42.0,0.0,0.0,100,True,212218:epoetin alfa 20000 UNT/ML Injectable Solution [Epo(42.0)
https://www.goodrx.com/epogen,epogen 1ml of 2000 units/ml (1 vial),1ml of 3000 units/ml,205912,epoetin alfa 10000 UNT/ML Injectable Solution [Epogen],42.0,0.0,0.0,100,True,212218:epoetin alfa 20000 UNT/ML Injectable Solution [Epo(42.0)
https://www.goodrx.com/epogen,epogen 1ml of 2000 units/ml (1 vial),1ml of 4000 units/ml,205912,epoetin alfa 10000 UNT/ML Injectable Solution [Epogen],42.0,0.0,0.0,100,True,212218:epoetin alfa 20000 UNT/ML Injectable Solution [Epo(42.0)
https://www.goodrx.com/delestrogen,estradiol valerate 5ml of 20mg/ml (1 vial),5ml of 40mg/ml,206813,estradiol valerate 40 MG/ML Injectable Solution [Delestrogen],64.2,66.7,50.0,100,False,
https://www.goodrx.com/delestrogen,estradiol valerate 5ml of 20mg/ml (1 vial),5ml of 10mg/ml,206620,estradiol valerate 10 MG/ML Injectable Solution [Delestrogen],64.2,66.7,50.0,100,False,
https://www.goodrx.com/estradiol-valerate,estradiol valerate 5ml of 20mg/ml (1 vial),5ml of 10mg/ml,310189,estradiol valerate 10 MG/ML Injectable Solution,69.1,66.7,50.0,100,False,
https://www.goodrx.com/delestrogen,estradiol valerate 5ml of 20mg/ml (1 vial),5ml of 20mg/ml,206715,estradiol valerate 20 MG/ML Injectable Solution [Delestrogen],64.2,66.7,50.0,100,False,
https://www.goodrx.com/estradiol-valerate,estradiol valerate 5ml of 20mg/ml (1 vial),5ml of 20mg/ml,310190,estradiol valerate 20 MG/ML Injectable Solution,69.1,66.7,50.0,100,False,
https://www.goodrx.com/exparel,exparel 10ml of 1.3% (1 vial),10ml of 1.3%,,,0.0,0.0,0.0,0,True,NO MATCH FOUND
https://www.goodrx.com/exparel,exparel 10ml of 1.3% (1 vial),20ml of 1.3%,,,0.0,0.0,0.0,0,True,NO MATCH FOUND
https://www.goodrx.com/adrucil,fluorouracil 10ml of 50mg/ml (1 vial),25ml of 2mg/ml,,,0.0,0.0,0.0,0,True,NO MATCH FOUND
https://www.goodrx.com/pregnyl,hcg 10ml of 10000 units (1 vial),10ml of 10000 units,,,0.0,0.0,0.0,0,True,NO MATCH FOUND
https://www.goodrx.com/novolog,insulin aspart 10ml of 100 units (1 vial),relion of 100 units/ml,351926,"insulin aspart, human 100 UNT/ML Injectable Solution [NovoLog]",62.5,25.0,100.0,100,True,"1653198:3 ML insulin aspart, human 100 UNT/ML Cartridge [N(62.5); 1653204:3 ML insulin aspart, human 100 UNT/ML Pen Injector(62.5)"
https://www.goodrx.com/novolog,insulin aspart 10ml of 100 units (1 vial),10ml of 100 units,2705739,insulin aspart-szjj 100 UNT/ML Injectable Solution [Merilog],54.8,50.0,50.0,100,True,2720529:insulin aspart-xjhz 100 UNT/ML Injectable Solution(52.5)
https://www.goodrx.com/novolog-70-30,insulin aspart 70/30 10ml of 100 units/ml (1 vial),10ml of 100 units/ml,351926,"insulin aspart, human 100 UNT/ML Injectable Solution [NovoLog]",42.0,25.0,50.0,100,False,
https://www.goodrx.com/ofirmev,ofirmev 100ml of 10mg/ml (1 vial),100ml of 10mg/ml,,,0.0,0.0,0.0,0,True,NO MATCH FOUND
https://www.goodrx.com/pedvaxhib,pedvaxhib 0.5ml (1 vial),0.5ml,798451,0.5 ML Haemophilus influenzae b (Ross strain) capsular polysaccharide meningococcal protein conjugate vaccine 0.265 MG/ML Injection [PedvaxHIB],42.0,0.0,0.0,100,False,
https://www.goodrx.com/delatestryl,testosterone enanthate 5ml of 200mg/ml (1 vial),5ml of 200mg/ml,835842,testosterone cypionate 200 MG/ML Injectable Solution [Depo-testosterone],58.6,33.3,50.0,100,False,
https://www.goodrx.com/oncovin,vincristine 2ml of 1mg/ml (1 vial),1ml of 1mg/ml,,,0.0,0.0,0.0,0,True,NO MATCH FOUND
https://www.goodrx.com/oncovin,vincristine 2ml of 1mg/ml (1 vial),2ml of 1mg/ml,,,0.0,0.0,0.0,0,True,NO MATCH FOUND
https://www.goodrx.com/reclast,zoledronic acid 5ml of 4mg/5ml (1 vial),5ml of 4mg/5ml,,,0.0,0.0,0.0,0,True,NO MATCH FOUND
https://www.goodrx.com/azithromycin,azithromycin 6 tablets of 250mg (1 z-pak),6 tablets of 250mg,308460,azithromycin 250 MG Oral Tablet,78.8,50.0,100.0,100,False,
https://www.goodrx.com/nitrofurantoin-mono-macro,nitrofurantoin mono/macro 100mg (10 capsules),100mg,422434,nitrofurantoin 10 MG/ML Oral Suspension,50.8,66.7,0.0,100,True,311989:nitrofurantoin 5 MG/ML Oral Suspension(50.8)
https://www.goodrx.com/cequr-simplicity,cequr simplicity 10 patches (10 cartons),,,,0.0,0.0,0.0,0,True,NO MATCH FOUND
https://www.goodrx.com/omnipod-dash,omnipod dash 200iu (10 devices),200iu,,,0.0,0.0,0.0,0,True,NO MATCH FOUND
https://www.goodrx.com/orapred,prednisolone sodium phosphate 15mg (10 orally disintegrating tabs),15mg,647127,prednisolone 15 MG Disintegrating Oral Tablet [Orapred],69.1,50.0,100.0,100,False,
https://www.goodrx.com/orapred,prednisolone sodium phosphate 15mg (10 orally disintegrating tabs),10mg,352148,sodium chloride 9 MG/ML Nasal Spray [Simply Saline],71.6,50.0,100.0,100,True,668658:prednisolone 10 MG Disintegrating Oral Tablet [Ora(69.1); 1189611:alanine 11 MG/ML / arginine 8.5 MG/ML / glycine 11(67.4)
https://www.goodrx.com/avanafil,avanafil 200mg (10 tablets),100mg,1291312,avanafil 100 MG Oral Tablet [Stendra],85.8,100.0,100.0,100,False,
https://www.goodrx.com/avanafil,avanafil 200mg (10 tablets),50mg,1291371,avanafil 50 MG Oral Tablet [Stendra],85.8,100.0,100.0,100,False,
https://www.goodrx.com/avanafil,avanafil 200mg (10 tablets),200mg,1291367,avanafil 200 MG Oral Tablet [Stendra],85.8,100.0,100.0,100,False,
https://www.goodrx.com/dexamethasone,dexamethasone 4mg (10 tablets),1.5mg,,,0.0,0.0,0.0,0,True,NO MATCH FOUND
https://www.goodrx.com/dexamethasone,dexamethasone 4mg (10 tablets),1mg,,,0.0,0.0,0.0,0,True,NO MATCH FOUND
https://www.goodrx.com/dexamethasone,dexamethasone 4mg (10 tablets),4mg,,,0.0,0.0,0.0,0,True,NO MATCH FOUND
https://www.goodrx.com/dexamethasone,dexamethasone 4mg (10 tablets),0.75mg,,,0.0,0.0,0.0,0,True,NO MATCH FOUND
https://www.goodrx.com/dexamethasone,dexamethasone 4mg (10 tablets),0.5mg,,,0.0,0.0,0.0,0,True,NO MATCH FOUND
https://www.goodrx.com/dexamethasone,dexamethasone 4mg (10 tablets),2mg,,,0.0,0.0,0.0,0,True,NO MATCH FOUND
https://www.goodrx.com/dexamethasone,dexamethasone 4mg (10 tablets),6mg,,,0.0,0.0,0.0,0,True,NO MATCH FOUND
https://www.goodrx.com/provera,medroxyprogesterone 10mg (10 tablets),10mg,1000124,medroxyprogesterone acetate 10 MG Oral Tablet [Provera],70.5,50.0,100.0,100,False,
https://www.goodrx.com/provera,medroxyprogesterone 10mg (10 tablets),5mg,1000145,medroxyprogesterone acetate 5 MG Oral Tablet [Provera],70.5,50.0,100.0,100,False,
https://www.goodrx.com/provera,medroxyprogesterone 10mg (10 tablets),2.5mg,1000139,medroxyprogesterone acetate 2.5 MG Oral Tablet [Provera],70.5,50.0,100.0,100,False,
https://www.goodrx.com/phenazopyridine-non-prescription,phenazopyridine non-prescription 95mg (10 tablets),95mg,1601553,phenazopyridine hydrochloride 97.5 MG Oral Tablet [Azo Urinary Pain Relief],90.2,100.0,100.0,100,True,1094192:phenazopyridine hydrochloride 95 MG Oral Tablet [A(90.2); 2048946:phenazopyridine hydrochloride 99.5 MG Oral Tablet (90.2); 1094109:phenazopyridine hydrochloride 100 MG Oral Tablet [(86.6)
https://www.goodrx.com/deltasone,prednisone 20mg (10 tablets),5mg,808118,prednisolone 5 MG Oral Tablet [MILLIPRED],71.4,50.0,100.0,100,False,
https://www.goodrx.com/prednisone,prednisone 20mg (10 tablets),10mg,,,0.0,0.0,0.0,0,True,NO MATCH FOUND
https://www.goodrx.com/deltasone,prednisone 20mg (10 tablets),20mg,206997,prednisone 20 MG Oral Tablet [Deltasone],74.2,50.0,100.0,100,False,
https://www.goodrx.com/prednisone,prednisone 20mg (10 tablets),1mg,,,0.0,0.0,0.0,0,True,NO MATCH FOUND
https://www.goodrx.com/deltasone,prednisone 20mg (10 tablets),50mg,198148,prednisone 50 MG Oral Tablet,57.5,50.0,100.0,100,False,
https://www.goodrx.com/prednisone,prednisone 20mg (10 tablets),5mg,,,0.0,0.0,0.0,0,True,NO MATCH FOUND
https://www.goodrx.com/prednisone,prednisone 20mg (10 tablets),2.5mg,,,0.0,0.0,0.0,0,True,NO MATCH FOUND
https://www.goodrx.com/prednisone,prednisone 20mg (10 tablets),50mg,,,0.0,0.0,0.0,0,True,NO MATCH FOUND
https://www.goodrx.com/prednisone,prednisone 20mg (10 tablets),20mg,,,0.0,0.0,0.0,0,True,NO MATCH FOUND
https://www.goodrx.com/deltasone,prednisone 20mg (10 tablets),2.5mg,198146,prednisone 2.5 MG Oral Tablet,57.5,50.0,100.0,100,False,
https://www.goodrx.com/deltasone,prednisone 20mg (10 tablets),10mg,205826,gentamicin 3 MG/ML / prednisolone acetate 10 MG/ML Ophthalmic Suspension [Pred-G],73.5,50.0,100.0,100,True,668658:prednisolone 10 MG Disintegrating Oral Tablet [Ora(72.7); 1548724:prednisolone acetate 10 MG/ML Ophthalmic Suspensio(70.9)
https://www.goodrx.com/precision-xtra,precision xtra ketone (10 test strips),ketone,,,0.0,0.0,0.0,0,True,NO MATCH FOUND
https://www.goodrx.com/precision-xtra,precision xtra ketone (10 test strips),glucose,,,0.0,0.0,0.0,0,True,NO MATCH FOUND
https://www.goodrx.com/azacitidine,azacitidine 100mg (10 vials),100mg,485246,azacitidine 100 MG Injection,78.8,50.0,100.0,100,False,
https://www.goodrx.com/creon,creon 36000 units (100 capsules),100mg,,,0.0,0.0,0.0,0,True,NO MATCH FOUND
https://www.goodrx.com/pancreaze,pancreaze 4200 units (100 capsules),10500 units,,,0.0,0.0,0.0,0,True,NO MATCH FOUND
https://www.goodrx.com/pancreaze,pancreaze 4200 units (100 capsules),21000 units,,,0.0,0.0,0.0,0,True,NO MATCH FOUND
https://www.goodrx.com/pancreaze,pancreaze 4200 units (100 capsules),4200 units,,,0.0,0.0,0.0,0,True,NO MATCH FOUND
https://www.goodrx.com/pancreaze,pancreaze 4200 units (100 capsules),2600 units,,,0.0,0.0,0.0,0,True,NO MATCH FOUND
https://www.goodrx.com/pancreaze,pancreaze 4200 units (100 capsules),16800 units,,,0.0,0.0,0.0,0,True,NO MATCH FOUND
https://www.goodrx.com/pancreaze,pancreaze 4200 units (100 capsules),37000 units,,,0.0,0.0,0.0,0,True,NO MATCH FOUND
https://www.goodrx.com/bd-ultra-fine,bd ultra-fine 4mm x 32g of bd nano 2nd gen (100 pen needles),5mm x 31g of mini,,,0.0,0.0,0.0,0,True,NO MATCH FOUND
https://www.goodrx.com/bd-ultra-fine,bd ultra-fine 4mm x 32g of bd nano 2nd gen (100 pen needles),4mm x 32g of bd nano 2nd gen,,,0.0,0.0,0.0,0,True,NO MATCH FOUND
https://www.goodrx.com/bd-ultra-fine,bd ultra-fine 4mm x 32g of bd nano 2nd gen (100 pen needles),8mm x 31g of short,,,0.0,0.0,0.0,0,True,NO MATCH FOUND
https://www.goodrx.com/bd-ultra-fine,bd ultra-fine 4mm x 32g of bd nano 2nd gen (100 pen needles),5mm x 30g of autoshield duo,,,0.0,0.0,0.0,0,True,NO MATCH FOUND
https://www.goodrx.com/bd-ultra-fine,bd ultra-fine 4mm x 32g of bd nano 2nd gen (100 pen needles),6mm x 32g of micro,,,0.0,0.0,0.0,0,True,NO MATCH FOUND
https://www.goodrx.com/bd-ultra-fine,bd ultra-fine 4mm x 32g of bd nano 2nd gen (100 pen needles),12.7mm x 29g of original,,,0.0,0.0,0.0,0,True,NO MATCH FOUND
https://www.goodrx.com/droplet,droplet 32 gauge 4mm (100 pen needles),32 gauge 6mm,,,0.0,0.0,0.0,0,True,NO MATCH FOUND
https://www.goodrx.com/droplet,droplet 32 gauge 4mm (100 pen needles),34 gauge 3.5mm,,,0.0,0.0,0.0,0,True,NO MATCH FOUND
https://www.goodrx.com/droplet,droplet 32 gauge 4mm (100 pen needles),31 gauge 8mm,,,0.0,0.0,0.0,0,True,NO MATCH FOUND
https://www.goodrx.com/droplet,droplet 32 gauge 4mm (100 pen needles),32 gauge 4mm,,,0.0,0.0,0.0,0,True,NO MATCH FOUND
https://www.goodrx.com/droplet,droplet 32 gauge 4mm (100 pen needles),31 gauge 5mm,,,0.0,0.0,0.0,0,True,NO MATCH FOUND
https://www.goodrx.com/droplet,droplet 32 gauge 4mm (100 pen needles),29 gauge 12.5mm,,,0.0,0.0,0.0,0,True,NO MATCH FOUND
https://www.goodrx.com/pentips,pentips 32 gauge 4mm (100 pen needles),31 gauge 5mm,,,0.0,0.0,0.0,0,True,NO MATCH FOUND
https://www.goodrx.com/pentips,pentips 32 gauge 4mm (100 pen needles),31 gauge 6mm,,,0.0,0.0,0.0,0,True,NO MATCH FOUND
https://www.goodrx.com/pentips,pentips 32 gauge 4mm (100 pen needles),29 gauge 12mm,,,0.0,0.0,0.0,0,True,NO MATCH FOUND
https://www.goodrx.com/pentips,pentips 32 gauge 4mm (100 pen needles),32 gauge 4mm,,,0.0,0.0,0.0,0,True,NO MATCH FOUND
https://www.goodrx.com/pentips,pentips 32 gauge 4mm (100 pen needles),31 gauge 8mm,,,0.0,0.0,0.0,0,True,NO MATCH FOUND
https://www.goodrx.com/abbott-freestyle,abbott freestyle lite (100 test strips),insulinx,,,0.0,0.0,0.0,0,True,NO MATCH FOUND
https://www.goodrx.com/abbott-freestyle,abbott freestyle lite (100 test strips),precision xtra,,,0.0,0.0,0.0,0,True,NO MATCH FOUND
https://www.goodrx.com/abbott-freestyle,abbott freestyle lite (100 test strips),precision neo,,,0.0,0.0,0.0,0,True,NO MATCH FOUND
https://www.goodrx.com/abbott-freestyle,abbott freestyle lite (100 test strips),lite,,,0.0,0.0,0.0,0,True,NO MATCH FOUND
https://www.goodrx.com/abbott-freestyle,abbott freestyle lite (100 test strips),original,,,0.0,0.0,0.0,0,True,NO MATCH FOUND
https://www.goodrx.com/nova-max,nova max glucose (100 test strips),glucose,809602,fructose 374 MG/ML / glucose 374 MG/ML / phosphoric acid 4.3 MG/ML Oral Solution [Emetrol],54.3,50.0,50.0,100,True,801021:alanine 10.4 MG/ML / arginine 5.75 MG/ML / calcium(54.1); 801031:alanine 10.4 MG/ML / arginine 5.75 MG/ML / calcium(54.1); 1086386:glucose 50 MG/ML Oral Solution [Enfamil Glucose](54.1)
https://www.goodrx.com/bismatrol,bismatrol 262mg (112 chewable tablets),262mg,211149,bismuth subsalicylate 262 MG Chewable Tablet [Bismarex],60.5,0.0,100.0,100,False,
https://www.goodrx.com/bismuth-subsalicylate,bismuth subsalicylate 262mg (112 chewable tablets),262mg,211149,bismuth subsalicylate 262 MG Chewable Tablet [Bismarex],89.6,100.0,100.0,100,True,702384:bismuth subsalicylate 262 MG Oral Tablet [Pepto-bi(86.7); 2121074:bismuth subsalicylate 262 MG Oral Capsule [Pepto-b(86.7)
https://www.goodrx.com/cheratussin-ac,guaifenesin/codeine 100mg/10mg/5ml (118 ml),100mg/10mg/5ml,,,0.0,0.0,0.0,0,True,NO MATCH FOUND
https://www.goodrx.com/opium,opium 10mg/ml (118 ml),10mg/ml,312104,belladonna alkaloids 16.2 MG / opium 30 MG Rectal Suppository,50.0,100.0,0.0,100,True,312107:belladonna alkaloids 16.2 MG / opium 60 MG Rectal (50.0); 830196:opium tincture 100 MG/ML Oral Solution(50.0)
https://www.goodrx.com/promethazine-dm,promethazine dm 6.25mg/15mg/5ml (118 ml),6.25mg/15mg/5ml,992858,1 ML promethazine hydrochloride 50 MG/ML Injection,50.8,66.7,0.0,100,True,992432:promethazine hydrochloride 1.25 MG/ML Oral Solutio(50.8); 992438:promethazine hydrochloride 12.5 MG Oral Tablet(50.8); 992441:promethazine hydrochloride 12.5 MG Rectal Supposit(50.8)
https://www.goodrx.com/pherazine-dm,promethazine dm 6.25mg/15mg/5ml (118 ml),6.25mg/15mg/5ml,992445,promethazine hydrochloride 12.5 MG Rectal Suppository [Promethegan],58.4,66.7,0.0,100,True,992459:promethazine hydrochloride 25 MG Rectal Suppositor(58.4); 992481:promethazine hydrochloride 50 MG Rectal Suppositor(58.4)
https://www.goodrx.com/promethazine-phenylephrine-codeine,promethazine/phenylephrine/codeine 6.25mg/5mg/10mg/5ml (118 ml),6.25mg/5mg/10mg/5ml,1234585,phenylephrine hydrochloride 5 MG/ML Nasal Spray [Neo-Synephrine],58.2,50.0,50.0,100,True,1546881:acetaminophen 325 MG / dextromethorphan hydrobromi(57.5); 1297288:acetaminophen 325 MG / dextromethorphan hydrobromi(57.5); 1536999:acetaminophen 250 MG / dextromethorphan hydrobromi(57.5)
https://www.goodrx.com/q-tussin-dm,q-tussin dm 100mg/10mg/5ml (118 ml),100mg/10mg/5ml,,,0.0,0.0,0.0,0,True,NO MATCH FOUND
https://www.goodrx.com/drisdol,vitamin d2 1.25mg of 50000iu (12 capsules),1.25mg of 50000iu,,,0.0,0.0,0.0,0,True,NO MATCH FOUND
https://www.goodrx.com/ergocalciferol,vitamin d2 1.25mg of 50000iu (12 capsules),1.25mg of 50000iu,,,0.0,0.0,0.0,0,True,NO MATCH FOUND
https://www.goodrx.com/easypoint,"easypoint 25 gauge x 1"" (12 pen needles)","23 gauge x 1""",,,0.0,0.0,0.0,0,True,NO MATCH FOUND
https://www.goodrx.com/easypoint,"easypoint 25 gauge x 1"" (12 pen needles)","25 gauge x 1"" of 10ml",,,0.0,0.0,0.0,0,True,NO MATCH FOUND
https://www.goodrx.com/easypoint,"easypoint 25 gauge x 1"" (12 pen needles)","21 gauge x 1 1/2""",,,0.0,0.0,0.0,0,True,NO MATCH FOUND
https://www.goodrx.com/easypoint,"easypoint 25 gauge x 1"" (12 pen needles)","21 gauge x 1""",,,0.0,0.0,0.0,0,True,NO MATCH FOUND
https://www.goodrx.com/easypoint,"easypoint 25 gauge x 1"" (12 pen needles)","22 gauge x 1 1/2""",,,0.0,0.0,0.0,0,True,NO MATCH FOUND
https://www.goodrx.com/easypoint,"easypoint 25 gauge x 1"" (12 pen needles)","25 gauge x 5/8"" of 10ml",,,0.0,0.0,0.0,0,True,NO MATCH FOUND
https://www.goodrx.com/easypoint,"easypoint 25 gauge x 1"" (12 pen needles)","22 gauge x 1""",,,0.0,0.0,0.0,0,True,NO MATCH FOUND
https://www.goodrx.com/easypoint,"easypoint 25 gauge x 1"" (12 pen needles)","18 gauge x 1 1/2""",,,0.0,0.0,0.0,0,True,NO MATCH FOUND
https://www.goodrx.com/easypoint,"easypoint 25 gauge x 1"" (12 pen needles)","25 gauge x 5/8""",,,0.0,0.0,0.0,0,True,NO MATCH FOUND
https://www.goodrx.com/easypoint,"easypoint 25 gauge x 1"" (12 pen needles)","18 gauge x 1""",,,0.0,0.0,0.0,0,True,NO MATCH FOUND
https://www.goodrx.com/easypoint,"easypoint 25 gauge x 1"" (12 pen needles)","25 gauge x 1 1/2""",,,0.0,0.0,0.0,0,True,NO MATCH FOUND
https://www.goodrx.com/easypoint,"easypoint 25 gauge x 1"" (12 pen needles)","25 gauge x 1""",,,0.0,0.0,0.0,0,True,NO MATCH FOUND
https://www.goodrx.com/easypoint,"easypoint 25 gauge x 1"" (12 pen needles)","23 gauge x 1"" of 10ml",,,0.0,0.0,0.0,0,True,NO MATCH FOUND
https://www.goodrx.com/easypoint,"easypoint 25 gauge x 1"" (12 pen needles)","20 gauge x 1 1/2""",,,0.0,0.0,0.0,0,True,NO MATCH FOUND
https://www.goodrx.com/anucort-hc,anucort hc 25mg (12 suppositories),25mg,1291101,hydrocortisone acetate 25 MG Rectal Suppository [Anucort-HC],65.6,0.0,100.0,100,True,1659445:hydrocortisone 25 MG/ML Topical Cream [Anusol HC](61.3)
https://www.goodrx.com/b-o-supprettes,belladonna/opium 16.2mg/30mg (12 suppositories),16.2mg/30mg,312104,belladonna alkaloids 16.2 MG / opium 30 MG Rectal Suppository,61.0,60.0,100.0,100,False,
https://www.goodrx.com/b-o-supprettes,belladonna/opium 16.2mg/30mg (12 suppositories),16.2mg/60mg,312107,belladonna alkaloids 16.2 MG / opium 60 MG Rectal Suppository,61.0,60.0,100.0,100,False,
https://www.goodrx.com/biscolax,bisacodyl 10mg (12 suppositories),10mg,209597,bisacodyl 10 MG Rectal Suppository [Bisac-Evac],74.2,50.0,100.0,100,False,
https://www.goodrx.com/proctocort,proctocort 30mg (12 suppositories),30mg,1291092,hydrocortisone acetate 30 MG Rectal Suppository [Proctocort],68.2,0.0,100.0,100,False,
https://www.goodrx.com/phenadoz,promethazine 25mg (12 suppositories),25mg,992459,promethazine hydrochloride 25 MG Rectal Suppository [Promethegan],80.9,50.0,100.0,100,False,
https://www.goodrx.com/promethegan,promethazine 25mg (12 suppositories),25mg,992459,promethazine hydrochloride 25 MG Rectal Suppository [Promethegan],80.9,50.0,100.0,100,False,
https://www.goodrx.com/promethegan,promethazine 25mg (12 suppositories),50mg,992481,promethazine hydrochloride 50 MG Rectal Suppository [Promethegan],80.9,50.0,100.0,100,False,
https://www.goodrx.com/debacterol,debacterol 50%/30% (12 swabs),50%/30%,1369589,sulfonated phenol 500 MG/ML / sulfuric acid 300 MG/ML Medicated Pad [Debacterol],68.2,0.0,100.0,100,True,1547711:sulfonated phenol 500 MG/ML / sulfuric acid 300 MG(68.2)
https://www.goodrx.com/enoxaparin,enoxaparin 40mg/0.4ml (12 syringes),40mg/0.4ml,854241,0.8 ML enoxaparin sodium 100 MG/ML Prefilled Syringe,42.0,50.0,0.0,100,True,854245:0.8 ML enoxaparin sodium 150 MG/ML Prefilled Syrin(42.0); 854255:enoxaparin sodium 100 MG/ML Injectable Solution(42.0)
https://www.goodrx.com/enoxaparin,enoxaparin 40mg/0.4ml (12 syringes),120mg/0.8ml,854241,0.8 ML enoxaparin sodium 100 MG/ML Prefilled Syringe,42.0,50.0,0.0,100,True,854245:0.8 ML enoxaparin sodium 150 MG/ML Prefilled Syrin(42.0); 854255:enoxaparin sodium 100 MG/ML Injectable Solution(42.0)
https://www.goodrx.com/enoxaparin,enoxaparin 40mg/0.4ml (12 syringes),30mg/0.3ml,854241,0.8 ML enoxaparin sodium 100 MG/ML Prefilled Syringe,42.0,50.0,0.0,100,True,854245:0.8 ML enoxaparin sodium 150 MG/ML Prefilled Syrin(42.0); 854255:enoxaparin sodium 100 MG/ML Injectable Solution(42.0)
https://www.goodrx.com/enoxaparin,enoxaparin 40mg/0.4ml (12 syringes),150mg/ml,854245,0.8 ML enoxaparin sodium 150 MG/ML Prefilled Syringe,78.8,50.0,100.0,100,False,
https://www.goodrx.com/enoxaparin,enoxaparin 40mg/0.4ml (12 syringes),80mg/0.8ml,854241,0.8 ML enoxaparin sodium 100 MG/ML Prefilled Syringe,42.0,50.0,0.0,100,True,854245:0.8 ML enoxaparin sodium 150 MG/ML Prefilled Syrin(42.0); 854255:enoxaparin sodium 100 MG/ML Injectable Solution(42.0)
https://www.goodrx.com/enoxaparin,enoxaparin 40mg/0.4ml (12 syringes),60mg/0.6ml,854241,0.8 ML enoxaparin sodium 100 MG/ML Prefilled Syringe,42.0,50.0,0.0,100,True,854245:0.8 ML enoxaparin sodium 150 MG/ML Prefilled Syrin(42.0); 854255:enoxaparin sodium 100 MG/ML Injectable Solution(42.0)
https://www.goodrx.com/enoxaparin,enoxaparin 40mg/0.4ml (12 syringes),100mg/ml,854241,0.8 ML enoxaparin sodium 100 MG/ML Prefilled Syringe,78.8,50.0,100.0,100,True,854255:enoxaparin sodium 100 MG/ML Injectable Solution(78.8)
https://www.goodrx.com/anastrozole,anastrozole 1mg (12 tablets),1mg,199224,anastrozole 1 MG Oral Tablet,78.8,50.0,100.0,100,False,
https://www.goodrx.com/arimidex,anastrozole 1mg (12 tablets),1mg,151124,anastrozole 1 MG Oral Tablet [Arimidex],68.7,50.0,100.0,100,False,
https://www.goodrx.com/dialyvite-5000,dialyvite 5000 5mg (12 tablets),5mg,,,0.0,0.0,0.0,0,True,NO MATCH FOUND
https://www.goodrx.com/eletriptan,eletriptan 40mg (12 tablets),40mg,359494,eletriptan 40 MG Oral Tablet,78.8,50.0,100.0,100,False,
https://www.goodrx.com/primlev,primlev 5mg/300mg (12 tablets),10mg/300mg,1537120,acetaminophen 300 MG / oxycodone hydrochloride 10 MG Oral Tablet [Primlev],68.2,0.0,100.0,100,False,
https://www.goodrx.com/primlev,primlev 5mg/300mg (12 tablets),7.5mg/300mg,1537122,acetaminophen 300 MG / oxycodone hydrochloride 7.5 MG Oral Tablet [Primlev],68.2,0.0,100.0,100,False,
https://www.goodrx.com/primlev,primlev 5mg/300mg (12 tablets),5mg/300mg,1537116,acetaminophen 300 MG / oxycodone hydrochloride 5 MG Oral Tablet [Primlev],68.2,0.0,100.0,100,False,
https://www.goodrx.com/aptivus,aptivus 250mg (120 capsules),250mg,603378,tipranavir 250 MG Oral Capsule [Aptivus],86.6,50.0,100.0,100,False,
https://www.goodrx.com/bafiertam,bafiertam 95mg (120 capsules),95mg,,,0.0,0.0,0.0,0,True,NO MATCH FOUND
https://www.goodrx.com/bismuth-metronidazole-tetracycline,bismuth/metronidazole/tetracycline 140mg/125mg/125mg (120 capsules),140mg/125mg/125mg,1294619,bismuth subcitrate 140 MG / metronidazole 125 MG / tetracycline hydrochloride 125 MG Oral Capsule,84.0,60.0,100.0,100,False,
https://www.goodrx.com/pylera,bismuth/metronidazole/tetracycline 140mg/125mg/125mg (120 capsules),140mg/125mg/125mg,1294621,bismuth subcitrate 140 MG / metronidazole 125 MG / tetracycline hydrochloride 125 MG Oral Capsule [Pylera],63.0,42.9,100.0,100,False,
https://www.goodrx.com/dipentum,dipentum 250mg (120 capsules),250mg,905164,olsalazine sodium 250 MG Oral Capsule [Dipentum],86.6,50.0,100.0,100,False,
https://www.goodrx.com/ethosuximide,ethosuximide 250mg (120 capsules),250mg,197682,ethosuximide 250 MG Oral Capsule,78.8,50.0,100.0,100,False,
https://www.goodrx.com/apriso,mesalamine er 0.375g (120 capsules),0.375g,825134,24 HR mesalamine 375 MG Extended Release Oral Capsule [Apriso],72.0,66.7,100.0,100,False,
https://www.goodrx.com/pentasa,mesalamine er 500mg (120 capsules),500mg,580286,mesalamine 500 MG Extended Release Oral Capsule [Pentasa],68.2,50.0,100.0,100,False,
https://www.goodrx.com/omega-3-acid-ethyl-esters,omega-3-acid ethyl esters 1g (120 capsules),1g,1193037,cholecalciferol 1000 UNT / folic acid 1 MG / omega-3 acid ethyl esters (USP) 500 MG / phytosterols 200 MG / pyridoxine hydrochloride 12.5 MG / vitamin B12 0.5 MG Oral Capsule,87.5,66.7,100.0,100,True,577208:omega-3 acid ethyl esters (USP) 1000 MG Oral Capsu(87.5)
https://www.goodrx.com/chlo-tuss,chlo tuss 12.5mg/1mg/30mg/5ml (120 ml),,,,0.0,0.0,0.0,0,True,NO MATCH FOUND
https://www.goodrx.com/ninjacof,ninjacof 12.5mg/12.5mg (120 ml),12.5mg/12.5mg,1593771,acetaminophen 32 MG/ML / chlophedianol hydrochloride 2.5 MG/ML / pyrilamine maleate 2.5 MG/ML Oral Solution [Ninjacof A],42.0,0.0,0.0,100,True,1595214:codeine phosphate 1.6 MG/ML / guaifenesin 40 MG/ML(42.0); 1593756:chlophedianol hydrochloride 2.5 MG/ML / pyrilamine(42.0)
https://www.goodrx.com/ninjacof-d,ninjacof-d 12.5mg/12.5mg/30mg (120 ml),12.5mg/12.5mg/30mg,1593771,acetaminophen 32 MG/ML / chlophedianol hydrochloride 2.5 MG/ML / pyrilamine maleate 2.5 MG/ML Oral Solution [Ninjacof A],44.6,0.0,20.0,100,True,1593756:chlophedianol hydrochloride 2.5 MG/ML / pyrilamine(42.0)
https://www.goodrx.com/obredon,obredon 2.5mg/200mg/5ml (120 ml),2.5mg/200mg/5ml,1598284,guaifenesin 40 MG/ML / hydrocodone bitartrate 0.5 MG/ML Oral Solution [Obredon],42.0,0.0,0.0,100,False,
https://www.goodrx.com/phenergan-vc,promethazine vc 6.25mg/5mg/5ml (120 ml),6.25mg/5mg/5ml,992445,promethazine hydrochloride 12.5 MG Rectal Suppository [Promethegan],58.4,66.7,0.0,100,True,992459:promethazine hydrochloride 25 MG Rectal Suppositor(58.4); 992481:promethazine hydrochloride 50 MG Rectal Suppositor(58.4)
https://www.goodrx.com/pherazine-vc,promethazine vc 6.25mg/5mg/5ml (120 ml),6.25mg/15mg/5ml,996757,codeine phosphate 2 MG/ML / phenylephrine hydrochloride 1 MG/ML / promethazine hydrochloride 1.25 MG/ML Oral Solution,42.0,50.0,0.0,100,True,991528:dextromethorphan hydrobromide 3 MG/ML / promethazi(42.0); 992432:promethazine hydrochloride 1.25 MG/ML Oral Solutio(42.0); 992438:promethazine hydrochloride 12.5 MG Oral Tablet(42.0)
https://www.goodrx.com/promethazine-vc,promethazine vc 6.25mg/5mg/5ml (120 ml),6.25mg/5mg/5ml,992858,1 ML promethazine hydrochloride 50 MG/ML Injection,42.0,50.0,0.0,100,True,992432:promethazine hydrochloride 1.25 MG/ML Oral Solutio(42.0); 992438:promethazine hydrochloride 12.5 MG Oral Tablet(42.0); 992441:promethazine hydrochloride 12.5 MG Rectal Supposit(42.0)
https://www.goodrx.com/promethazine-vc-with-codeine,promethazine vc with codeine 6.25mg/10mg/5mg/5ml (120 ml),6.25mg/10mg/5mg/5ml,991486,codeine phosphate 2 MG/ML / promethazine hydrochloride 1.25 MG/ML Oral Solution,68.2,100.0,0.0,100,True,996757:codeine phosphate 2 MG/ML / phenylephrine hydrochl(68.2)
https://www.goodrx.com/parcopa,carbidopa/levodopa 25mg/100mg (120 orally disintegrating tabs),25mg/250mg,724602,carbidopa 25 MG / levodopa 250 MG Oral Tablet [Sinemet],68.2,60.0,100.0,100,False,
https://www.goodrx.com/parcopa,carbidopa/levodopa 25mg/100mg (120 orally disintegrating tabs),10mg/100mg,724606,carbidopa 10 MG / levodopa 100 MG Oral Tablet [Sinemet],68.2,60.0,100.0,100,False,
https://www.goodrx.com/parcopa,carbidopa/levodopa 25mg/100mg (120 orally disintegrating tabs),25mg/100mg,404552,carbidopa 25 MG / entacapone 200 MG / levodopa 100 MG Oral Tablet [Stalevo],74.5,60.0,100.0,100,False,
https://www.goodrx.com/carbidopa-levodopa-entacapone,carbidopa/levodopa/entacapone 50mg/200mg/200mg (120 tablets),,730988,carbidopa 50 MG / entacapone 200 MG / levodopa 200 MG Oral Tablet,84.0,60.0,100.0,100,True,403850:carbidopa 12.5 MG / entacapone 200 MG / levodopa 5(84.0)
https://www.goodrx.com/cellcept,mycophenolate 500mg (120 tablets),500mg,213394,mycophenolate mofetil 500 MG Injection [Cellcept],70.4,50.0,100.0,100,True,616435:mycophenolate mofetil 500 MG Oral Tablet [Cellcept(70.4)
https://www.goodrx.com/pentazocine-naloxone,pentazocine/naloxone 50mg/0.5mg (120 tablets),50mg/0.5mg,312289,naloxone 0.5 MG / pentazocine 50 MG Oral Tablet,78.8,50.0,100.0,100,False,
https://www.goodrx.com/azulfidine,sulfasalazine 500mg (120 tablets),500mg,208437,sulfasalazine 500 MG Oral Tablet [Azulfidine],74.1,50.0,100.0,100,False,
https://www.goodrx.com/azulfidine-en-tabs,sulfasalazine dr 500mg (120 tablets),500mg,724154,sulfasalazine 500 MG Delayed Release Oral Tablet [Azulfidine],72.5,50.0,100.0,100,False,
https://www.goodrx.com/oravig,oravig 50mg (14 buccal tablets),50mg,998550,miconazole nitrate 50 MG Buccal Tablet [Oravig],68.2,0.0,100.0,100,False,
https://www.goodrx.com/doxycycline-hyclate,doxycycline hyclate 100mg (14 capsules),50mg,,,0.0,0.0,0.0,0,True,NO MATCH FOUND
https://www.goodrx.com/doxycycline-hyclate,doxycycline hyclate 100mg (14 capsules),100mg,,,0.0,0.0,0.0,0,True,NO MATCH FOUND
https://www.goodrx.com/doxycycline-monohydrate,doxycycline monohydrate 100mg (14 capsules),150mg,,,0.0,0.0,0.0,0,True,NO MATCH FOUND
https://www.goodrx.com/doxycycline-monohydrate,doxycycline monohydrate 100mg (14 capsules),75mg,,,0.0,0.0,0.0,0,True,NO MATCH FOUND
https://www.goodrx.com/doxycycline-monohydrate,doxycycline monohydrate 100mg (14 capsules),50mg,,,0.0,0.0,0.0,0,True,NO MATCH FOUND
https://www.goodrx.com/doxycycline-monohydrate,doxycycline monohydrate 100mg (14 capsules),100mg,,,0.0,0.0,0.0,0,True,NO MATCH FOUND
https://www.goodrx.com/anzemet,anzemet 50mg (14 tablets),50mg,213091,dolasetron 50 MG Oral Tablet [Anzemet],86.6,50.0,100.0,100,False,
https://www.goodrx.com/cefpodoxime,cefpodoxime 200mg (14 tablets),100mg,,,0.0,0.0,0.0,0,True,NO MATCH FOUND
https://www.goodrx.com/cefpodoxime,cefpodoxime 200mg (14 tablets),200mg,,,0.0,0.0,0.0,0,True,NO MATCH FOUND
https://www.goodrx.com/banan,cefpodoxime 200mg (14 tablets),200mg,309078,cefpodoxime 200 MG Oral Tablet,57.5,50.0,100.0,100,False,
https://www.goodrx.com/banan,cefpodoxime 200mg (14 tablets),100mg,309076,cefpodoxime 100 MG Oral Tablet,57.5,50.0,100.0,100,False,
https://www.goodrx.com/cipro,ciprofloxacin 500mg (14 tablets),250mg,205769,ciprofloxacin 250 MG Oral Tablet [Cipro],75.0,50.0,100.0,100,False,
https://www.goodrx.com/cipro,ciprofloxacin 500mg (14 tablets),500mg,205770,ciprofloxacin 500 MG Oral Tablet [Cipro],75.0,50.0,100.0,100,False,
https://www.goodrx.com/ciprofloxacin,ciprofloxacin 500mg (14 tablets),750mg,,,0.0,0.0,0.0,0,True,NO MATCH FOUND
https://www.goodrx.com/ciprofloxacin,ciprofloxacin 500mg (14 tablets),500mg,,,0.0,0.0,0.0,0,True,NO MATCH FOUND
https://www.goodrx.com/acticlate,doxycycline hyclate 150mg (14 tablets),75mg,1791507,doxycycline hyclate 75 MG Oral Capsule [Acticlate],73.5,50.0,100.0,100,True,1543955:doxycycline hyclate 75 MG Oral Tablet [Acticlate](73.5); 1666545:doxycycline monohydrate 75 MG Oral Capsule [Mondox(71.6)
https://www.goodrx.com/acticlate,doxycycline hyclate 150mg (14 tablets),150mg,1543953,doxycycline hyclate 150 MG Oral Tablet [Acticlate],73.5,50.0,100.0,100,True,730065:doxycycline monohydrate 150 MG Oral Capsule [Adoxa(69.1)
https://www.goodrx.com/doxycycline-hyclate-dr,doxycycline hyclate dr 100mg (14 tablets),200mg,1423082,doxycycline hyclate 200 MG Delayed Release Oral Tablet [Doryx],86.5,100.0,100.0,100,False,
https://www.goodrx.com/doxycycline-hyclate-dr,doxycycline hyclate dr 100mg (14 tablets),100mg,434018,doxycycline hyclate 100 MG Delayed Release Oral Tablet,75.0,100.0,100.0,100,False,
https://www.goodrx.com/doxycycline-hyclate-dr,doxycycline hyclate dr 100mg (14 tablets),150mg,800493,doxycycline hyclate 150 MG Delayed Release Oral Tablet [Doryx],86.5,100.0,100.0,100,False,
https://www.goodrx.com/doxycycline-hyclate-dr,doxycycline hyclate dr 100mg (14 tablets),50mg,1653435,doxycycline hyclate 50 MG Delayed Release Oral Tablet [Doryx],86.5,100.0,100.0,100,False,
https://www.goodrx.com/doxycycline-hyclate-dr,doxycycline hyclate dr 100mg (14 tablets),80mg,2360884,doxycycline hyclate 80 MG Delayed Release Oral Tablet [Doryx],86.5,100.0,100.0,100,False,
https://www.goodrx.com/onureg,onureg 300mg (14 tablets),200mg,2396770,azacitidine 200 MG Oral Tablet [Onureg],68.2,0.0,100.0,100,False,
https://www.goodrx.com/onureg,onureg 300mg (14 tablets),300mg,2396774,azacitidine 300 MG Oral Tablet [Onureg],68.2,0.0,100.0,100,False,
https://www.goodrx.com/bacitracin-non-prescription,bacitracin non-prescription 500 units/g (14 tubes),500 units/g,1359347,bacitracin 0.4 UNT/MG / neomycin 0.0035 MG/MG / polymyxin B 10 UNT/MG / pramoxine hydrochloride 0.01 MG/MG Topical Ointment [Mycitracin Plus Pain Reliever],66.6,100.0,0.0,100,True,1089117:bacitracin 0.5 UNT/ML / dimethicone 200 MG/ML / zi(63.6); 1359356:bacitracin 0.5 UNT/MG / neomycin 0.0035 MG/MG / po(62.2)
https://www.goodrx.com/otovel,otovel 0.25ml of 0.3%/0.025% (14 vials),0.25ml of 0.3%/0.025%,,,0.0,0.0,0.0,0,True,NO MATCH FOUND
https://www.goodrx.com/crinone,crinone 1.45g of 8% (15 applicators),1.45g of 4%,,,0.0,0.0,0.0,0,True,NO MATCH FOUND
https://www.goodrx.com/crinone,crinone 1.45g of 8% (15 applicators),1.45g of 8%,,,0.0,0.0,0.0,0,True,NO MATCH FOUND
https://www.goodrx.com/anaspaz,anaspaz 0.125mg (15 orally disintegrating tabs),0.125mg,1048056,hyoscyamine sulfate 0.125 MG Disintegrating Oral Tablet [Anaspaz],68.2,0.0,100.0,100,False,
https://www.goodrx.com/azasan,azasan 100mg (15 tablets),100mg,404476,azathioprine 100 MG Oral Tablet [Azasan],68.2,0.0,100.0,100,False,
https://www.goodrx.com/azasan,azasan 100mg (15 tablets),75mg,404475,azathioprine 75 MG Oral Tablet [Azasan],68.2,0.0,100.0,100,False,
https://www.goodrx.com/cetirizine-prescription,cetirizine prescription 1mg/ml (150 ml),1mg/ml,1020021,cetirizine hydrochloride 1 MG/ML Oral Solution [Zyrtec],86.0,100.0,100.0,100,False,
https://www.goodrx.com/procentra,procentra 5mg/5ml (150 ml),5mg/5ml,1000145,medroxyprogesterone acetate 5 MG Oral Tablet [Provera],61.7,0.0,100.0,100,False,
https://www.goodrx.com/qbrelis,qbrelis 1mg/ml (150 ml),1mg/ml,1806890,lisinopril 1 MG/ML Oral Solution [Qbrelis],68.2,0.0,100.0,100,False,
https://www.goodrx.com/etoposide,etoposide 50mg (16 capsules),50mg,,,0.0,0.0,0.0,0,True,NO MATCH FOUND
https://www.goodrx.com/evrysdi,evrysdi 80ml of 0.75mg/ml (160 ml),80ml of 0.75mg/ml,2390946,risdiplam 0.75 MG/ML Oral Solution [Evrysdi],55.1,0.0,50.0,100,False,
https://www.goodrx.com/copegus,ribavirin 200mg (168 tablets),200mg,248109,ribavirin 200 MG Oral Tablet,57.5,50.0,100.0,100,True,312817:ribavirin 200 MG Oral Capsule(57.5)
https://www.goodrx.com/benzocaine-menthol,benzocaine/menthol 15mg/3.6mg (18 lozenges),15mg/3.6mg,824574,benzocaine 15 MG / menthol 3.6 MG Oral Lozenge,78.8,50.0,100.0,100,False,
https://www.goodrx.com/cepacol,benzocaine/menthol 15mg/3.6mg (18 lozenges),15mg/3.6mg,1235477,benzocaine 15 MG / menthol 3.6 MG Oral Lozenge [Cepacol Sore Throat Pain Relief],75.8,60.0,100.0,100,False,
https://www.goodrx.com/acetaminophen-phenylephrine,acetaminophen/phenylephrine 325mg/5mg (18 tablets),325mg/5mg,2181307,acetaminophen 325 MG / caffeine 45 MG / chlorpheniramine maleate 2 MG / phenylephrine hydrochloride 5 MG Oral Tablet,78.8,50.0,100.0,100,True,1046751:acetaminophen 325 MG / diphenhydramine hydrochlori(78.8); 1046781:acetaminophen 325 MG / chlorpheniramine maleate 2 (78.8); 1042688:acetaminophen 325 MG / chlorpheniramine maleate 2 (78.8)
https://www.goodrx.com/calcium-acetate,calcium acetate 667mg (180 capsules),667mg,,,0.0,0.0,0.0,0,True,NO MATCH FOUND
https://www.goodrx.com/norpace,disopyramide 100mg (180 capsules),100mg,209066,disopyramide 100 MG Oral Capsule [Norpace],71.4,50.0,100.0,100,False,
https://www.goodrx.com/disopyramide,disopyramide 100mg (180 capsules),100mg,309958,disopyramide 100 MG Oral Capsule,78.8,50.0,100.0,100,False,
https://www.goodrx.com/disopyramide,disopyramide 100mg (180 capsules),150mg,309960,disopyramide 150 MG Oral Capsule,78.8,50.0,100.0,100,False,
https://www.goodrx.com/eulexin,flutamide 125mg (180 capsules),125mg,205646,flutamide 125 MG Oral Capsule [Eulexin],66.9,50.0,100.0,100,False,
https://www.goodrx.com/dynacirc,isradipine 2.5mg (180 capsules),5mg,197849,isradipine 5 MG Oral Capsule,63.3,66.7,100.0,100,False,
https://www.goodrx.com/dynacirc,isradipine 2.5mg (180 capsules),2.5mg,197848,isradipine 2.5 MG Oral Capsule,63.3,66.7,100.0,100,False,
https://www.goodrx.com/delzicol,mesalamine dr 400mg (180 capsules),400mg,1368960,mesalamine 400 MG Delayed Release Oral Capsule [Delzicol],70.4,50.0,100.0,100,True,104112:mesalamine 400 MG Delayed Release Oral Tablet [Asa(68.7)
https://www.goodrx.com/demser,metyrosine 250mg (180 capsules),250mg,201388,metyrosine 250 MG Oral Capsule [Demser],70.2,50.0,100.0,100,False,
https://www.goodrx.com/propafenone-er,propafenone er 225mg (180 capsules),425mg,861171,12 HR propafenone hydrochloride 425 MG Extended Release Oral Capsule,78.8,50.0,100.0,100,False,
https://www.goodrx.com/propafenone-er,propafenone er 225mg (180 capsules),325mg,861164,12 HR propafenone hydrochloride 325 MG Extended Release Oral Capsule,78.8,50.0,100.0,100,False,
https://www.goodrx.com/propafenone-er,propafenone er 225mg (180 capsules),225mg,861156,12 HR propafenone hydrochloride 225 MG Extended Release Oral Capsule,78.8,50.0,100.0,100,False,
https://www.goodrx.com/prograf,tacrolimus 1mg (180 capsules),1mg,2052704,tacrolimus 1 MG Granules for Oral Suspension [Prograf],60.4,33.3,100.0,100,True,108513:tacrolimus 1 MG Oral Capsule [Prograf](60.4)
https://www.goodrx.com/prograf,tacrolimus 1mg (180 capsules),0.5mg,261134,tacrolimus 0.5 MG Oral Capsule [Prograf],60.4,33.3,100.0,100,False,
https://www.goodrx.com/prograf,tacrolimus 1mg (180 capsules),5mg,108514,tacrolimus 5 MG Oral Capsule [Prograf],60.4,33.3,100.0,100,True,108515:1 ML tacrolimus 5 MG/ML Injection [Prograf](60.4)
https://www.goodrx.com/endari,l-glutamine 5g (180 packets),5g,1928941,glutamine 5000 MG Powder for Oral Solution [Endari],72.7,66.7,100.0,100,False,
https://www.goodrx.com/abacavir,abacavir 300mg (180 tablets),2ml of 100mg,2598348,abacavir 60 MG / dolutegravir 5 MG / lamivudine 30 MG Tablet for Oral Suspension,42.0,50.0,0.0,100,True,242680:abacavir 20 MG/ML Oral Solution(42.0)
https://www.goodrx.com/campral,acamprosate 333mg (180 tablets),333mg,,,0.0,0.0,0.0,0,True,NO MATCH FOUND
https://www.goodrx.com/pletal,cilostazol 100mg (180 tablets),100mg,242461,cilostazol 100 MG Oral Tablet,57.5,50.0,100.0,100,False,
https://www.goodrx.com/pletal,cilostazol 100mg (180 tablets),50mg,242462,cilostazol 50 MG Oral Tablet,57.5,50.0,100.0,100,False,
https://www.goodrx.com/amaryl,glimepiride 4mg (180 tablets),4mg,153845,glimepiride 4 MG Oral Tablet [Amaryl],66.6,50.0,100.0,100,True,731457:glimepiride 4 MG / pioglitazone 30 MG Oral Tablet (66.2)
https://www.goodrx.com/amaryl,glimepiride 4mg (180 tablets),1mg,153843,glimepiride 1 MG Oral Tablet [Amaryl],66.6,50.0,100.0,100,False,
https://www.goodrx.com/amaryl,glimepiride 4mg (180 tablets),2mg,153591,glimepiride 2 MG Oral Tablet [Amaryl],66.6,50.0,100.0,100,True,731463:glimepiride 2 MG / pioglitazone 30 MG Oral Tablet (66.2)
https://www.goodrx.com/nevirapine,nevirapine 200mg (180 tablets),200mg,199422,nevirapine 200 MG Oral Tablet,78.8,50.0,100.0,100,False,
https://www.goodrx.com/pindolol,pindolol 5mg (180 tablets),5mg,198105,pindolol 5 MG Oral Tablet,78.8,50.0,100.0,100,False,
https://www.goodrx.com/actoplus-met,pioglitazone/metformin 15mg/850mg (180 tablets),15mg/500mg,861785,metformin hydrochloride 500 MG / pioglitazone 15 MG Oral Tablet [Actoplus Met],68.1,50.0,100.0,100,False,
https://www.goodrx.com/actoplus-met,pioglitazone/metformin 15mg/850mg (180 tablets),15mg/850mg,861824,metformin hydrochloride 850 MG / pioglitazone 15 MG Oral Tablet [Actoplus Met],68.1,50.0,100.0,100,False,
https://www.goodrx.com/prestalia,prestalia 3.5mg/2.5mg (180 tablets),7mg/5mg,1600730,amlodipine 5 MG / perindopril arginine 7 MG Oral Tablet [Prestalia],92.8,66.7,100.0,100,False,
https://www.goodrx.com/prestalia,prestalia 3.5mg/2.5mg (180 tablets),14mg/10mg,1600722,amlodipine 10 MG / perindopril arginine 14 MG Oral Tablet [Prestalia],92.8,66.7,100.0,100,False,
https://www.goodrx.com/probalan,probenecid 500mg (180 tablets),500mg,2717850,probenecid 500 MG / sulopenem etzadroxil 500 MG Oral Tablet [Orlynvah],66.2,50.0,100.0,100,False,
https://www.goodrx.com/benemid,probenecid 500mg (180 tablets),500mg,2717850,probenecid 500 MG / sulopenem etzadroxil 500 MG Oral Tablet [Orlynvah],66.2,50.0,100.0,100,False,
https://www.goodrx.com/probenecid,probenecid 500mg (180 tablets),500mg,,,0.0,0.0,0.0,0,True,NO MATCH FOUND
https://www.goodrx.com/propylthiouracil,propylthiouracil 50mg (180 tablets),50mg,198175,propylthiouracil 50 MG Oral Tablet,75.0,100.0,100.0,100,False,
https://www.goodrx.com/betapace-af,sotalol af 80mg (180 tablets),160mg,904583,sotalol hydrochloride 160 MG Oral Tablet [Sorine],66.9,50.0,100.0,100,True,1922764:Atrial Fibrillation sotalol hydrochloride 160 MG O(66.2)
https://www.goodrx.com/betapace-af,sotalol af 80mg (180 tablets),80mg,904605,sotalol hydrochloride 80 MG Oral Tablet [Sorine],66.9,50.0,100.0,100,True,1922766:Atrial Fibrillation sotalol hydrochloride 80 MG Or(66.2)
https://www.goodrx.com/absorica-ld,absorica ld 30 capsules of 24mg (2 boxes),30 capsules of 8mg,2262731,Micronized isotretinoin 8 MG Oral Capsule [Absorica],68.2,0.0,100.0,100,False,
https://www.goodrx.com/absorica-ld,absorica ld 30 capsules of 24mg (2 boxes),30 capsules of 24mg,1547563,isotretinoin 25 MG Oral Capsule [Absorica],68.2,0.0,100.0,100,True,2262719:Micronized isotretinoin 24 MG Oral Capsule [Absori(68.2)
https://www.goodrx.com/absorica-ld,absorica ld 30 capsules of 24mg (2 boxes),30 capsules of 16mg,2262713,Micronized isotretinoin 16 MG Oral Capsule [Absorica],68.2,0.0,100.0,100,False,
https://www.goodrx.com/absorica-ld,absorica ld 30 capsules of 24mg (2 boxes),30 capsules of 32mg,1300014,isotretinoin 30 MG Oral Capsule [Absorica],68.2,0.0,100.0,100,True,1547567:isotretinoin 35 MG Oral Capsule [Absorica](68.2); 2262727:Micronized isotretinoin 32 MG Oral Capsule [Absori(68.2)
https://www.goodrx.com/omnipod-5,omnipod 5 5 g6 pods (2 boxes),5 libre2plus g6 pods,,,0.0,0.0,0.0,0,True,NO MATCH FOUND
https://www.goodrx.com/omnipod-5,omnipod 5 5 g6 pods (2 boxes),5 g6 pods,,,0.0,0.0,0.0,0,True,NO MATCH FOUND
https://www.goodrx.com/omnipod-5,omnipod 5 5 g6 pods (2 boxes),g6 intro kit,,,0.0,0.0,0.0,0,True,NO MATCH FOUND
https://www.goodrx.com/omnipod-5,omnipod 5 5 g6 pods (2 boxes),libre2plus g6 intro kit,,,0.0,0.0,0.0,0,True,NO MATCH FOUND
https://www.goodrx.com/adbry,adbry 2 syringes of 150mg/ml (2 cartons),1 autoinjector of 300mg/2ml,2589384,1 ML tralokinumab-ldrm 150 MG/ML Prefilled Syringe [Adbry],54.2,33.3,0.0,100,True,2686065:2 ML tralokinumab-ldrm 150 MG/ML Auto-Injector [Ad(54.2)
https://www.goodrx.com/adbry,adbry 2 syringes of 150mg/ml (2 cartons),2 autoinjectors of 300mg/2ml,2589384,1 ML tralokinumab-ldrm 150 MG/ML Prefilled Syringe [Adbry],54.2,33.3,0.0,100,True,2686065:2 ML tralokinumab-ldrm 150 MG/ML Auto-Injector [Ad(54.2)
https://www.goodrx.com/adbry,adbry 2 syringes of 150mg/ml (2 cartons),2 syringes of 150mg/ml,2589384,1 ML tralokinumab-ldrm 150 MG/ML Prefilled Syringe [Adbry],80.5,33.3,100.0,100,True,2686065:2 ML tralokinumab-ldrm 150 MG/ML Auto-Injector [Ad(80.5)
https://www.goodrx.com/dartisla-odt,dartisla odt 30 tablets of 1.7mg (2 cartons),30 tablets of 1.7mg,2589281,glycopyrrolate 1.7 MG Disintegrating Oral Tablet [Dartisla],68.2,0.0,100.0,100,False,
https://www.goodrx.com/entyvio,entyvio prefilled pen of 108mg/0.68ml (2 cartons),prefilled pen of 108mg/0.68ml,1538142,vedolizumab 300 MG Injection [Entyvio],54.2,33.3,0.0,100,True,2667336:0.68 ML vedolizumab 159 MG/ML Prefilled Syringe [E(54.2); 2667342:0.68 ML vedolizumab 159 MG/ML Auto-Injector [Entyv(54.2)
https://www.goodrx.com/duragesic,fentanyl 5 patches of 25mcg/hr (2 cartons),5 patches of 75mcg/hr,197696,72 HR fentanyl 0.075 MG/HR Transdermal System,63.3,66.7,100.0,100,False,
https://www.goodrx.com/duragesic,fentanyl 5 patches of 25mcg/hr (2 cartons),5 patches of 87.5mcg/hr,1603501,72 HR fentanyl 0.0875 MG/HR Transdermal System,63.3,66.7,100.0,100,False,
https://www.goodrx.com/duragesic,fentanyl 5 patches of 25mcg/hr (2 cartons),5 patches of 50mcg/hr,245135,72 HR fentanyl 0.05 MG/HR Transdermal System,63.3,66.7,100.0,100,False,
https://www.goodrx.com/duragesic,fentanyl 5 patches of 25mcg/hr (2 cartons),5 patches of 25mcg/hr,245134,72 HR fentanyl 0.025 MG/HR Transdermal System,63.3,66.7,100.0,100,False,
https://www.goodrx.com/duragesic,fentanyl 5 patches of 25mcg/hr (2 cartons),5 patches of 62.5mcg/hr,1603498,72 HR fentanyl 0.0625 MG/HR Transdermal System,63.3,66.7,100.0,100,False,
https://www.goodrx.com/duragesic,fentanyl 5 patches of 25mcg/hr (2 cartons),5 patches of 100mcg/hr,245136,72 HR fentanyl 0.1 MG/HR Transdermal System,63.3,66.7,100.0,100,False,
https://www.goodrx.com/duragesic,fentanyl 5 patches of 25mcg/hr (2 cartons),5 patches of 12mcg/hr,577057,72 HR fentanyl 0.012 MG/HR Transdermal System,63.3,66.7,100.0,100,False,
https://www.goodrx.com/duragesic,fentanyl 5 patches of 25mcg/hr (2 cartons),5 patches of 37.5mcg/hr,1666837,80 ACTUAT fentanyl 0.04 MG/ACTUAT Transdermal System [Ionsys],74.0,66.7,100.0,100,False,
https://www.goodrx.com/oxervate,oxervate 7 vials of 20mcg/ml (2 cartons),7 vials of 20mcg/ml,,,0.0,0.0,0.0,0,True,NO MATCH FOUND
https://www.goodrx.com/emverm,emverm 100mg (2 chewable tablets),100mg,1737789,mebendazole 100 MG Chewable Tablet [Emverm],86.6,50.0,100.0,100,False,
https://www.goodrx.com/duet-dha-balanced,duet dha balanced 30 day of 26mg/1mg/278mg (2 kits),30 day of 26mg/1mg/278mg,,,0.0,0.0,0.0,0,True,NO MATCH FOUND
https://www.goodrx.com/novoseven-rt,novoseven rt 1 vial of 1mg (2 kits),1 vial of 5mg,798104,eptacog alfa activated 0.001 MG Injection [Novoseven],42.0,0.0,0.0,100,False,
https://www.goodrx.com/novoseven-rt,novoseven rt 1 vial of 1mg (2 kits),1 vial of 1mg,798104,eptacog alfa activated 0.001 MG Injection [Novoseven],42.0,0.0,0.0,100,False,
https://www.goodrx.com/novoseven-rt,novoseven rt 1 vial of 1mg (2 kits),1 vial of 8mg,798104,eptacog alfa activated 0.001 MG Injection [Novoseven],42.0,0.0,0.0,100,False,
https://www.goodrx.com/eversense,eversense sensor holder (2 meters),sensor holder,,,0.0,0.0,0.0,0,True,NO MATCH FOUND
https://www.goodrx.com/egaten,egaten 4 tablets of 250mg (2 packages),4 tablets of 250mg,2118612,triclabendazole 250 MG Oral Tablet [Egaten],68.2,0.0,100.0,100,False,
https://www.goodrx.com/azmiro,azmiro 1ml of 200mg/ml (2 syringes),1ml of 200mg/ml,,,0.0,0.0,0.0,0,True,NO MATCH FOUND
https://www.goodrx.com/diflucan,fluconazole 150mg (2 tablets),50mg,207106,fluconazole 50 MG Oral Tablet [Diflucan],74.2,50.0,100.0,100,False,
https://www.goodrx.com/diflucan,fluconazole 150mg (2 tablets),150mg,207108,fluconazole 150 MG Oral Tablet [Diflucan],74.2,50.0,100.0,100,False,
https://www.goodrx.com/diflucan,fluconazole 150mg (2 tablets),100mg,207107,fluconazole 100 MG Oral Tablet [Diflucan],74.2,50.0,100.0,100,False,
https://www.goodrx.com/cytotec,misoprostol 200mcg (2 tablets),200mcg,104098,misoprostol 0.2 MG Oral Tablet [Cytotec],66.2,50.0,100.0,100,False,
https://www.goodrx.com/cytotec,misoprostol 200mcg (2 tablets),100mcg,209177,misoprostol 0.1 MG Oral Tablet [Cytotec],66.2,50.0,100.0,100,False,
https://www.goodrx.com/cormax,clobetasol 15g of 0.05% (2 tubes),15g of 0.05%,,,0.0,0.0,0.0,0,True,NO MATCH FOUND
https://www.goodrx.com/cormax,clobetasol 15g of 0.05% (2 tubes),45g of 0.05%,,,0.0,0.0,0.0,0,True,NO MATCH FOUND
https://www.goodrx.com/ertaczo,ertaczo 60g of 2% (2 tubes),60g of 2%,,,0.0,0.0,0.0,0,True,NO MATCH FOUND
https://www.goodrx.com/neuracin,neuracin 56.7g of 4%/10%/30% (2 tubes),56.7g of 4%/10%/30%,,,0.0,0.0,0.0,0,True,NO MATCH FOUND
https://www.goodrx.com/pentacel,pentacel 0.5ml (2 vials),0.5ml,805378,"0.5 ML acellular pertussis vaccine, inactivated 96 UNT/ML / diphtheria toxoid vaccine, inactivated 30 UNT/ML / Haemophilus influenzae type b, capsular polysaccharide inactivated tetanus toxoid conjugate vaccine 68 UNT/ML / poliovirus vaccine inactivated, type 1 (Mahoney) 80 UNT/ML / poliovirus vaccine inactivated, type 2 (MEF-1) 16 UNT/ML / poliovirus vaccine inactivated, type 3 (Saukett) 64 UNT/ML / tetanus toxoid vaccine, inactivated 20 UNT/ML Injection [Pentacel]",42.0,0.0,0.0,100,True,"2585717:0.5 ML acellular pertussis vaccine, inactivated 96(42.0)"
https://www.goodrx.com/procrit,procrit 1ml of 20000 units/ml (2 vials),1ml of 3000 units/ml,205913,epoetin alfa 10000 UNT/ML Injectable Solution [Procrit],42.0,0.0,0.0,100,True,212219:epoetin alfa 20000 UNT/ML Injectable Solution [Pro(42.0)
https://www.goodrx.com/procrit,procrit 1ml of 20000 units/ml (2 vials),1ml of 20000 units/ml,212219,epoetin alfa 20000 UNT/ML Injectable Solution [Procrit],55.1,0.0,50.0,100,False,
https://www.goodrx.com/procrit,procrit 1ml of 20000 units/ml (2 vials),2ml of 10000 units/ml,205913,epoetin alfa 10000 UNT/ML Injectable Solution [Procrit],55.1,0.0,50.0,100,False,
https://www.goodrx.com/procrit,procrit 1ml of 20000 units/ml (2 vials),1ml of 40000 units/ml,205913,epoetin alfa 10000 UNT/ML Injectable Solution [Procrit],42.0,0.0,0.0,100,True,212219:epoetin alfa 20000 UNT/ML Injectable Solution [Pro(42.0)
https://www.goodrx.com/procrit,procrit 1ml of 20000 units/ml (2 vials),1ml of 2000 units/ml,205913,epoetin alfa 10000 UNT/ML Injectable Solution [Procrit],42.0,0.0,0.0,100,True,212219:epoetin alfa 20000 UNT/ML Injectable Solution [Pro(42.0)
https://www.goodrx.com/omnicef,cefdinir 300mg (20 capsules),300mg,200346,cefdinir 300 MG Oral Capsule,57.5,50.0,100.0,100,False,
https://www.goodrx.com/ondansetron,ondansetron 4mg (20 orally disintegrating tabs),4mg,198052,ondansetron 4 MG Oral Tablet,78.8,50.0,100.0,100,True,998033:ondansetron 4 MG Oral Film(78.8); 104894:ondansetron 4 MG Disintegrating Oral Tablet(78.8)
https://www.goodrx.com/ondansetron,ondansetron 4mg (20 orally disintegrating tabs),8mg,998028,ondansetron 8 MG Oral Film,78.8,50.0,100.0,100,True,312087:ondansetron 8 MG Disintegrating Oral Tablet(78.8); 312086:ondansetron 8 MG Oral Tablet(78.8)
https://www.goodrx.com/acetaminophen-chlorpheniramine-dextromethorphan,acetaminophen/chlorpheniramine/dextromethorphan 325mg/2mg/10mg (20 tablets),325mg/2mg/10mg,1147795,acetaminophen 325 MG / chlorpheniramine maleate 2 MG / dextromethorphan hydrobromide 10 MG / pseudoephedrine hydrochloride 30 MG Oral Tablet,68.0,80.0,100.0,100,True,2557336:acetaminophen 325 MG / chlorpheniramine maleate 2 (68.0); 2049841:acetaminophen 325 MG / chlorpheniramine maleate 2 (68.0); 1042688:acetaminophen 325 MG / chlorpheniramine maleate 2 (68.0)
https://www.goodrx.com/acetaminophen-guaifenesin-phenylephrine,acetaminophen/guaifenesin/phenylephrine 325mg/200mg/5mg (20 tablets),325mg/200mg/5mg,1243679,acetaminophen 325 MG / guaifenesin 200 MG / phenylephrine hydrochloride 5 MG Oral Tablet,68.0,80.0,100.0,100,True,1110988:acetaminophen 325 MG / dextromethorphan hydrobromi(68.0); 1367204:acetaminophen 325 MG / dextromethorphan hydrobromi(68.0); 2049223:acetaminophen 325 MG / guaifenesin 200 MG / phenyl(68.0)
https://www.goodrx.com/alahist-cf,alahist cf 2mg/20mg/10mg (20 tablets),2mg/20mg/10mg,2262295,dexbrompheniramine maleate 2 MG Oral Tablet [Ala-Hist IR],46.3,0.0,40.0,100,True,2286598:pheniramine maleate 17.5 MG / phenylephrine hydroc(44.0)
https://www.goodrx.com/alahist-ir,alahist ir 2mg (20 tablets),2mg,2262295,dexbrompheniramine maleate 2 MG Oral Tablet [Ala-Hist IR],67.0,0.0,100.0,100,False,
https://www.goodrx.com/augmentin,amoxicillin/potassium clavulanate 875mg/125mg (20 tablets),875mg/125mg,824194,amoxicillin 875 MG / clavulanate 125 MG Oral Tablet [Augmentin],77.7,80.0,100.0,100,False,
https://www.goodrx.com/augmentin,amoxicillin/potassium clavulanate 875mg/125mg (20 tablets),250mg/125mg,824186,amoxicillin 250 MG / clavulanate 125 MG Oral Tablet [Augmentin],77.7,80.0,100.0,100,False,
https://www.goodrx.com/amoxicillin-potassium-clavulanate-er,amoxicillin/potassium clavulanate er 1000mg/62.5mg (20 tablets),1000mg/62.5mg,617995,12 HR amoxicillin 1000 MG / clavulanate 62.5 MG Extended Release Oral Tablet,87.5,66.7,100.0,100,False,
https://www.goodrx.com/augmentin-xr,amoxicillin/potassium clavulanate er 1000mg/62.5mg (20 tablets),1000mg/62.5mg,861689,12 HR amoxicillin 1000 MG / clavulanate 62.5 MG Extended Release Oral Tablet [Augmentin],77.2,80.0,100.0,100,False,
https://www.goodrx.com/baxdela,baxdela 450mg (20 tablets),450mg,1927682,delafloxacin 450 MG Oral Tablet [Baxdela],68.2,0.0,100.0,100,False,
https://www.goodrx.com/duricef,cefadroxil 1g (20 tablets),1g,309047,cefadroxil 1000 MG Oral Tablet,57.5,50.0,100.0,100,False,
https://www.goodrx.com/cefprozil,cefprozil 500mg (20 tablets),250mg,197452,cefprozil 250 MG Oral Tablet,78.8,50.0,100.0,100,False,
https://www.goodrx.com/cefprozil,cefprozil 500mg (20 tablets),500mg,197453,cefprozil 500 MG Oral Tablet,78.8,50.0,100.0,100,False,
https://www.goodrx.com/chlorpheniramine-phenylephrine,chlorpheniramine/phenylephrine 4mg/10mg (20 tablets),4mg/10mg,1356799,brompheniramine maleate 4 MG / codeine phosphate 10 MG / phenylephrine hydrochloride 10 MG Oral Tablet [Brovex PBC],65.6,50.0,100.0,100,True,1356806:brompheniramine maleate 4 MG / codeine phosphate 2(65.6); 2003130:chlorpheniramine maleate 4 MG / dextromethorphan h(63.3); 1741529:acetaminophen 650 MG / chlorpheniramine maleate 4 (63.3)
https://www.goodrx.com/biaxin-xl,clarithromycin er 500mg (20 tablets),500mg,359385,24 HR clarithromycin 500 MG Extended Release Oral Tablet,57.5,50.0,100.0,100,False,
https://www.goodrx.com/dificid,dificid 200mg (20 tablets),45g of 0.1%,,,0.0,0.0,0.0,0,True,NO MATCH FOUND
https://www.goodrx.com/norel-ad,norel ad 325mg/4mg/10mg (20 tablets),325mg/4mg/10mg,,,0.0,0.0,0.0,0,True,NO MATCH FOUND
https://www.goodrx.com/orphenadrine-er,orphenadrine er 100mg (20 tablets),100mg,994521,12 HR orphenadrine citrate 100 MG Extended Release Oral Tablet,78.8,50.0,100.0,100,False,
https://www.goodrx.com/oxaydo,oxaydo 7.5mg (20 tablets),7.5mg,1664634,oxycodone hydrochloride 7.5 MG Oral Tablet [Oxaydo],68.2,0.0,100.0,100,False,
https://www.goodrx.com/oxaydo,oxaydo 7.5mg (20 tablets),5mg,1664448,oxycodone hydrochloride 5 MG Oral Tablet [Oxaydo],68.2,0.0,100.0,100,False,
https://www.goodrx.com/poly-hist-forte,poly hist forte 10.5mg/10mg (20 tablets),10.5mg/10mg,,,0.0,0.0,0.0,0,True,NO MATCH FOUND
https://www.goodrx.com/elaprase,elaprase 3ml of 6mg/3ml (20 vials),3ml of 6mg/3ml,,,0.0,0.0,0.0,0,True,NO MATCH FOUND
https://www.goodrx.com/amoxicillin,amoxicillin 500mg (21 capsules),500mg,617296,amoxicillin 500 MG / clavulanate 125 MG Oral Tablet,78.8,50.0,100.0,100,True,308191:amoxicillin 500 MG Oral Capsule(78.8); 308192:amoxicillin 500 MG Oral Tablet(78.8)
https://www.goodrx.com/endometrin,endometrin 100mg (21 inserts),100mg,725098,progesterone 100 MG Vaginal Insert [Endometrin],68.2,0.0,100.0,100,False,
https://www.goodrx.com/amoxil,amoxicillin 500mg (21 tablets),875mg,824194,amoxicillin 875 MG / clavulanate 125 MG Oral Tablet [Augmentin],70.9,50.0,100.0,100,False,
https://www.goodrx.com/amoxil,amoxicillin 500mg (21 tablets),500mg,824190,amoxicillin 500 MG / clavulanate 125 MG Oral Tablet [Augmentin],70.9,50.0,100.0,100,False,
https://www.goodrx.com/baycadron,dexamethasone 0.5mg/5ml (237 ml),0.5mg/5ml,105392,dexamethasone 0.5 MG Oral Tablet [Decadron],65.9,66.7,50.0,100,False,
https://www.goodrx.com/children-s-mapap,children's acetaminophen 80mg (24 chewable tablets),80mg,209501,acetaminophen 80 MG Chewable Tablet [Tempra Quicklets],68.5,50.0,100.0,100,True,209531:acetaminophen 80 MG Rectal Suppository [Feverall](65.5)
https://www.goodrx.com/cetirizine-pseudoephedrine,cetirizine/pseudoephedrine 12 hour (24 tablets),12 hour,,,0.0,0.0,0.0,0,True,NO MATCH FOUND
https://www.goodrx.com/coartem,coartem 20mg/120mg (24 tablets),20mg/120mg,847734,artemether 20 MG / lumefantrine 120 MG Oral Tablet [Coartem],92.8,66.7,100.0,100,False,
https://www.goodrx.com/dimenhydrinate,dimenhydrinate 50mg (24 tablets),50mg,198603,dimenhydrinate 50 MG Oral Tablet,78.8,50.0,100.0,100,True,309914:dimenhydrinate 50 MG/ML Injectable Solution(78.8); 309913:dimenhydrinate 50 MG Chewable Tablet(78.8)
https://www.goodrx.com/dramamine,dimenhydrinate 50mg (24 tablets),50mg,211482,dimenhydrinate 50 MG Oral Tablet [Driminate],78.6,50.0,100.0,100,False,
https://www.goodrx.com/priftin,priftin 150mg (24 tablets),150mg,261101,rifapentine 150 MG Oral Tablet [Priftin],86.6,50.0,100.0,100,False,
https://www.goodrx.com/phenergan-with-codeine,promethazine/codeine 6.25mg/10mg/5ml (240 ml),6.25mg/10mg/5ml,996708,codeine phosphate 20 MG / guaifenesin 400 MG / phenylephrine hydrochloride 10 MG Oral Tablet [Maxiphen CDX],59.8,60.0,40.0,100,True,995985:codeine phosphate 2 MG/ML / guaifenesin 20 MG/ML /(57.4); 1242558:chlorcyclizine hydrochloride 2.5 MG/ML / codeine p(56.9); 1356806:brompheniramine maleate 4 MG / codeine phosphate 2(55.3)
https://www.goodrx.com/nitroglycerin,nitroglycerin 0.4mg (25 sublingual tablets),0.4mg,,,0.0,0.0,0.0,0,True,NO MATCH FOUND
https://www.goodrx.com/nitroglycerin,nitroglycerin 0.4mg (25 sublingual tablets),0.3mg,,,0.0,0.0,0.0,0,True,NO MATCH FOUND
https://www.goodrx.com/nitroglycerin,nitroglycerin 0.4mg (25 sublingual tablets),0.6mg,,,0.0,0.0,0.0,0,True,NO MATCH FOUND
https://www.goodrx.com/acetylcysteine,acetylcysteine 4ml of 20% nebulizer solution (25 vials),10ml of 10% nebulizer solution,,,0.0,0.0,0.0,0,True,NO MATCH FOUND
https://www.goodrx.com/acetylcysteine,acetylcysteine 4ml of 20% nebulizer solution (25 vials),30ml of 20% nebulizer solution,,,0.0,0.0,0.0,0,True,NO MATCH FOUND
https://www.goodrx.com/acetylcysteine,acetylcysteine 4ml of 20% nebulizer solution (25 vials),30ml of 10% nebulizer solution,,,0.0,0.0,0.0,0,True,NO MATCH FOUND
https://www.goodrx.com/acetylcysteine,acetylcysteine 4ml of 20% nebulizer solution (25 vials),4ml of 20% nebulizer solution,,,0.0,0.0,0.0,0,True,NO MATCH FOUND
https://www.goodrx.com/acetylcysteine,acetylcysteine 4ml of 20% nebulizer solution (25 vials),4ml of 10% nebulizer solution,,,0.0,0.0,0.0,0,True,NO MATCH FOUND
https://www.goodrx.com/atrovent,ipratropium 2.5ml of 0.02% (25 vials),2.5ml of 0.02%,836358,ipratropium bromide 0.2 MG/ML Inhalation Solution,50.8,66.7,50.0,100,False,
https://www.goodrx.com/pretomanid,pretomanid 200mg (26 tablets),200mg,2198370,pretomanid 200 MG Oral Tablet,75.0,100.0,100.0,100,False,
https://www.goodrx.com/balsalazide,balsalazide 750mg (270 capsules),750mg,885857,balsalazide disodium 750 MG Oral Capsule,78.8,50.0,100.0,100,False,
https://www.goodrx.com/propafenone,propafenone 150mg (270 tablets),150mg,861424,propafenone hydrochloride 150 MG Oral Tablet,78.8,50.0,100.0,100,False,
https://www.goodrx.com/propafenone,propafenone 150mg (270 tablets),225mg,861427,propafenone hydrochloride 225 MG Oral Tablet,78.8,50.0,100.0,100,False,
https://www.goodrx.com/propafenone,propafenone 150mg (270 tablets),300mg,861430,propafenone hydrochloride 300 MG Oral Tablet,78.8,50.0,100.0,100,False,
https://www.goodrx.com/penbritin,ampicillin 500mg (28 capsules),500mg,1659595,ampicillin 1000 MG / sulbactam 500 MG Injection [Unasyn],66.9,50.0,100.0,100,False,
https://www.goodrx.com/omnipen,ampicillin 500mg (28 capsules),500mg,1659595,ampicillin 1000 MG / sulbactam 500 MG Injection [Unasyn],66.9,50.0,100.0,100,False,
https://www.goodrx.com/polycillin,ampicillin 500mg (28 capsules),250mg,1721473,ampicillin 250 MG Injection,57.5,50.0,100.0,100,True,313800:ampicillin 250 MG Oral Capsule(57.5)
https://www.goodrx.com/principen,ampicillin 500mg (28 capsules),250mg,1721473,ampicillin 250 MG Injection,57.5,50.0,100.0,100,True,313800:ampicillin 250 MG Oral Capsule(57.5)
https://www.goodrx.com/amcill,ampicillin 500mg (28 capsules),250mg,1721473,ampicillin 250 MG Injection,57.5,50.0,100.0,100,True,313800:ampicillin 250 MG Oral Capsule(57.5)
https://www.goodrx.com/polycillin,ampicillin 500mg (28 capsules),500mg,1659595,ampicillin 1000 MG / sulbactam 500 MG Injection [Unasyn],66.9,50.0,100.0,100,False,
https://www.goodrx.com/ampicillin,ampicillin 500mg (28 capsules),250mg,,,0.0,0.0,0.0,0,True,NO MATCH FOUND
https://www.goodrx.com/principen,ampicillin 500mg (28 capsules),500mg,1659595,ampicillin 1000 MG / sulbactam 500 MG Injection [Unasyn],66.9,50.0,100.0,100,False,
https://www.goodrx.com/ampicillin,ampicillin 500mg (28 capsules),500mg,,,0.0,0.0,0.0,0,True,NO MATCH FOUND
https://www.goodrx.com/omnipen,ampicillin 500mg (28 capsules),250mg,1721473,ampicillin 250 MG Injection,57.5,50.0,100.0,100,True,313800:ampicillin 250 MG Oral Capsule(57.5)
https://www.goodrx.com/cephalexin,cephalexin 500mg (28 capsules),,,,0.0,0.0,0.0,0,True,NO MATCH FOUND
https://www.goodrx.com/orladeyo,orladeyo 28 capsules of 150mg (28 cartons),28 capsules of 110mg,2467575,berotralstat 110 MG Oral Capsule [Orladeyo],86.6,50.0,100.0,100,False,
https://www.goodrx.com/orladeyo,orladeyo 28 capsules of 150mg (28 cartons),28 capsules of 150mg,2467571,berotralstat 150 MG Oral Capsule [Orladeyo],86.6,50.0,100.0,100,False,
https://www.goodrx.com/nicoderm-cq,nicoderm cq 14mg (28 patches),21mg,,,0.0,0.0,0.0,0,True,NO MATCH FOUND
https://www.goodrx.com/nicoderm-cq,nicoderm cq 14mg (28 patches),7mg,,,0.0,0.0,0.0,0,True,NO MATCH FOUND
https://www.goodrx.com/nicoderm-cq,nicoderm cq 14mg (28 patches),14mg,,,0.0,0.0,0.0,0,True,NO MATCH FOUND
https://www.goodrx.com/nicotine,nicotine 21mg (28 patches),7mg,314119,nicotine 2 MG Chewing Gum,42.0,50.0,0.0,100,True,359817:nicotine 2 MG Oral Lozenge(42.0); 359818:nicotine 4 MG Oral Lozenge(42.0); 311975:nicotine 4 MG Chewing Gum(42.0)
https://www.goodrx.com/nicotine,nicotine 21mg (28 patches),21mg,314119,nicotine 2 MG Chewing Gum,42.0,50.0,0.0,100,True,359817:nicotine 2 MG Oral Lozenge(42.0); 359818:nicotine 4 MG Oral Lozenge(42.0); 311975:nicotine 4 MG Chewing Gum(42.0)
https://www.goodrx.com/nicotine,nicotine 21mg (28 patches),14mg,314119,nicotine 2 MG Chewing Gum,42.0,50.0,0.0,100,True,359817:nicotine 2 MG Oral Lozenge(42.0); 359818:nicotine 4 MG Oral Lozenge(42.0); 311975:nicotine 4 MG Chewing Gum(42.0)
https://www.goodrx.com/biaxin,clarithromycin 500mg (28 tablets),250mg,197516,clarithromycin 250 MG Oral Tablet,57.5,50.0,100.0,100,False,
https://www.goodrx.com/biaxin,clarithromycin 500mg (28 tablets),500mg,197517,clarithromycin 500 MG Oral Tablet,57.5,50.0,100.0,100,False,
https://www.goodrx.com/penicillin-v-potassium,penicillin v potassium 500mg (28 tablets),500mg,834102,penicillin V potassium 500 MG Oral Tablet,87.5,66.7,100.0,100,False,
https://www.goodrx.com/penicillin-v-potassium,penicillin v potassium 500mg (28 tablets),250mg,834061,penicillin V potassium 250 MG Oral Tablet,87.5,66.7,100.0,100,False,
https://www.goodrx.com/prevymis,prevymis 480mg (28 tablets),480mg,1988675,letermovir 480 MG Oral Tablet [Prevymis],68.2,0.0,100.0,100,False,
https://www.goodrx.com/prevymis,prevymis 480mg (28 tablets),240mg,1988671,letermovir 240 MG Oral Tablet [Prevymis],68.2,0.0,100.0,100,False,
https://www.goodrx.com/primaquine,primaquine 26.3mg (28 tablets),26.3mg,904170,primaquine phosphate 26.3 MG Oral Tablet,75.0,100.0,100.0,100,False,
https://www.goodrx.com/azactam,aztreonam 1g (28 vials),2g,1664988,aztreonam 2000 MG Injection [Azactam],76.8,50.0,100.0,100,False,
https://www.goodrx.com/aztreonam,aztreonam 1g (28 vials),1g,1664981,aztreonam 1000 MG Injection,78.8,50.0,100.0,100,False,
https://www.goodrx.com/azactam,aztreonam 1g (28 vials),1g,1664984,aztreonam 1000 MG Injection [Azactam],76.8,50.0,100.0,100,False,
https://www.goodrx.com/active-fe,active fe 30 tablets of 75mg/1.25mg (3 bottles),30 tablets of 75mg/1.25mg,,,0.0,0.0,0.0,0,True,NO MATCH FOUND
https://www.goodrx.com/adefovir,adefovir 30 tablets of 10mg (3 bottles),30 tablets of 10mg,881341,adefovir dipivoxil 10 MG Oral Tablet,78.8,50.0,100.0,100,False,
https://www.goodrx.com/aggrenox,aspirin/dipyridamole er 60 capsules of 25mg/200mg (3 bottles),,,,0.0,0.0,0.0,0,True,NO MATCH FOUND
https://www.goodrx.com/aspirin-dipyridamole-er,aspirin/dipyridamole er 60 capsules of 25mg/200mg (3 bottles),60 capsules of 25mg/200mg,259081,12 HR aspirin 25 MG / dipyridamole 200 MG Extended Release Oral Capsule,78.8,50.0,100.0,100,False,
https://www.goodrx.com/alora,alora 8 patches of 0.05mg/day (3 cartons),8 patches of 0.075mg/day,486155,84 HR estradiol 0.00104 MG/HR Transdermal System [Alora],42.0,0.0,0.0,100,True,310180:84 HR estradiol 0.00417 MG/HR Transdermal System [(42.0); 1149645:84 HR estradiol 0.00313 MG/HR Transdermal System [(42.0)
https://www.goodrx.com/alora,alora 8 patches of 0.05mg/day (3 cartons),8 patches of 0.1mg/day,486155,84 HR estradiol 0.00104 MG/HR Transdermal System [Alora],42.0,0.0,0.0,100,True,310180:84 HR estradiol 0.00417 MG/HR Transdermal System [(42.0); 1149645:84 HR estradiol 0.00313 MG/HR Transdermal System [(42.0)
https://www.goodrx.com/alora,alora 8 patches of 0.05mg/day (3 cartons),8 patches of 0.05mg/day,486155,84 HR estradiol 0.00104 MG/HR Transdermal System [Alora],42.0,0.0,0.0,100,True,310180:84 HR estradiol 0.00417 MG/HR Transdermal System [(42.0); 1149645:84 HR estradiol 0.00313 MG/HR Transdermal System [(42.0)
https://www.goodrx.com/alora,alora 8 patches of 0.05mg/day (3 cartons),8 patches of 0.025mg/day,486155,84 HR estradiol 0.00104 MG/HR Transdermal System [Alora],42.0,0.0,0.0,100,True,310180:84 HR estradiol 0.00417 MG/HR Transdermal System [(42.0); 1149645:84 HR estradiol 0.00313 MG/HR Transdermal System [(42.0)
https://www.goodrx.com/atelvia,risedronate dr 4 tablets of 35mg (3 dose packs),4 tablets of 35mg,1020064,risedronate sodium 35 MG Delayed Release Oral Tablet,57.5,50.0,100.0,100,False,
https://www.goodrx.com/alyacen-7-7-7,alyacen 7/7/7 28 tablets (3 packages),28 tablets,,,0.0,0.0,0.0,0,True,NO MATCH FOUND
https://www.goodrx.com/aranelle,aranelle 28 tablets (3 packages),28 tablets,,,0.0,0.0,0.0,0,True,NO MATCH FOUND
https://www.goodrx.com/aubra-eq,aubra eq 28 tablets of 0.1mg/0.02 mg (3 packages),28 tablets of 0.1mg/0.02 mg,,,0.0,0.0,0.0,0,True,NO MATCH FOUND
https://www.goodrx.com/blisovi-fe-1-20,blisovi fe 1/20 28 tablets (3 packages),28 tablets,,,0.0,0.0,0.0,0,True,NO MATCH FOUND
https://www.goodrx.com/aurovela-fe-1-20,blisovi fe 1/20 28 tablets (3 packages),28 tablets,,,0.0,0.0,0.0,0,True,NO MATCH FOUND
https://www.goodrx.com/affodel,camila 28 tablets of 0.35mg (3 packages),28 tablets of 0.35mg,,,0.0,0.0,0.0,0,True,NO MATCH FOUND
https://www.goodrx.com/charlotte-24-fe,charlotte 24 fe 28 chewable tablets of 1mg/20mcg (3 packages),28 chewable tablets of 1mg/20mcg,,,0.0,0.0,0.0,0,True,NO MATCH FOUND
https://www.goodrx.com/complete-natal-dha,complete natal dha 30 days of 29mg/1mg/250mg (3 packages),30 days of 29mg/1mg/250mg,,,0.0,0.0,0.0,0,True,NO MATCH FOUND
https://www.goodrx.com/cyred-eq,cyred eq 28 tablets of 0.15mg/0.03mg (3 packages),28 tablets of 0.15mg/0.03mg,,,0.0,0.0,0.0,0,True,NO MATCH FOUND
https://www.goodrx.com/bekyree,desogestrel/ethinyl estradiol/ethinyl estradiol 28 tablets of 0.15mg/0.02mg/0.01mg (3 packages),28 tablets of 0.15mg/0.02mg/0.01mg,577029,estradiol 1.8 MG Oral Tablet,42.0,50.0,0.0,100,True,577027:estradiol 0.45 MG Oral Tablet(42.0); 197657:estradiol 0.5 MG Oral Tablet(42.0); 197658:estradiol 1 MG Oral Tablet(42.0)
https://www.goodrx.com/azurette,desogestrel/ethinyl estradiol/ethinyl estradiol 28 tablets of 0.15mg/0.02mg/0.01mg (3 packages),28 tablets of 0.15mg/0.02mg/0.01mg,577029,estradiol 1.8 MG Oral Tablet,42.0,50.0,0.0,100,True,577027:estradiol 0.45 MG Oral Tablet(42.0); 197657:estradiol 0.5 MG Oral Tablet(42.0); 197658:estradiol 1 MG Oral Tablet(42.0)
https://www.goodrx.com/desogestrel-ethinyl-estradiol-ethinyl-estradiol,desogestrel/ethinyl estradiol/ethinyl estradiol 28 tablets of 0.15mg/0.02mg/0.01mg (3 packages),28 tablets of 0.15mg/0.03mg,240707,desogestrel 0.15 MG / ethinyl estradiol 0.03 MG Oral Tablet,78.8,50.0,100.0,100,False,
https://www.goodrx.com/pimtrea,desogestrel/ethinyl estradiol/ethinyl estradiol 28 tablets of 0.15mg/0.02mg/0.01mg (3 packages),28 tablets of 0.15mg/0.02mg/0.01mg,577029,estradiol 1.8 MG Oral Tablet,42.0,50.0,0.0,100,True,577027:estradiol 0.45 MG Oral Tablet(42.0); 197657:estradiol 0.5 MG Oral Tablet(42.0); 197658:estradiol 1 MG Oral Tablet(42.0)
https://www.goodrx.com/estradiol-norethindrone,estradiol/norethindrone 28 tablets of 1mg/0.5mg (3 packages),28 tablets of 1mg/0.5mg,1359126,estradiol 1 MG / norethindrone acetate 0.5 MG Oral Tablet,78.8,50.0,100.0,100,True,2556799:estradiol 1 MG / norethindrone acetate 0.5 MG / re(78.8)
https://www.goodrx.com/estradiol-norethindrone,estradiol/norethindrone 28 tablets of 1mg/0.5mg (3 packages),28 tablets of 0.5mg/0.1mg,1359123,estradiol 0.5 MG / norethindrone acetate 0.1 MG Oral Tablet,78.8,50.0,100.0,100,False,
https://www.goodrx.com/activella,estradiol/norethindrone 28 tablets of 1mg/0.5mg (3 packages),28 tablets of 1mg/0.5mg,,,0.0,0.0,0.0,0,True,NO MATCH FOUND
https://www.goodrx.com/activella,estradiol/norethindrone 28 tablets of 1mg/0.5mg (3 packages),28 tablets of 0.5mg/0.1mg,,,0.0,0.0,0.0,0,True,NO MATCH FOUND
https://www.goodrx.com/etyqa,estradiol/norethindrone 28 tablets of 1mg/0.5mg (3 packages),28 tablets of 1mg/0.5mg,,,0.0,0.0,0.0,0,True,NO MATCH FOUND
https://www.goodrx.com/amabelz,estradiol/norethindrone 28 tablets of 1mg/0.5mg (3 packages),28 tablets of 0.5mg/0.1mg,,,0.0,0.0,0.0,0,True,NO MATCH FOUND
https://www.goodrx.com/amabelz,estradiol/norethindrone 28 tablets of 1mg/0.5mg (3 packages),28 tablets of 1mg/0.5mg,,,0.0,0.0,0.0,0,True,NO MATCH FOUND
https://www.goodrx.com/enpresse,ethinyl estradiol/levonorgestrel 28 tablets of 0.1mg/0.02mg (3 packages),28 tablets of 0.02mg/0.09mg,722152,ethinyl estradiol 0.02 MG / levonorgestrel 0.09 MG Oral Tablet,78.8,50.0,100.0,100,False,
https://www.goodrx.com/enpresse,ethinyl estradiol/levonorgestrel 28 tablets of 0.1mg/0.02mg (3 packages),28 tablets of 0.1mg/0.02mg,242297,ethinyl estradiol 0.02 MG / levonorgestrel 0.1 MG Oral Tablet,78.8,50.0,100.0,100,True,2539224:ethinyl estradiol 0.02 MG / levonorgestrel 0.1 MG (78.8)
https://www.goodrx.com/enpresse,ethinyl estradiol/levonorgestrel 28 tablets of 0.1mg/0.02mg (3 packages),28 tablets of 0.05mg/0.03mg; 0.075mg/0.04mg,348805,ethinyl estradiol 0.04 MG / levonorgestrel 0.075 MG Oral Tablet,60.4,50.0,50.0,100,True,310230:ethinyl estradiol 0.03 MG / levonorgestrel 0.05 MG(60.4)
https://www.goodrx.com/ethinyl-estradiol-levonorgestrel,ethinyl estradiol/levonorgestrel 28 tablets of 0.1mg/0.02mg (3 packages),28 tablets of 0.05mg/0.03mg; 0.075mg/0.04mg,348805,ethinyl estradiol 0.04 MG / levonorgestrel 0.075 MG Oral Tablet,53.8,75.0,50.0,100,True,310230:ethinyl estradiol 0.03 MG / levonorgestrel 0.05 MG(53.8)
https://www.goodrx.com/enpresse,ethinyl estradiol/levonorgestrel 28 tablets of 0.1mg/0.02mg (3 packages),28 tablets of 0.15mg/0.03mg,238019,ethinyl estradiol 0.03 MG / levonorgestrel 0.15 MG Oral Tablet,78.8,50.0,100.0,100,False,
https://www.goodrx.com/ethinyl-estradiol-levonorgestrel,ethinyl estradiol/levonorgestrel 28 tablets of 0.1mg/0.02mg (3 packages),28 tablets of 0.15mg/0.03mg,238019,ethinyl estradiol 0.03 MG / levonorgestrel 0.15 MG Oral Tablet,66.2,75.0,100.0,100,False,
https://www.goodrx.com/ethinyl-estradiol-levonorgestrel,ethinyl estradiol/levonorgestrel 28 tablets of 0.1mg/0.02mg (3 packages),28 tablets of 0.1mg/0.02mg,242297,ethinyl estradiol 0.02 MG / levonorgestrel 0.1 MG Oral Tablet,66.2,75.0,100.0,100,True,2539224:ethinyl estradiol 0.02 MG / levonorgestrel 0.1 MG (66.2)
https://www.goodrx.com/errin,jencycla 28 tablets of 0.35mg (3 packages),28 tablets of 0.35mg,,,0.0,0.0,0.0,0,True,NO MATCH FOUND
https://www.goodrx.com/aurovela-fe-1.5-30,junel fe 1.5/30 28 tablets (3 packages),28 tablets,,,0.0,0.0,0.0,0,True,NO MATCH FOUND
https://www.goodrx.com/blisovi-fe-1.5-30,junel fe 1.5/30 28 tablets (3 packages),28 tablets,,,0.0,0.0,0.0,0,True,NO MATCH FOUND
https://www.goodrx.com/demulen,kelnor 28 tablets of 1mg/35mcg (3 packages),28 tablets of 1mg/35mcg,,,0.0,0.0,0.0,0,True,NO MATCH FOUND
https://www.goodrx.com/altavera,levora 28 tablets of 0.15mg/0.03mg (3 packages),28 tablets of 0.15mg/0.03mg,,,0.0,0.0,0.0,0,True,NO MATCH FOUND
https://www.goodrx.com/nordette,levora 28 tablets of 0.15mg/0.03mg (3 packages),7.5mg/750mg,,,0.0,0.0,0.0,0,True,NO MATCH FOUND
https://www.goodrx.com/chateal,levora 28 tablets of 0.15mg/0.03mg (3 packages),28 tablets of 0.15mg/0.03mg,,,0.0,0.0,0.0,0,True,NO MATCH FOUND
https://www.goodrx.com/portia,levora 28 tablets of 0.15mg/0.03mg (3 packages),28 tablets of 0.15mg/0.03mg,,,0.0,0.0,0.0,0,True,NO MATCH FOUND
https://www.goodrx.com/nikki,loryna 28 tablets of 3mg/0.02mg (3 packages),28 tablets of 3mg/0.02mg,,,0.0,0.0,0.0,0,True,NO MATCH FOUND
https://www.goodrx.com/cyonanz,necon 0.5/35 28 tablets (3 packages),28 tablets,,,0.0,0.0,0.0,0,True,NO MATCH FOUND
https://www.goodrx.com/nor-qd,nora-be 28 tablets of 0.35mg (3 packages),20mg,,,0.0,0.0,0.0,0,True,NO MATCH FOUND
https://www.goodrx.com/camila,nora-be 28 tablets of 0.35mg (3 packages),28 tablets of 0.35mg,,,0.0,0.0,0.0,0,True,NO MATCH FOUND
https://www.goodrx.com/deblitane,nora-be 28 tablets of 0.35mg (3 packages),50%/30%,,,0.0,0.0,0.0,0,True,NO MATCH FOUND
https://www.goodrx.com/norlyda,nora-be 28 tablets of 0.35mg (3 packages),28 tablets of 0.35mg,,,0.0,0.0,0.0,0,True,NO MATCH FOUND
https://www.goodrx.com/norethindrone,norethindrone 28 tablets of 0.35mg (3 packages),28 tablets of 0.35mg,198042,norethindrone 0.35 MG Oral Tablet,75.0,100.0,100.0,100,False,
https://www.goodrx.com/pirmella-1-35,nortrel 1/35 28 tablets (3 packages),28 tablets,,,0.0,0.0,0.0,0,True,NO MATCH FOUND
https://www.goodrx.com/dasetta-1-35,nortrel 1/35 28 tablets (3 packages),28 tablets,,,0.0,0.0,0.0,0,True,NO MATCH FOUND
https://www.goodrx.com/nylia-1-35,nortrel 1/35 28 tablets (3 packages),28 tablets,,,0.0,0.0,0.0,0,True,NO MATCH FOUND
https://www.goodrx.com/ortho-novum-1-35,nortrel 1/35 28 tablets (3 packages),28 tablets,,,0.0,0.0,0.0,0,True,NO MATCH FOUND
https://www.goodrx.com/prefest,prefest 30 tablets (3 packages),30 tablets,,,0.0,0.0,0.0,0,True,NO MATCH FOUND
https://www.goodrx.com/desogestrel-ethinyl-estradiol,reclipsen 28 tablets of 0.15mg/0.03mg (3 packages),28 tablets of 0.15mg/0.03mg,240707,desogestrel 0.15 MG / ethinyl estradiol 0.03 MG Oral Tablet,78.8,50.0,100.0,100,False,
https://www.goodrx.com/ortho-cept,reclipsen 28 tablets of 0.15mg/0.03mg (3 packages),28 tablets of 0.15mg/0.03mg,,,0.0,0.0,0.0,0,True,NO MATCH FOUND
https://www.goodrx.com/desogen,reclipsen 28 tablets of 0.15mg/0.03mg (3 packages),0.2mg,,,0.0,0.0,0.0,0,True,NO MATCH FOUND
https://www.goodrx.com/enskyce,reclipsen 28 tablets of 0.15mg/0.03mg (3 packages),28 tablets of 0.15mg/0.03mg,,,0.0,0.0,0.0,0,True,NO MATCH FOUND
https://www.goodrx.com/apri,reclipsen 28 tablets of 0.15mg/0.03mg (3 packages),28 tablets of 0.15mg/0.03mg,,,0.0,0.0,0.0,0,True,NO MATCH FOUND
https://www.goodrx.com/ocella,syeda 28 tablets of 3mg/0.03mg (3 packages),28 tablets of 3mg/0.03mg,,,0.0,0.0,0.0,0,True,NO MATCH FOUND
https://www.goodrx.com/afirmelle,vienva 28 tablets of 0.1mg/0.02mg (3 packages),28 tablets of 0.1mg/0.02mg,,,0.0,0.0,0.0,0,True,NO MATCH FOUND
https://www.goodrx.com/aubra,vienva 28 tablets of 0.1mg/0.02mg (3 packages),28 tablets of 0.1mg/0.02mg,,,0.0,0.0,0.0,0,True,NO MATCH FOUND
https://www.goodrx.com/aviane,vienva 28 tablets of 0.1mg/0.02mg (3 packages),28 tablets of 0.1mg/0.02mg,,,0.0,0.0,0.0,0,True,NO MATCH FOUND
https://www.goodrx.com/delyla,vienva 28 tablets of 0.1mg/0.02mg (3 packages),28 tablets of 0.1mg/0.02mg,,,0.0,0.0,0.0,0,True,NO MATCH FOUND
https://www.goodrx.com/orsythia,vienva 28 tablets of 0.1mg/0.02mg (3 packages),28 tablets of 0.1mg/0.02mg,,,0.0,0.0,0.0,0,True,NO MATCH FOUND
https://www.goodrx.com/orthovisc,orthovisc 2ml of 15mg/ml (3 syringes),2ml of 15mg/ml,,,0.0,0.0,0.0,0,True,NO MATCH FOUND
https://www.goodrx.com/betamethasone-dipropionate-augmented,betamethasone dipropionate augmented 15g of 0.05% (3 tubes),50g of 0.05%,,,0.0,0.0,0.0,0,True,NO MATCH FOUND
https://www.goodrx.com/betamethasone-dipropionate-augmented,betamethasone dipropionate augmented 15g of 0.05% (3 tubes),15g of 0.05%,,,0.0,0.0,0.0,0,True,NO MATCH FOUND
https://www.goodrx.com/dalvance,dalvance 500mg (3 vials),500mg,1539248,dalbavancin 500 MG Injection [Dalvance],86.6,50.0,100.0,100,False,
https://www.goodrx.com/pulmicort,budesonide 0.5mg/2ml (30 ampules),0.5mg/2ml,1596778,14 ACTUAT budesonide 2 MG/ACTUAT Rectal Foam [Uceris],63.2,66.7,50.0,100,True,616819:budesonide 0.5 MG/ML Inhalation Suspension [Pulmic(58.9)
https://www.goodrx.com/pulmicort,budesonide 0.5mg/2ml (30 ampules),1mg/2ml,1596778,14 ACTUAT budesonide 2 MG/ACTUAT Rectal Foam [Uceris],63.2,66.7,50.0,100,False,
https://www.goodrx.com/pulmicort,budesonide 0.5mg/2ml (30 ampules),0.25mg/2ml,1596778,14 ACTUAT budesonide 2 MG/ACTUAT Rectal Foam [Uceris],63.2,66.7,50.0,100,True,616817:budesonide 0.25 MG/ML Inhalation Suspension [Pulmi(58.9)
https://www.goodrx.com/acetaminophen-caffeine-dihydrocodeine,acetaminophen/caffeine/dihydrocodeine 320.5mg/30mg/16mg (30 capsules),320.5mg/30mg/16mg,1596108,acetaminophen 320.5 MG / caffeine 30 MG / dihydrocodeine bitartrate 16 MG Oral Capsule,87.5,66.7,100.0,100,True,1812164:acetaminophen 325 MG / caffeine 30 MG / dihydrocod(87.5)
https://www.goodrx.com/nyquil,acetaminophen/dextromethorphan/doxylamine 325mg/15mg/6.25mg (30 capsules),325mg/15mg/6.25mg,1089822,acetaminophen 325 MG / dextromethorphan hydrobromide 15 MG / doxylamine succinate 6.25 MG / pseudoephedrine hydrochloride 30 MG Oral Capsule,63.3,66.7,100.0,100,True,1094549:acetaminophen 325 MG / dextromethorphan hydrobromi(63.3)
https://www.goodrx.com/acetaminophen-dextromethorphan-doxylamine,acetaminophen/dextromethorphan/doxylamine 325mg/15mg/6.25mg (30 capsules),325mg/15mg/6.25mg,1089822,acetaminophen 325 MG / dextromethorphan hydrobromide 15 MG / doxylamine succinate 6.25 MG / pseudoephedrine hydrochloride 30 MG Oral Capsule,87.5,66.7,100.0,100,True,1094549:acetaminophen 325 MG / dextromethorphan hydrobromi(87.5)
https://www.goodrx.com/acetaminophen-dextromethorphan-phenylephrine,acetaminophen/dextromethorphan/phenylephrine 325mg/10mg/5mg (30 capsules),325mg/10mg/5mg,1098435,acetaminophen 325 MG / dextromethorphan hydrobromide 10 MG / guaifenesin 100 MG / phenylephrine hydrochloride 5 MG Oral Tablet,68.0,80.0,100.0,100,True,2549037:acetaminophen 325 MG / dextromethorphan hydrobromi(68.0); 2557336:acetaminophen 325 MG / chlorpheniramine maleate 2 (68.0); 1656815:acetaminophen 325 MG / dextromethorphan hydrobromi(68.0)
https://www.goodrx.com/acitretin,acitretin 25mg (30 capsules),17.5mg,894859,acitretin 17.5 MG Oral Capsule,78.8,50.0,100.0,100,False,
https://www.goodrx.com/acitretin,acitretin 25mg (30 capsules),10mg,199689,acitretin 10 MG Oral Capsule,78.8,50.0,100.0,100,False,
https://www.goodrx.com/acitretin,acitretin 25mg (30 capsules),25mg,199690,acitretin 25 MG Oral Capsule,78.8,50.0,100.0,100,True,894863:acitretin 22.5 MG Oral Capsule(78.8)
https://www.goodrx.com/alkindi-sprinkle,alkindi sprinkle 1mg (30 capsules),1mg,2399654,hydrocortisone 1 MG Oral Granules [Alkindi],68.2,0.0,100.0,100,False,
https://www.goodrx.com/alkindi-sprinkle,alkindi sprinkle 1mg (30 capsules),2mg,2399658,hydrocortisone 2 MG Oral Granules [Alkindi],68.2,0.0,100.0,100,False,
https://www.goodrx.com/alkindi-sprinkle,alkindi sprinkle 1mg (30 capsules),0.5mg,2399650,hydrocortisone 0.5 MG Oral Granules [Alkindi],68.2,0.0,100.0,100,False,
https://www.goodrx.com/alkindi-sprinkle,alkindi sprinkle 1mg (30 capsules),5mg,2399661,hydrocortisone 5 MG Oral Granules [Alkindi],68.2,0.0,100.0,100,False,
https://www.goodrx.com/amlodipine-benazepril,amlodipine/benazepril 10mg/40mg (30 capsules),10mg/20mg,898342,amlodipine 10 MG / benazepril hydrochloride 20 MG Oral Capsule,78.8,50.0,100.0,100,False,
https://www.goodrx.com/animi-3,animi-3 1mg/500mcg (30 capsules),1mg/500mcg,1193046,cholecalciferol 1000 UNT / folic acid 1 MG / omega-3 acid ethyl esters (USP) 500 MG / phytosterols 200 MG / pyridoxine hydrochloride 12.5 MG / vitamin B12 0.5 MG Oral Capsule [Animi-3 with Vitamin D],51.1,0.0,100.0,100,False,
https://www.goodrx.com/atomoxetine,atomoxetine 40mg (30 capsules),40mg,349594,atomoxetine 40 MG Oral Capsule,78.8,50.0,100.0,100,False,
https://www.goodrx.com/atomoxetine,atomoxetine 40mg (30 capsules),80mg,608143,atomoxetine 80 MG Oral Capsule,78.8,50.0,100.0,100,False,
https://www.goodrx.com/atomoxetine,atomoxetine 40mg (30 capsules),10mg,349591,atomoxetine 10 MG Oral Capsule,78.8,50.0,100.0,100,False,
https://www.goodrx.com/atomoxetine,atomoxetine 40mg (30 capsules),25mg,349593,atomoxetine 25 MG Oral Capsule,78.8,50.0,100.0,100,False,
https://www.goodrx.com/atomoxetine,atomoxetine 40mg (30 capsules),100mg,608139,atomoxetine 100 MG Oral Capsule,78.8,50.0,100.0,100,False,
https://www.goodrx.com/atomoxetine,atomoxetine 40mg (30 capsules),18mg,349592,atomoxetine 18 MG Oral Capsule,78.8,50.0,100.0,100,False,
https://www.goodrx.com/atomoxetine,atomoxetine 40mg (30 capsules),60mg,349595,atomoxetine 60 MG Oral Capsule,78.8,50.0,100.0,100,False,
https://www.goodrx.com/azstarys,azstarys 39.2mg/7.8mg (30 capsules),52.3mg/10.4mg,2562199,dexmethylphenidate 10.4 MG / serdexmethylphenidate 52.3 MG Oral Capsule [Azstarys],86.6,50.0,100.0,100,False,
https://www.goodrx.com/azstarys,azstarys 39.2mg/7.8mg (30 capsules),26.1mg/5.2mg,2562186,dexmethylphenidate 5.2 MG / serdexmethylphenidate 26.1 MG Oral Capsule [Azstarys],86.6,50.0,100.0,100,False,
https://www.goodrx.com/azstarys,azstarys 39.2mg/7.8mg (30 capsules),39.2mg/7.8mg,2562204,dexmethylphenidate 7.8 MG / serdexmethylphenidate 39.2 MG Oral Capsule [Azstarys],86.6,50.0,100.0,100,False,
https://www.goodrx.com/benzonatate,benzonatate 200mg (30 capsules),200mg,283417,benzonatate 200 MG Oral Capsule,78.8,50.0,100.0,100,False,
https://www.goodrx.com/benzonatate,benzonatate 200mg (30 capsules),100mg,197397,benzonatate 100 MG Oral Capsule,78.8,50.0,100.0,100,False,
https://www.goodrx.com/phrenilin-forte,butalbital/acetaminophen/caffeine 50mg/300mg/40mg (30 capsules),50mg/300mg/40mg,1433802,acetaminophen 300 MG / butalbital 50 MG / caffeine 40 MG / codeine phosphate 30 MG Oral Capsule [Fioricet with Codeine],76.2,66.7,100.0,100,True,1487251:acetaminophen 325 MG / butalbital 50 MG / caffeine(74.4); 1432261:acetaminophen 300 MG / butalbital 50 MG / caffeine(72.9); 211194:acetaminophen 325 MG / butalbital 50 MG / caffeine(72.0)
https://www.goodrx.com/ascomp-with-codeine,butalbital/aspirin/caffeine/codeine 50mg/325mg/40mg/30mg (30 capsules),50mg/325mg/40mg/30mg,993943,acetaminophen 325 MG / butalbital 50 MG / caffeine 40 MG / codeine phosphate 30 MG Oral Capsule,91.9,75.0,100.0,100,True,1431286:acetaminophen 300 MG / butalbital 50 MG / caffeine(91.9); 994237:aspirin 325 MG / butalbital 50 MG / caffeine 40 MG(91.9)
https://www.goodrx.com/calcitriol,calcitriol 0.25mcg (30 capsules),0.5mcg,308868,calcitriol 0.0005 MG Oral Capsule,78.8,50.0,100.0,100,False,
https://www.goodrx.com/calcitriol,calcitriol 0.25mcg (30 capsules),0.25mcg,308867,calcitriol 0.00025 MG Oral Capsule,78.8,50.0,100.0,100,False,
https://www.goodrx.com/capacet,capacet 50mg/325mg/40mg (30 capsules),50mg/325mg/40mg,1100907,acetaminophen 325 MG / butalbital 50 MG / caffeine 40 MG Oral Capsule [Capacet],68.2,0.0,100.0,100,False,
https://www.goodrx.com/coreg-cr,carvedilol er 20mg (30 capsules),80mg,860534,24 HR carvedilol phosphate 80 MG Extended Release Oral Capsule [Coreg],69.1,50.0,100.0,100,False,
https://www.goodrx.com/coreg-cr,carvedilol er 20mg (30 capsules),20mg,860518,24 HR carvedilol phosphate 20 MG Extended Release Oral Capsule [Coreg],69.1,50.0,100.0,100,False,
https://www.goodrx.com/centratex,centratex 106mg/1mg (30 capsules),,,,0.0,0.0,0.0,0,True,NO MATCH FOUND
https://www.goodrx.com/claravis,claravis 40mg (30 capsules),,404065,isotretinoin 40 MG Oral Capsule [Claravis],68.2,0.0,100.0,100,False,
https://www.goodrx.com/anafranil,clomipramine 50mg (30 capsules),25mg,857299,clomipramine hydrochloride 25 MG Oral Capsule [Anafranil],67.9,50.0,100.0,100,False,
https://www.goodrx.com/clomipramine,clomipramine 50mg (30 capsules),25mg,857297,clomipramine hydrochloride 25 MG Oral Capsule,78.8,50.0,100.0,100,False,
https://www.goodrx.com/anafranil,clomipramine 50mg (30 capsules),50mg,857303,clomipramine hydrochloride 50 MG Oral Capsule [Anafranil],67.9,50.0,100.0,100,False,
https://www.goodrx.com/clomipramine,clomipramine 50mg (30 capsules),75mg,857305,clomipramine hydrochloride 75 MG Oral Capsule,78.8,50.0,100.0,100,False,
https://www.goodrx.com/clomipramine,clomipramine 50mg (30 capsules),50mg,857301,clomipramine hydrochloride 50 MG Oral Capsule,78.8,50.0,100.0,100,False,
https://www.goodrx.com/anafranil,clomipramine 50mg (30 capsules),75mg,857307,clomipramine hydrochloride 75 MG Oral Capsule [Anafranil],67.9,50.0,100.0,100,False,
https://www.goodrx.com/concept-dha,concept dha 35mg/1mg/200mg (30 capsules),35mg/1mg/200mg,1314672,ascorbic acid 210 MG / biotin 0.3 MG / calcium pantothenate 7 MG / copper sulfate 0.8 MG / ferrous fumarate 130 MG / folic acid 1 MG / magnesium sulfate 6.9 MG / manganese sulfate 1.3 MG / niacin 20 MG / polysaccharide iron complex 92.4 MG / pyridoxine hydrochloride 25 MG / riboflavin 5 MG / thiamine mononitrate 5 MG / vitamin B12 0.01 MG / zinc sulfate 18.2 MG Oral Capsule [Concept OB],53.1,0.0,60.0,100,False,
https://www.goodrx.com/concept-ob,concept ob 85mg/1mg (30 capsules),85mg/1mg,1314672,ascorbic acid 210 MG / biotin 0.3 MG / calcium pantothenate 7 MG / copper sulfate 0.8 MG / ferrous fumarate 130 MG / folic acid 1 MG / magnesium sulfate 6.9 MG / manganese sulfate 1.3 MG / niacin 20 MG / polysaccharide iron complex 92.4 MG / pyridoxine hydrochloride 25 MG / riboflavin 5 MG / thiamine mononitrate 5 MG / vitamin B12 0.01 MG / zinc sulfate 18.2 MG Oral Capsule [Concept OB],68.2,0.0,100.0,100,False,
https://www.goodrx.com/amrix,cyclobenzaprine er 15mg (30 capsules),30mg,828355,24 HR cyclobenzaprine hydrochloride 30 MG Extended Release Oral Capsule [Amrix],67.2,50.0,100.0,100,False,
https://www.goodrx.com/amrix,cyclobenzaprine er 15mg (30 capsules),15mg,828359,24 HR cyclobenzaprine hydrochloride 15 MG Extended Release Oral Capsule [Amrix],67.2,50.0,100.0,100,False,
https://www.goodrx.com/cyclophosphamide,cyclophosphamide 50mg (30 capsules),50mg,1437969,cyclophosphamide 50 MG Oral Capsule,78.8,50.0,100.0,100,True,197550:cyclophosphamide 50 MG Oral Tablet(78.8)
https://www.goodrx.com/cyclophosphamide,cyclophosphamide 50mg (30 capsules),25mg,1437968,cyclophosphamide 25 MG Oral Capsule,78.8,50.0,100.0,100,True,197549:cyclophosphamide 25 MG Oral Tablet(78.8)
https://www.goodrx.com/cycloserine,cycloserine 250mg (30 capsules),250mg,197551,cycloserine 250 MG Oral Capsule,78.8,50.0,100.0,100,False,
https://www.goodrx.com/cyclosporine-modified,cyclosporine modified 100mg (30 capsules),50mg,835925,"cyclosporine, modified 50 MG Oral Capsule",78.8,50.0,100.0,100,True,205175:5 ML cyclosporine 50 MG/ML Injection(78.8)
https://www.goodrx.com/cyclosporine-modified,cyclosporine modified 100mg (30 capsules),25mg,197553,cyclosporine 25 MG Oral Capsule,78.8,50.0,100.0,100,True,"835894:cyclosporine, modified 25 MG Oral Capsule(78.8)"
https://www.goodrx.com/neoral,cyclosporine modified 100mg (30 capsules),100mg,835899,"cyclosporine, modified 100 MG/ML Oral Solution [Neoral]",60.1,33.3,100.0,100,True,"835911:cyclosporine, modified 100 MG Oral Capsule [Neoral(60.1)"
https://www.goodrx.com/cyclosporine-modified,cyclosporine modified 100mg (30 capsules),100mg,309632,cyclosporine 100 MG/ML Oral Solution,78.8,50.0,100.0,100,True,"835886:cyclosporine, modified 100 MG/ML Oral Solution(78.8); 241834:cyclosporine, modified 100 MG Oral Capsule(78.8); 328160:cyclosporine 100 MG Oral Capsule(78.8)"
https://www.goodrx.com/neoral,cyclosporine modified 100mg (30 capsules),50mg,,,0.0,0.0,0.0,0,True,NO MATCH FOUND
https://www.goodrx.com/dextroamphetamine-er,dextroamphetamine er 15mg (30 capsules),5mg,861225,24 HR amphetamine aspartate 5 MG / amphetamine sulfate 5 MG / dextroamphetamine saccharate 5 MG / dextroamphetamine sulfate 5 MG Extended Release Oral Capsule,78.8,50.0,100.0,100,True,884535:dextroamphetamine sulfate 5 MG Extended Release Or(78.8)
https://www.goodrx.com/dextroamphetamine-er,dextroamphetamine er 15mg (30 capsules),15mg,884532,dextroamphetamine sulfate 15 MG Extended Release Oral Capsule,78.8,50.0,100.0,100,False,
https://www.goodrx.com/dextroamphetamine-er,dextroamphetamine er 15mg (30 capsules),10mg,1927637,3-Bead 24 HR amphetamine aspartate 9.375 MG / amphetamine sulfate 9.375 MG / dextroamphetamine saccharate 9.375 MG / dextroamphetamine sulfate 9.375 MG Extended Release Oral Capsule,78.8,50.0,100.0,100,True,884520:dextroamphetamine sulfate 10 MG Extended Release O(78.8)
https://www.goodrx.com/diphenhydramine,diphenhydramine 25mg (30 capsules),50mg,,,0.0,0.0,0.0,0,True,NO MATCH FOUND
https://www.goodrx.com/diphenhydramine,diphenhydramine 25mg (30 capsules),25mg,,,0.0,0.0,0.0,0,True,NO MATCH FOUND
https://www.goodrx.com/docqlace,docusate sodium 100mg (30 capsules),2g of 10%,,,0.0,0.0,0.0,0,True,NO MATCH FOUND
https://www.goodrx.com/dulcolax,docusate sodium 100mg (30 capsules),100mg,,,0.0,0.0,0.0,0,True,NO MATCH FOUND
https://www.goodrx.com/doxepin,doxepin 10mg (30 capsules),10mg,,,0.0,0.0,0.0,0,True,NO MATCH FOUND
https://www.goodrx.com/doxepin,doxepin 10mg (30 capsules),75mg,,,0.0,0.0,0.0,0,True,NO MATCH FOUND
https://www.goodrx.com/doxepin,doxepin 10mg (30 capsules),150mg,,,0.0,0.0,0.0,0,True,NO MATCH FOUND
https://www.goodrx.com/doxepin,doxepin 10mg (30 capsules),100mg,,,0.0,0.0,0.0,0,True,NO MATCH FOUND
https://www.goodrx.com/doxepin,doxepin 10mg (30 capsules),25mg,,,0.0,0.0,0.0,0,True,NO MATCH FOUND
https://www.goodrx.com/doxercalciferol,doxercalciferol 0.5mcg (30 capsules),2.5mcg,310023,doxercalciferol 0.0025 MG Oral Capsule,87.5,66.7,100.0,100,False,
https://www.goodrx.com/doxercalciferol,doxercalciferol 0.5mcg (30 capsules),0.5mcg,406503,doxercalciferol 0.0005 MG Oral Capsule,87.5,66.7,100.0,100,False,
https://www.goodrx.com/doxycycline-dr,doxycycline dr 40mg (30 capsules),40mg,901399,doxycycline anhydrous 40 MG Delayed Release Oral Capsule,78.8,50.0,100.0,100,False,
https://www.goodrx.com/oracea,doxycycline dr 40mg (30 capsules),40mg,901401,doxycycline anhydrous 40 MG Delayed Release Oral Capsule [Oracea],68.2,50.0,100.0,100,False,
https://www.goodrx.com/drizalma-sprinkle,drizalma sprinkle 30mg (30 capsules),30mg,2680780,Sprinkle valbenazine 40 MG Oral Capsule [Ingrezza],40.4,50.0,0.0,100,True,2680782:Sprinkle valbenazine 60 MG Oral Capsule [Ingrezza](40.4); 2680784:Sprinkle valbenazine 80 MG Oral Capsule [Ingrezza](40.4)
https://www.goodrx.com/drizalma-sprinkle,drizalma sprinkle 30mg (30 capsules),60mg,2680782,Sprinkle valbenazine 60 MG Oral Capsule [Ingrezza],66.7,50.0,100.0,100,False,
https://www.goodrx.com/drizalma-sprinkle,drizalma sprinkle 30mg (30 capsules),40mg,2680780,Sprinkle valbenazine 40 MG Oral Capsule [Ingrezza],66.7,50.0,100.0,100,False,
https://www.goodrx.com/drizalma-sprinkle,drizalma sprinkle 30mg (30 capsules),20mg,2680780,Sprinkle valbenazine 40 MG Oral Capsule [Ingrezza],40.4,50.0,0.0,100,True,2680782:Sprinkle valbenazine 60 MG Oral Capsule [Ingrezza](40.4); 2680784:Sprinkle valbenazine 80 MG Oral Capsule [Ingrezza](40.4)
https://www.goodrx.com/droxia,droxia 300mg (30 capsules),200mg,213282,hydroxyurea 200 MG Oral Capsule [Droxia],68.2,0.0,100.0,100,False,
https://www.goodrx.com/droxia,droxia 300mg (30 capsules),400mg,213284,hydroxyurea 400 MG Oral Capsule [Droxia],68.2,0.0,100.0,100,False,
https://www.goodrx.com/droxia,droxia 300mg (30 capsules),300mg,213283,hydroxyurea 300 MG Oral Capsule [Droxia],68.2,0.0,100.0,100,False,
https://www.goodrx.com/cymbalta,duloxetine 60mg (30 capsules),40mg,,,0.0,0.0,0.0,0,True,NO MATCH FOUND
https://www.goodrx.com/cymbalta,duloxetine 60mg (30 capsules),30mg,,,0.0,0.0,0.0,0,True,NO MATCH FOUND
https://www.goodrx.com/cymbalta,duloxetine 60mg (30 capsules),20mg,,,0.0,0.0,0.0,0,True,NO MATCH FOUND
https://www.goodrx.com/duloxetine,duloxetine 60mg (30 capsules),20mg,,,0.0,0.0,0.0,0,True,NO MATCH FOUND
https://www.goodrx.com/duloxetine,duloxetine 60mg (30 capsules),40mg,,,0.0,0.0,0.0,0,True,NO MATCH FOUND
https://www.goodrx.com/duloxetine,duloxetine 60mg (30 capsules),60mg,,,0.0,0.0,0.0,0,True,NO MATCH FOUND
https://www.goodrx.com/cymbalta,duloxetine 60mg (30 capsules),60mg,,,0.0,0.0,0.0,0,True,NO MATCH FOUND
https://www.goodrx.com/duloxetine,duloxetine 60mg (30 capsules),30mg,,,0.0,0.0,0.0,0,True,NO MATCH FOUND
https://www.goodrx.com/dutasteride,dutasteride 0.5mg (30 capsules),0.5mg,996097,dutasteride 0.5 MG / tamsulosin hydrochloride 0.4 MG Oral Capsule,87.5,66.7,100.0,100,True,351172:dutasteride 0.5 MG Oral Capsule(87.5)
https://www.goodrx.com/avodart,dutasteride 0.5mg (30 capsules),0.5mg,352118,dutasteride 0.5 MG Oral Capsule [Avodart],75.2,66.7,100.0,100,False,
https://www.goodrx.com/emtriva,emtricitabine 200mg (30 capsules),200mg,404587,emtricitabine 200 MG Oral Capsule [Emtriva],76.1,50.0,100.0,100,True,1306298:cobicistat 150 MG / elvitegravir 150 MG / emtricit(72.9)
https://www.goodrx.com/enlyte,enlyte 8.73mg (30 capsules),8.73mg,,,0.0,0.0,0.0,0,True,NO MATCH FOUND
https://www.goodrx.com/entadfi,entadfi 5mg/5mg (30 capsules),5mg/5mg,2587747,finasteride 5 MG / tadalafil 5 MG Oral Capsule [Entadfi],68.2,0.0,100.0,100,False,
https://www.goodrx.com/esomeprazole,esomeprazole 40mg (30 capsules),20mg,692576,esomeprazole 20 MG Granules for Oral Suspension,78.8,50.0,100.0,100,True,486499:esomeprazole 20 MG Injection(78.8)
https://www.goodrx.com/nexium,esomeprazole 40mg (30 capsules),20mg,861576,esomeprazole 20 MG Granules for Oral Suspension [Nexium],66.2,50.0,100.0,100,False,
https://www.goodrx.com/nexium,esomeprazole 40mg (30 capsules),40mg,861583,esomeprazole 40 MG Granules for Oral Suspension [Nexium],66.2,50.0,100.0,100,True,603536:esomeprazole 40 MG Injection [Nexium](66.2)
https://www.goodrx.com/esomeprazole,esomeprazole 40mg (30 capsules),40mg,692578,esomeprazole 40 MG Granules for Oral Suspension,78.8,50.0,100.0,100,True,486501:esomeprazole 40 MG Injection(78.8)
https://www.goodrx.com/ancobon,flucytosine 500mg (30 capsules),250mg,207125,flucytosine 250 MG Oral Capsule [Ancobon],69.1,50.0,100.0,100,False,
https://www.goodrx.com/ancobon,flucytosine 500mg (30 capsules),500mg,207127,flucytosine 500 MG Oral Capsule [Ancobon],69.1,50.0,100.0,100,False,
https://www.goodrx.com/dalmane,flurazepam 30mg (30 capsules),30mg,1298091,flurazepam hydrochloride 30 MG Oral Capsule,57.5,50.0,100.0,100,False,
https://www.goodrx.com/dalmane,flurazepam 30mg (30 capsules),15mg,1298088,flurazepam hydrochloride 15 MG Oral Capsule,57.5,50.0,100.0,100,False,
https://www.goodrx.com/razadyne-er,galantamine er 8mg (30 capsules),24mg,860709,24 HR galantamine hydrobromide 24 MG Extended Release Oral Capsule [Razadyne],72.3,50.0,100.0,100,False,
https://www.goodrx.com/orudis,ketoprofen 50mg (30 capsules),50mg,197855,ketoprofen 50 MG Oral Capsule,57.5,50.0,100.0,100,True,2673864:ketoprofen 25 MG Oral Capsule [Kiprofen](54.5)
https://www.goodrx.com/orudis,ketoprofen 50mg (30 capsules),75mg,197856,ketoprofen 75 MG Oral Capsule,57.5,50.0,100.0,100,True,2673864:ketoprofen 25 MG Oral Capsule [Kiprofen](54.5)
https://www.goodrx.com/oruvail,ketoprofen er 200mg (30 capsules),200mg,359697,24 HR ketoprofen 200 MG Extended Release Oral Capsule,57.5,50.0,100.0,100,False,
https://www.goodrx.com/prevacid-24hr,lansoprazole 24hr 15mg (30 capsules),15mg,,,0.0,0.0,0.0,0,True,NO MATCH FOUND
https://www.goodrx.com/prevacid,lansoprazole 30mg (30 capsules),30mg,866152,lansoprazole 30 MG Disintegrating Oral Tablet [Prevacid],68.2,50.0,100.0,100,False,
https://www.goodrx.com/prevacid,lansoprazole 30mg (30 capsules),15mg,206205,lansoprazole 15 MG Disintegrating Oral Tablet [Prevacid],68.2,50.0,100.0,100,False,
https://www.goodrx.com/ponstel,mefenamic acid 250mg (30 capsules),250mg,829500,mefenamic acid 250 MG Oral Capsule,63.3,66.7,100.0,100,False,
https://www.goodrx.com/cerefolin,metafolbic 5mg/50mg/1mg (30 capsules),,,,0.0,0.0,0.0,0,True,NO MATCH FOUND
https://www.goodrx.com/aptensio-xr,methylphenidate xr 15mg (30 capsules),20mg,1091163,30/70 Release 24 HR methylphenidate hydrochloride 20 MG Extended Release Oral Capsule [Metadate],74.5,50.0,100.0,100,True,1091488:8 HR methylphenidate hydrochloride 20 MG Extended (74.5)
https://www.goodrx.com/aptensio-xr,methylphenidate xr 15mg (30 capsules),10mg,1091139,30/70 Release 24 HR methylphenidate hydrochloride 10 MG Extended Release Oral Capsule [Metadate],74.5,50.0,100.0,100,False,
https://www.goodrx.com/aptensio-xr,methylphenidate xr 15mg (30 capsules),15mg,1648185,40/60 Release 24 HR methylphenidate hydrochloride 15 MG Extended Release Oral Capsule [Aptensio],68.5,50.0,100.0,100,False,
https://www.goodrx.com/aptensio-xr,methylphenidate xr 15mg (30 capsules),50mg,1091204,30/70 Release 24 HR methylphenidate hydrochloride 50 MG Extended Release Oral Capsule [Metadate],74.5,50.0,100.0,100,False,
https://www.goodrx.com/aptensio-xr,methylphenidate xr 15mg (30 capsules),60mg,1091220,30/70 Release 24 HR methylphenidate hydrochloride 60 MG Extended Release Oral Capsule [Metadate],74.5,50.0,100.0,100,False,
https://www.goodrx.com/aptensio-xr,methylphenidate xr 15mg (30 capsules),30mg,1091178,30/70 Release 24 HR methylphenidate hydrochloride 30 MG Extended Release Oral Capsule [Metadate],74.5,50.0,100.0,100,False,
https://www.goodrx.com/avinza,morphine once-daily 30mg (30 capsules),90mg,892473,10 ML morphine sulfate 0.5 MG/ML Injection [Duramorph],53.4,66.7,0.0,100,True,892489:10 ML morphine sulfate 1 MG/ML Injection [Duramorp(53.4); 892652:20 ML morphine sulfate 25 MG/ML Injection [Infumor(51.5); 1731999:20 ML morphine sulfate 10 MG/ML Injection [Infumor(51.5)
https://www.goodrx.com/avinza,morphine once-daily 30mg (30 capsules),60mg,892473,10 ML morphine sulfate 0.5 MG/ML Injection [Duramorph],53.4,66.7,0.0,100,True,892489:10 ML morphine sulfate 1 MG/ML Injection [Duramorp(53.4); 892652:20 ML morphine sulfate 25 MG/ML Injection [Infumor(51.5); 1731999:20 ML morphine sulfate 10 MG/ML Injection [Infumor(51.5)
https://www.goodrx.com/avinza,morphine once-daily 30mg (30 capsules),30mg,892672,morphine sulfate 30 MG Oral Tablet,63.3,66.7,100.0,100,True,892678:morphine sulfate 30 MG Rectal Suppository(63.3)
https://www.goodrx.com/avinza,morphine once-daily 30mg (30 capsules),75mg,892473,10 ML morphine sulfate 0.5 MG/ML Injection [Duramorph],53.4,66.7,0.0,100,True,892489:10 ML morphine sulfate 1 MG/ML Injection [Duramorp(53.4); 892652:20 ML morphine sulfate 25 MG/ML Injection [Infumor(51.5); 1731999:20 ML morphine sulfate 10 MG/ML Injection [Infumor(51.5)
https://www.goodrx.com/avinza,morphine once-daily 30mg (30 capsules),120mg,892473,10 ML morphine sulfate 0.5 MG/ML Injection [Duramorph],53.4,66.7,0.0,100,True,892489:10 ML morphine sulfate 1 MG/ML Injection [Duramorp(53.4); 892652:20 ML morphine sulfate 25 MG/ML Injection [Infumor(51.5); 1731999:20 ML morphine sulfate 10 MG/ML Injection [Infumor(51.5)
https://www.goodrx.com/nexa-plus,nexa plus 29mg/1.25mg/350mg (30 capsules),29mg/1.25mg/350mg,1314685,calcium pantothenate 10 MG / copper sulfate 0.8 MG / ferrous fumarate 162 MG / folic acid 1 MG / manganese sulfate 1.3 MG / niacinamide 30 MG / polysaccharide iron complex 115 MG / pyridoxine hydrochloride 5 MG / riboflavin 6 MG / sodium ascorbate 200 MG / thiamine mononitrate 10 MG / vitamin B12 0.015 MG / zinc sulfate 18.2 MG Oral Capsule [Tandem Plus],55.1,0.0,80.0,100,False,
https://www.goodrx.com/nitrofurantoin,nitrofurantoin 100mg (30 capsules),50mg,,,0.0,0.0,0.0,0,True,NO MATCH FOUND
https://www.goodrx.com/nitrofurantoin,nitrofurantoin 100mg (30 capsules),25mg,,,0.0,0.0,0.0,0,True,NO MATCH FOUND
https://www.goodrx.com/nitrofurantoin,nitrofurantoin 100mg (30 capsules),100mg,,,0.0,0.0,0.0,0,True,NO MATCH FOUND
https://www.goodrx.com/nitroglycerin-er,nitroglycerin er 2.5mg (30 capsules),2.5mg,312013,nitroglycerin 2.5 MG Extended Release Oral Capsule,87.5,66.7,100.0,100,False,
https://www.goodrx.com/nitro-time,nitroglycerin er 2.5mg (30 capsules),2.5mg,312013,nitroglycerin 2.5 MG Extended Release Oral Capsule,63.3,66.7,100.0,100,False,
https://www.goodrx.com/nitroglycerin-er,nitroglycerin er 2.5mg (30 capsules),6.5mg,312018,nitroglycerin 6.5 MG Extended Release Oral Capsule,87.5,66.7,100.0,100,False,
https://www.goodrx.com/nitroglycerin-er,nitroglycerin er 2.5mg (30 capsules),9mg,312020,nitroglycerin 9 MG Extended Release Oral Capsule,87.5,66.7,100.0,100,False,
https://www.goodrx.com/nitro-time,nitroglycerin er 2.5mg (30 capsules),6.5mg,312018,nitroglycerin 6.5 MG Extended Release Oral Capsule,63.3,66.7,100.0,100,False,
https://www.goodrx.com/nitro-time,nitroglycerin er 2.5mg (30 capsules),9mg,312020,nitroglycerin 9 MG Extended Release Oral Capsule,63.3,66.7,100.0,100,False,
https://www.goodrx.com/aventyl,nortriptyline 10mg (30 capsules),10mg,209329,nortriptyline 10 MG Oral Capsule [Pamelor],65.6,50.0,100.0,100,False,
https://www.goodrx.com/aventyl,nortriptyline 10mg (30 capsules),25mg,209339,nortriptyline 25 MG Oral Capsule [Pamelor],65.6,50.0,100.0,100,False,
https://www.goodrx.com/pamelor,nortriptyline 10mg (30 capsules),50mg,209350,nortriptyline 50 MG Oral Capsule [Pamelor],65.6,50.0,100.0,100,False,
https://www.goodrx.com/pamelor,nortriptyline 10mg (30 capsules),10mg,209329,nortriptyline 10 MG Oral Capsule [Pamelor],65.6,50.0,100.0,100,False,
https://www.goodrx.com/aventyl,nortriptyline 10mg (30 capsules),75mg,209391,nortriptyline 75 MG Oral Capsule [Pamelor],65.6,50.0,100.0,100,False,
https://www.goodrx.com/aventyl,nortriptyline 10mg (30 capsules),50mg,209350,nortriptyline 50 MG Oral Capsule [Pamelor],65.6,50.0,100.0,100,False,
https://www.goodrx.com/okebo,okebo 50mg (30 capsules),100mg,,,0.0,0.0,0.0,0,True,NO MATCH FOUND
https://www.goodrx.com/okebo,okebo 50mg (30 capsules),75mg,,,0.0,0.0,0.0,0,True,NO MATCH FOUND
https://www.goodrx.com/olanzapine-fluoxetine,olanzapine/fluoxetine 6mg/25mg (30 capsules),3mg/25mg,721787,fluoxetine 25 MG / olanzapine 3 MG Oral Capsule,78.8,50.0,100.0,100,False,
https://www.goodrx.com/olanzapine-fluoxetine,olanzapine/fluoxetine 6mg/25mg (30 capsules),6mg/50mg,403972,fluoxetine 50 MG / olanzapine 6 MG Oral Capsule,78.8,50.0,100.0,100,False,
https://www.goodrx.com/olanzapine-fluoxetine,olanzapine/fluoxetine 6mg/25mg (30 capsules),6mg/25mg,403969,fluoxetine 25 MG / olanzapine 6 MG Oral Capsule,78.8,50.0,100.0,100,False,
https://www.goodrx.com/prilosec,omeprazole 40mg (30 capsules),20mg,753603,omeprazole 20 MG / sodium bicarbonate 1680 MG Powder for Oral Suspension [Zegerid Reformulated Aug 2006],67.1,50.0,100.0,100,True,646344:omeprazole 20 MG / sodium bicarbonate 1100 MG Oral(67.1)
https://www.goodrx.com/omeprazole,omeprazole 40mg (30 capsules),20mg,753562,omeprazole 20 MG / sodium bicarbonate 1680 MG Powder for Oral Suspension,78.8,50.0,100.0,100,True,2003656:omeprazole 20 MG Disintegrating Oral Tablet(78.8); 616539:omeprazole 20 MG / sodium bicarbonate 1100 MG Oral(78.8)
https://www.goodrx.com/prilosec,omeprazole 40mg (30 capsules),40mg,753601,omeprazole 40 MG / sodium bicarbonate 1680 MG Powder for Oral Suspension [Zegerid Reformulated Aug 2006],67.1,50.0,100.0,100,True,646352:omeprazole 40 MG / sodium bicarbonate 1100 MG Oral(67.1)
https://www.goodrx.com/prilosec,omeprazole 40mg (30 capsules),10mg,797061,omeprazole 10 MG Granules for Oral Suspension [Prilosec],72.0,50.0,100.0,100,False,
https://www.goodrx.com/omeprazole,omeprazole 40mg (30 capsules),10mg,797058,omeprazole 10 MG Granules for Oral Suspension,78.8,50.0,100.0,100,False,
https://www.goodrx.com/omeprazole,omeprazole 40mg (30 capsules),40mg,753557,omeprazole 40 MG / sodium bicarbonate 1680 MG Powder for Oral Suspension,78.8,50.0,100.0,100,True,616541:omeprazole 40 MG / sodium bicarbonate 1100 MG Oral(78.8)
https://www.goodrx.com/omeprazole-sodium-bicarbonate,omeprazole/sodium bicarbonate 40mg/1100mg (30 capsules),20mg/1100mg,616539,omeprazole 20 MG / sodium bicarbonate 1100 MG Oral Capsule,78.8,50.0,100.0,100,False,
https://www.goodrx.com/omeprazole-sodium-bicarbonate,omeprazole/sodium bicarbonate 40mg/1100mg (30 capsules),40mg/1100mg,616541,omeprazole 40 MG / sodium bicarbonate 1100 MG Oral Capsule,78.8,50.0,100.0,100,False,
https://www.goodrx.com/ongentys,ongentys 50mg (30 capsules),25mg,2362178,opicapone 25 MG Oral Capsule [Ongentys],68.2,0.0,100.0,100,False,
https://www.goodrx.com/ortikos,ortikos 9mg (30 capsules),6mg,,,0.0,0.0,0.0,0,True,NO MATCH FOUND
https://www.goodrx.com/ortikos,ortikos 9mg (30 capsules),9mg,,,0.0,0.0,0.0,0,True,NO MATCH FOUND
https://www.goodrx.com/oxazepam,oxazepam 10mg (30 capsules),10mg,,,0.0,0.0,0.0,0,True,NO MATCH FOUND
https://www.goodrx.com/oxazepam,oxazepam 10mg (30 capsules),15mg,,,0.0,0.0,0.0,0,True,NO MATCH FOUND
https://www.goodrx.com/paricalcitol,paricalcitol 1mcg (30 capsules),1mcg,577315,paricalcitol 0.001 MG Oral Capsule,78.8,50.0,100.0,100,False,
https://www.goodrx.com/paricalcitol,paricalcitol 1mcg (30 capsules),4mcg,577324,paricalcitol 0.004 MG Oral Capsule,78.8,50.0,100.0,100,False,
https://www.goodrx.com/bontril,phendimetrazine er 105mg (30 capsules),105mg,994071,24 HR phendimetrazine tartrate 105 MG Extended Release Oral Capsule [Melfiat],66.7,50.0,100.0,100,False,
https://www.goodrx.com/phendimetrazine-er,phendimetrazine er 105mg (30 capsules),105mg,979543,24 HR phendimetrazine tartrate 105 MG Extended Release Oral Capsule,78.8,50.0,100.0,100,False,
https://www.goodrx.com/piroxicam,piroxicam 10mg (30 capsules),10mg,198107,piroxicam 10 MG Oral Capsule,78.8,50.0,100.0,100,False,
https://www.goodrx.com/piroxicam,piroxicam 10mg (30 capsules),20mg,198108,piroxicam 20 MG Oral Capsule,78.8,50.0,100.0,100,False,
https://www.goodrx.com/pnv-dha,pnv dha 27mg/1mg/300mg (30 capsules),27mg/1mg/300mg,,,0.0,0.0,0.0,0,True,NO MATCH FOUND
https://www.goodrx.com/pnv-dha-plus-docusate,pnv dha plus docusate 27mg/1.25mg/55mg (30 capsules),27mg/1.25mg/55mg,,,0.0,0.0,0.0,0,True,NO MATCH FOUND
https://www.goodrx.com/poly-iron,poly-iron 150mg (30 capsules),150mg,979338,folic acid 1 MG / polysaccharide iron complex 150 MG / vitamin B12 0.025 MG Oral Capsule [Poly Iron 150 Forte],80.5,33.3,100.0,100,False,
https://www.goodrx.com/poly-iron-forte,poly-iron forte 150mg/1mg/25mcg (30 capsules),150mg/1mg/25mcg,979338,folic acid 1 MG / polysaccharide iron complex 150 MG / vitamin B12 0.025 MG Oral Capsule [Poly Iron 150 Forte],77.4,25.0,100.0,100,False,
https://www.goodrx.com/prazosin,prazosin 1mg (30 capsules),5mg,198141,prazosin 5 MG Oral Capsule,78.8,50.0,100.0,100,False,
https://www.goodrx.com/prazosin,prazosin 1mg (30 capsules),1mg,312593,prazosin 1 MG Oral Capsule,78.8,50.0,100.0,100,False,
https://www.goodrx.com/prazosin,prazosin 1mg (30 capsules),2mg,312594,prazosin 2 MG Oral Capsule,78.8,50.0,100.0,100,False,
https://www.goodrx.com/prena1-pearl,prena1 pearl 30mg/1.4mg/200mg (30 capsules),30mg/1.4mg/200mg,,,0.0,0.0,0.0,0,True,NO MATCH FOUND
https://www.goodrx.com/prenara,prenara 1000iu/100mg/750iu (30 capsules),1000iu/100mg/750iu,,,0.0,0.0,0.0,0,True,NO MATCH FOUND
https://www.goodrx.com/progesterone,progesterone 100mg (30 capsules),100mg,725094,progesterone 100 MG Vaginal Insert,78.8,50.0,100.0,100,True,2632844:estradiol 0.5 MG / progesterone 100 MG Oral Capsul(78.8); 260243:progesterone 100 MG Oral Capsule(78.8); 2108924:estradiol 1 MG / progesterone 100 MG Oral Capsule(78.8)
https://www.goodrx.com/progesterone,progesterone 100mg (30 capsules),200mg,312641,progesterone 200 MG Oral Capsule,78.8,50.0,100.0,100,False,
https://www.goodrx.com/prometrium,progesterone 100mg (30 capsules),100mg,262080,progesterone 100 MG Oral Capsule [Prometrium],74.7,50.0,100.0,100,True,725098:progesterone 100 MG Vaginal Insert [Endometrin](72.3)
https://www.goodrx.com/provida-ob,provida ob 60mg/400iu/2.5mg (30 capsules),60mg/400iu/2.5mg,,,0.0,0.0,0.0,0,True,NO MATCH FOUND
https://www.goodrx.com/qualaquin,quinine 324mg (30 capsules),324mg,997012,quinine sulfate 324 MG Oral Capsule [Qualaquin],73.5,50.0,100.0,100,False,
https://www.goodrx.com/quinine,quinine 324mg (30 capsules),324mg,852913,quinidine sulfate 300 MG Oral Tablet,78.8,50.0,100.0,100,True,997010:quinine sulfate 324 MG Oral Capsule(78.8)
https://www.goodrx.com/rayaldee,rayaldee 30mcg (30 capsules),30mcg,,,0.0,0.0,0.0,0,True,NO MATCH FOUND
https://www.goodrx.com/rapaflo,silodosin 8mg (30 capsules),4mg,826614,silodosin 4 MG Oral Capsule [Rapaflo],66.9,50.0,100.0,100,False,
https://www.goodrx.com/qudexy-xr,topiramate er 25mg (30 capsules),200mg,1437290,24 HR topiramate 200 MG Extended Release Oral Capsule [Trokendi],67.9,50.0,100.0,100,True,1494775:Sprinkle 24 HR topiramate 200 MG Extended Release (63.1)
https://www.goodrx.com/qudexy-xr,topiramate er 25mg (30 capsules),150mg,1494771,Sprinkle 24 HR topiramate 150 MG Extended Release Oral Capsule [Qudexy],63.1,50.0,100.0,100,False,
https://www.goodrx.com/qudexy-xr,topiramate er 25mg (30 capsules),25mg,1437280,24 HR topiramate 25 MG Extended Release Oral Capsule [Trokendi],67.9,50.0,100.0,100,True,1302845:24 HR phentermine 3.75 MG / topiramate 23 MG Exten(65.9); 1494778:Sprinkle 24 HR topiramate 25 MG Extended Release O(63.1)
https://www.goodrx.com/qudexy-xr,topiramate er 25mg (30 capsules),100mg,1437285,24 HR topiramate 100 MG Extended Release Oral Capsule [Trokendi],67.9,50.0,100.0,100,True,1302856:24 HR phentermine 15 MG / topiramate 92 MG Extende(65.9); 1494766:Sprinkle 24 HR topiramate 100 MG Extended Release (63.1)
https://www.goodrx.com/qudexy-xr,topiramate er 25mg (30 capsules),50mg,1436245,24 HR topiramate 50 MG Extended Release Oral Capsule [Trokendi],67.9,50.0,100.0,100,True,1302833:24 HR phentermine 7.5 MG / topiramate 46 MG Extend(65.9); 1494781:Sprinkle 24 HR topiramate 50 MG Extended Release O(63.1)
https://www.goodrx.com/dyrenium,triamterene 50mg (30 capsules),50mg,208675,triamterene 50 MG Oral Capsule [Dyrenium],68.7,50.0,100.0,100,True,93252:hydrochlorothiazide 50 MG / triamterene 75 MG Oral(66.2)
https://www.goodrx.com/azeschew,azeschew 125mg/12.5mg/1.4mg (30 chewable tablets),125mg/12.5mg/1.4mg,,,0.0,0.0,0.0,0,True,NO MATCH FOUND
https://www.goodrx.com/children-s-cetirizine,children's cetirizine 5mg (30 chewable tablets),5mg,1014676,cetirizine hydrochloride 5 MG Oral Tablet,91.9,75.0,100.0,100,True,1014643:cetirizine hydrochloride 5 MG Chewable Tablet(91.9)
https://www.goodrx.com/children-s-cetirizine,children's cetirizine 5mg (30 chewable tablets),10mg,1014674,cetirizine hydrochloride 10 MG Chewable Tablet,91.9,75.0,100.0,100,True,1014675:cetirizine hydrochloride 10 MG Oral Capsule(91.9); 1014678:cetirizine hydrochloride 10 MG Oral Tablet(91.9); 1011482:cetirizine hydrochloride 10 MG Disintegrating Oral(91.9)
https://www.goodrx.com/children-s-claritin,children's loratadine 24 hour (30 chewable tablets),24 hour,1242391,24 HR loratadine 10 MG / pseudoephedrine sulfate 240 MG Extended Release Oral Tablet [Claritin-D],66.9,75.0,50.0,100,True,1242406:12 HR loratadine 5 MG / pseudoephedrine sulfate 12(66.9)
https://www.goodrx.com/pepcid-complete,famotidine complete 10mg/800mg/165mg (30 chewable tablets),10mg/800mg/165mg,688892,calcium carbonate 800 MG / famotidine 10 MG / magnesium hydroxide 165 MG Chewable Tablet [Pepcid Complete],78.6,50.0,100.0,100,False,
https://www.goodrx.com/prena1-chew,prena1 chew 1.4mg (30 chewable tablets),1.4mg,,,0.0,0.0,0.0,0,True,NO MATCH FOUND
https://www.goodrx.com/quillichew-er,quillichew er 20mg (30 chewable tablets),20mg,1727450,24 HR methylphenidate hydrochloride 20 MG Chewable Extended Release Oral Tablet [QuilliChew],68.2,0.0,100.0,100,False,
https://www.goodrx.com/quillichew-er,quillichew er 20mg (30 chewable tablets),40mg,1734953,24 HR methylphenidate hydrochloride 40 MG Chewable Extended Release Oral Tablet [QuilliChew],68.2,0.0,100.0,100,False,
https://www.goodrx.com/quillichew-er,quillichew er 20mg (30 chewable tablets),30mg,1734930,24 HR methylphenidate hydrochloride 30 MG Chewable Extended Release Oral Tablet [QuilliChew],68.2,0.0,100.0,100,False,
https://www.goodrx.com/effer-k,effer-k 20meq (30 effervescent tablets),10meq,1111267,potassium bicarbonate 10 MEQ Effervescent Oral Tablet [Effer-K],64.5,0.0,100.0,100,False,
https://www.goodrx.com/effer-k,effer-k 20meq (30 effervescent tablets),20meq,1111263,potassium bicarbonate 20 MEQ Effervescent Oral Tablet [Effer-K],64.5,0.0,100.0,100,False,
https://www.goodrx.com/effer-k,effer-k 20meq (30 effervescent tablets),25meq,1088774,potassium bicarbonate 25 MEQ Effervescent Oral Tablet [Effer-K],64.5,0.0,100.0,100,False,
https://www.goodrx.com/alphanine-sd,alphanine sd single dose of 1500iu black (30 kits),single dose of 1500iu black,1666309,"coagulation factor IX, human 1 UNT Injection [Alphanine SD]",42.0,0.0,0.0,100,False,
https://www.goodrx.com/alphanine-sd,alphanine sd single dose of 1500iu black (30 kits),single dose of 1000iu red,1666309,"coagulation factor IX, human 1 UNT Injection [Alphanine SD]",42.0,0.0,0.0,100,False,
https://www.goodrx.com/pediapred,prednisolone sodium phosphate 5mg/5ml (30 ml),5mg/5ml,800928,"magnesium chloride 0.00148 MEQ/ML / monobasic potassium phosphate 0.0082 MG/ML / potassium chloride 0.00497 MEQ/ML / sodium acetate 0.0272 MEQ/ML / sodium chloride 0.0906 MEQ/ML / sodium gluconate 5 MG/ML / sodium phosphate, dibasic 0.12 MG/ML Injectable Solution [Isolyte S]",70.0,50.0,100.0,100,True,1189310:alanine 8.44 MG/ML / arginine 8.65 MG/ML / asparta(67.8); 1189611:alanine 11 MG/ML / arginine 8.5 MG/ML / glycine 11(67.4); 801021:alanine 10.4 MG/ML / arginine 5.75 MG/ML / calcium(66.3)
https://www.goodrx.com/adzenys-xr-odt,adzenys xr-odt 18.8mg (30 orally disintegrating tabs),9.4mg,1739839,24 HR amphetamine 9.4 MG Extended Release Oral Tablet [Adzenys],68.2,0.0,100.0,100,False,
https://www.goodrx.com/adzenys-xr-odt,adzenys xr-odt 18.8mg (30 orally disintegrating tabs),15.7mg,1739815,24 HR amphetamine 15.7 MG Extended Release Oral Tablet [Adzenys],68.2,0.0,100.0,100,False,
https://www.goodrx.com/adzenys-xr-odt,adzenys xr-odt 18.8mg (30 orally disintegrating tabs),18.8mg,1739821,24 HR amphetamine 18.8 MG Extended Release Oral Tablet [Adzenys],68.2,0.0,100.0,100,False,
https://www.goodrx.com/adzenys-xr-odt,adzenys xr-odt 18.8mg (30 orally disintegrating tabs),12.5mg,1739809,24 HR amphetamine 12.5 MG Extended Release Oral Tablet [Adzenys],68.2,0.0,100.0,100,False,
https://www.goodrx.com/adzenys-xr-odt,adzenys xr-odt 18.8mg (30 orally disintegrating tabs),3.1mg,1739827,24 HR amphetamine 3.1 MG Extended Release Oral Tablet [Adzenys],68.2,0.0,100.0,100,False,
https://www.goodrx.com/alavert,alavert 24 hour (30 orally disintegrating tabs),24 hour,1242401,12 HR loratadine 5 MG / pseudoephedrine sulfate 120 MG Extended Release Oral Tablet [Alavert D],55.1,0.0,50.0,100,False,
https://www.goodrx.com/niravam,alprazolam 0.25mg (30 orally disintegrating tabs),1mg,214003,alprazolam 1 MG Oral Tablet [Xanax],73.5,66.7,100.0,100,False,
https://www.goodrx.com/niravam,alprazolam 0.25mg (30 orally disintegrating tabs),2mg,214004,alprazolam 2 MG Oral Tablet [Xanax],73.5,66.7,100.0,100,False,
https://www.goodrx.com/niravam,alprazolam 0.25mg (30 orally disintegrating tabs),0.25mg,141927,alprazolam 0.25 MG Oral Tablet [Xanax],73.5,66.7,100.0,100,False,
https://www.goodrx.com/cotempla-xr,cotempla xr 17.3mg (30 orally disintegrating tabs),,,,0.0,0.0,0.0,0,True,NO MATCH FOUND
https://www.goodrx.com/questran,cholestyramine 9g of 4g/dose (30 packets),9g of 4g/dose,,,0.0,0.0,0.0,0,True,NO MATCH FOUND
https://www.goodrx.com/prevalite,cholestyramine 9g of 4g/dose (30 packets),9g of 4g/dose,,,0.0,0.0,0.0,0,True,NO MATCH FOUND
https://www.goodrx.com/questran-light,cholestyramine light 5g of 4g/dose (30 packets),5g of 4g/dose,,,0.0,0.0,0.0,0,True,NO MATCH FOUND
https://www.goodrx.com/pokonza,potassium chloride 20meq (30 packets),20meq,1867547,potassium chloride 20 MEQ Powder for Oral Solution [Klor-Con],74.6,66.7,100.0,100,True,1547450:calcium acetate 22 MG/ML / magnesium acetate 43 MG(72.3)
https://www.goodrx.com/diclofenac-epolamine,diclofenac epolamine 1.3% (30 patches),1.3%,2705052,diclofenac 0.0125 MG/MG Medicated Patch,50.8,66.7,0.0,100,True,1442116:diclofenac 18 MG Oral Capsule(50.8); 855626:Twice-Daily diclofenac epolamine 0.013 MG/MG Medic(50.8); 1442128:diclofenac 35 MG Oral Capsule(50.8)
https://www.goodrx.com/dermalid,lidocaine 5% (30 patches),5%,2120175,lidocaine 50 MG/ML Topical Cream [Lipocaine],66.7,33.3,100.0,100,True,1432541:capsaicin 0.35 MG/ML / lidocaine 20 MG/ML / mentho(66.7)
https://www.goodrx.com/neupro,neupro 2mg (30 patches),4mg,,,0.0,0.0,0.0,0,True,NO MATCH FOUND
https://www.goodrx.com/neupro,neupro 2mg (30 patches),2mg,,,0.0,0.0,0.0,0,True,NO MATCH FOUND
https://www.goodrx.com/nitro-dur,nitroglycerin 0.2mg (30 patches),0.2mg,312004,250 ML nitroglycerin 0.2 MG/ML Injection,57.5,50.0,100.0,100,False,
https://www.goodrx.com/nitro-dur,nitroglycerin 0.2mg (30 patches),0.6mg,207361,nitroglycerin 0.6 MG Sublingual Tablet [Nitrostat],72.3,50.0,100.0,100,False,
https://www.goodrx.com/nitro-dur,nitroglycerin 0.2mg (30 patches),0.1mg,1868562,250 ML nitroglycerin 0.1 MG/ML Injection,57.5,50.0,100.0,100,False,
https://www.goodrx.com/bigfoot-unity,bigfoot unity admelog (30 pens),basaglar,,,0.0,0.0,0.0,0,True,NO MATCH FOUND
https://www.goodrx.com/bigfoot-unity,bigfoot unity admelog (30 pens),lyumjev,,,0.0,0.0,0.0,0,True,NO MATCH FOUND
https://www.goodrx.com/bigfoot-unity,bigfoot unity admelog (30 pens),toujeo,,,0.0,0.0,0.0,0,True,NO MATCH FOUND
https://www.goodrx.com/bigfoot-unity,bigfoot unity admelog (30 pens),lispro,,,0.0,0.0,0.0,0,True,NO MATCH FOUND
https://www.goodrx.com/bigfoot-unity,bigfoot unity admelog (30 pens),apidra,,,0.0,0.0,0.0,0,True,NO MATCH FOUND
https://www.goodrx.com/bigfoot-unity,bigfoot unity admelog (30 pens),lantus,,,0.0,0.0,0.0,0,True,NO MATCH FOUND
https://www.goodrx.com/bigfoot-unity,bigfoot unity admelog (30 pens),tresiba,,,0.0,0.0,0.0,0,True,NO MATCH FOUND
https://www.goodrx.com/bigfoot-unity,bigfoot unity admelog (30 pens),admelog,,,0.0,0.0,0.0,0,True,NO MATCH FOUND
https://www.goodrx.com/bigfoot-unity,bigfoot unity admelog (30 pens),aspart,,,0.0,0.0,0.0,0,True,NO MATCH FOUND
https://www.goodrx.com/bigfoot-unity,bigfoot unity admelog (30 pens),toujeo max,,,0.0,0.0,0.0,0,True,NO MATCH FOUND
https://www.goodrx.com/bigfoot-unity,bigfoot unity admelog (30 pens),fiasp,,,0.0,0.0,0.0,0,True,NO MATCH FOUND
https://www.goodrx.com/bigfoot-unity,bigfoot unity admelog (30 pens),novolog,,,0.0,0.0,0.0,0,True,NO MATCH FOUND
https://www.goodrx.com/oscimin,oscimin 0.125mg (30 sublingual tablets),0.125mg,1146688,hyoscyamine sulfate 0.125 MG Disintegrating Oral Tablet [Oscimin],68.2,0.0,100.0,100,True,1652363:hyoscyamine sulfate 0.125 MG Sublingual Tablet [Os(68.2); 1149355:hyoscyamine sulfate 0.125 MG Oral Tablet [Oscimin](68.2)
https://www.goodrx.com/canasa,mesalamine 1000mg (30 suppositories),1000mg,583257,mesalamine 1000 MG Rectal Suppository [Canasa],66.9,50.0,100.0,100,False,
https://www.goodrx.com/arixtra,fondaparinux 7.5mg/0.6ml (30 syringes),5mg/0.4ml,861362,0.5 ML fondaparinux sodium 5 MG/ML Prefilled Syringe [Arixtra],64.4,66.7,50.0,100,False,
https://www.goodrx.com/arixtra,fondaparinux 7.5mg/0.6ml (30 syringes),10mg/0.8ml,861358,0.8 ML fondaparinux sodium 12.5 MG/ML Prefilled Syringe [Arixtra],51.3,66.7,0.0,100,True,861362:0.5 ML fondaparinux sodium 5 MG/ML Prefilled Syrin(51.3)
https://www.goodrx.com/arixtra,fondaparinux 7.5mg/0.6ml (30 syringes),7.5mg/0.6ml,861358,0.8 ML fondaparinux sodium 12.5 MG/ML Prefilled Syringe [Arixtra],51.3,66.7,0.0,100,True,861362:0.5 ML fondaparinux sodium 5 MG/ML Prefilled Syrin(51.3)
https://www.goodrx.com/arixtra,fondaparinux 7.5mg/0.6ml (30 syringes),2.5mg/0.5ml,861358,0.8 ML fondaparinux sodium 12.5 MG/ML Prefilled Syringe [Arixtra],51.3,66.7,0.0,100,True,861362:0.5 ML fondaparinux sodium 5 MG/ML Prefilled Syrin(51.3)
https://www.goodrx.com/abacavir-lamivudine-zidovudine,abacavir/lamivudine/zidovudine 300mg/150mg/300mg (30 tablets),600mg/300mg,1546888,abacavir 600 MG / dolutegravir 50 MG / lamivudine 300 MG Oral Tablet,78.8,50.0,100.0,100,True,602393:abacavir 600 MG / lamivudine 300 MG Oral Tablet(78.8)
https://www.goodrx.com/acephen,acetaminophen 325mg (30 tablets),325mg,209360,acetaminophen 325 MG Rectal Suppository [Acephen],78.8,50.0,100.0,100,True,1358837:acetaminophen 325 MG Oral Tablet [Cetafen](76.1)
https://www.goodrx.com/q-pap,acetaminophen 325mg (30 tablets),325mg,209360,acetaminophen 325 MG Rectal Suppository [Acephen],78.8,50.0,100.0,100,True,1358837:acetaminophen 325 MG Oral Tablet [Cetafen](76.1)
https://www.goodrx.com/acetaminophen-arthritis-pain,acetaminophen arthritis pain 650mg (30 tablets),650mg,,,0.0,0.0,0.0,0,True,NO MATCH FOUND
https://www.goodrx.com/acetaminophen-extra-strength,acetaminophen extra strength 500mg (30 tablets),500mg,,,0.0,0.0,0.0,0,True,NO MATCH FOUND
https://www.goodrx.com/acetaminophen-aspirin-caffeine,acetaminophen/aspirin/caffeine 250mg/250mg/65mg (30 tablets),250mg/250mg/65mg,308297,acetaminophen 250 MG / aspirin 250 MG / caffeine 65 MG Oral Tablet,87.5,66.7,100.0,100,False,
https://www.goodrx.com/excedrin-migraine,acetaminophen/aspirin/caffeine 250mg/250mg/65mg (30 tablets),250mg/250mg/65mg,1303159,acetaminophen 250 MG / aspirin 250 MG / caffeine 65 MG Oral Tablet [Arthriten Inflammatory Pain],77.6,66.7,100.0,100,False,
https://www.goodrx.com/acetaminophen-chlorpheniramine-dextromethorphan-phenylephrine,acetaminophen/chlorpheniramine/dextromethorphan/phenylephrine 325mg/2mg/10mg/5mg (30 tablets),325mg/2mg/10mg/5mg,2557336,acetaminophen 325 MG / chlorpheniramine maleate 2 MG / dextromethorphan hydrobromide 10 MG / phenylephrine hydrochloride 5 MG Effervescent Oral Tablet,69.2,83.3,100.0,100,True,1042688:acetaminophen 325 MG / chlorpheniramine maleate 2 (69.2)
https://www.goodrx.com/acetaminophen-codeine,acetaminophen/codeine 300mg/30mg (30 tablets),300mg/15mg,993770,acetaminophen 300 MG / codeine phosphate 15 MG Oral Tablet,94.5,80.0,100.0,100,False,
https://www.goodrx.com/acetaminophen-codeine,acetaminophen/codeine 300mg/30mg (30 tablets),300mg/30mg,993781,acetaminophen 300 MG / codeine phosphate 30 MG Oral Tablet,94.5,80.0,100.0,100,True,993943:acetaminophen 325 MG / butalbital 50 MG / caffeine(94.5); 1431286:acetaminophen 300 MG / butalbital 50 MG / caffeine(94.5)
https://www.goodrx.com/acetaminophen-codeine,acetaminophen/codeine 300mg/30mg (30 tablets),300mg/60mg,993890,acetaminophen 300 MG / codeine phosphate 60 MG Oral Tablet,94.5,80.0,100.0,100,False,
https://www.goodrx.com/acetaminophen-diphenhydramine,acetaminophen/diphenhydramine 500mg/25mg (30 tablets),500mg/25mg,1659175,acetaminophen 500 MG / diphenhydramine hydrochloride 25 MG / phenylephrine hydrochloride 10 MG Powder for Oral Solution,84.0,60.0,100.0,100,True,1092189:acetaminophen 500 MG / diphenhydramine hydrochlori(84.0); 1117245:acetaminophen 500 MG / diphenhydramine hydrochlori(84.0)
https://www.goodrx.com/acetaminophen-ibuprofen,acetaminophen/ibuprofen 250mg/125mg (30 tablets),250mg/125mg,2387532,acetaminophen 250 MG / ibuprofen 125 MG Oral Tablet,66.2,75.0,100.0,100,False,
https://www.goodrx.com/acetaminophen-pamabrom-pyrilamine,acetaminophen/pamabrom/pyrilamine 500mg/25mg/15mg (30 tablets),500mg/25mg/15mg,1053852,acetaminophen 500 MG / pamabrom 25 MG / pyrilamine maleate 15 MG Oral Tablet [Pamprin Multi-Symptom],81.1,80.0,100.0,100,False,
https://www.goodrx.com/acetaminophen-phenylephrine-chlorpheniramine,acetaminophen/phenylephrine/chlorpheniramine 325mg/5mg/2mg (30 tablets),325mg/5mg/2mg,2557336,acetaminophen 325 MG / chlorpheniramine maleate 2 MG / dextromethorphan hydrobromide 10 MG / phenylephrine hydrochloride 5 MG Effervescent Oral Tablet,68.0,80.0,100.0,100,True,2181307:acetaminophen 325 MG / caffeine 45 MG / chlorpheni(68.0); 1042688:acetaminophen 325 MG / chlorpheniramine maleate 2 (68.0); 1313969:acetaminophen 325 MG / chlorpheniramine maleate 2 (68.0)
https://www.goodrx.com/actoplus-met-xr,actoplus met xr 15mg/1000mg (30 tablets),30mg/1000mg,,,0.0,0.0,0.0,0,True,NO MATCH FOUND
https://www.goodrx.com/actoplus-met-xr,actoplus met xr 15mg/1000mg (30 tablets),15mg/1000mg,,,0.0,0.0,0.0,0,True,NO MATCH FOUND
https://www.goodrx.com/acyclovir,acyclovir 400mg (30 tablets),800mg,197313,acyclovir 800 MG Oral Tablet,78.8,50.0,100.0,100,False,
https://www.goodrx.com/acyclovir,acyclovir 400mg (30 tablets),400mg,197311,acyclovir 400 MG Oral Tablet,78.8,50.0,100.0,100,False,
https://www.goodrx.com/adthyza,adthyza 60mg (30 tablets),32.5mg,2671594,thyroid (USP) 30 MG Oral Tablet [Adthyza],68.2,0.0,100.0,100,True,2711709:thyroid (USP) 32.5 MG Oral Tablet [Adthyza](68.2)
https://www.goodrx.com/adthyza,adthyza 60mg (30 tablets),90mg,2671598,thyroid (USP) 90 MG Oral Tablet [Adthyza],68.2,0.0,100.0,100,True,2711705:thyroid (USP) 97.5 MG Oral Tablet [Adthyza](68.2)
https://www.goodrx.com/adthyza,adthyza 60mg (30 tablets),97.5mg,2671598,thyroid (USP) 90 MG Oral Tablet [Adthyza],68.2,0.0,100.0,100,True,2711705:thyroid (USP) 97.5 MG Oral Tablet [Adthyza](68.2)
https://www.goodrx.com/adthyza,adthyza 60mg (30 tablets),65mg,2671596,thyroid (USP) 60 MG Oral Tablet [Adthyza],68.2,0.0,100.0,100,True,2711703:thyroid (USP) 65 MG Oral Tablet [Adthyza](68.2)
https://www.goodrx.com/adthyza,adthyza 60mg (30 tablets),130mg,2671600,thyroid (USP) 120 MG Oral Tablet [Adthyza],68.2,0.0,100.0,100,True,2711707:thyroid (USP) 130 MG Oral Tablet [Adthyza](68.2)
https://www.goodrx.com/adthyza,adthyza 60mg (30 tablets),16.25mg,2671591,thyroid (USP) 15 MG Oral Tablet [Adthyza],68.2,0.0,100.0,100,True,2711701:thyroid (USP) 16.25 MG Oral Tablet [Adthyza](68.2)
https://www.goodrx.com/adthyza,adthyza 60mg (30 tablets),15mg,2671591,thyroid (USP) 15 MG Oral Tablet [Adthyza],68.2,0.0,100.0,100,True,2711701:thyroid (USP) 16.25 MG Oral Tablet [Adthyza](68.2)
https://www.goodrx.com/adthyza,adthyza 60mg (30 tablets),30mg,2671594,thyroid (USP) 30 MG Oral Tablet [Adthyza],68.2,0.0,100.0,100,True,2711709:thyroid (USP) 32.5 MG Oral Tablet [Adthyza](68.2)
https://www.goodrx.com/adthyza,adthyza 60mg (30 tablets),60mg,2671596,thyroid (USP) 60 MG Oral Tablet [Adthyza],68.2,0.0,100.0,100,True,2711703:thyroid (USP) 65 MG Oral Tablet [Adthyza](68.2)
https://www.goodrx.com/adthyza,adthyza 60mg (30 tablets),120mg,2671600,thyroid (USP) 120 MG Oral Tablet [Adthyza],68.2,0.0,100.0,100,True,2711707:thyroid (USP) 130 MG Oral Tablet [Adthyza](68.2)
https://www.goodrx.com/ahist,ahist 25mg (30 tablets),25mg,1366500,chlorcyclizine hydrochloride 25 MG Oral Tablet [Ahist Antihistamine],68.2,0.0,100.0,100,False,
https://www.goodrx.com/alahist-d,alahist d 17.5mg/10mg (30 tablets),17.5mg/10mg,2286598,pheniramine maleate 17.5 MG / phenylephrine hydrochloride 10 MG Oral Tablet [Alahist D],68.2,0.0,100.0,100,False,
https://www.goodrx.com/alahist-pe,alahist pe 2mg/7.5mg (30 tablets),2mg/7.5mg,2262295,dexbrompheniramine maleate 2 MG Oral Tablet [Ala-Hist IR],48.9,0.0,50.0,100,False,
https://www.goodrx.com/allopurinol,allopurinol 100mg (30 tablets),100mg,,,0.0,0.0,0.0,0,True,NO MATCH FOUND
https://www.goodrx.com/allopurinol,allopurinol 100mg (30 tablets),300mg,,,0.0,0.0,0.0,0,True,NO MATCH FOUND
https://www.goodrx.com/allzital,allzital 25mg/325mg (30 tablets),25mg/325mg,2279007,acetaminophen 325 MG / butalbital 25 MG Oral Tablet [Allzital],68.2,0.0,100.0,100,False,
https://www.goodrx.com/nesina,alogliptin 25mg (30 tablets),12.5mg,1368416,alogliptin 12.5 MG / pioglitazone 30 MG Oral Tablet [Oseni],67.4,50.0,100.0,100,True,1368391:alogliptin 12.5 MG / metformin hydrochloride 1000 (66.9); 1368398:alogliptin 12.5 MG / metformin hydrochloride 500 M(66.9); 1368036:alogliptin 12.5 MG Oral Tablet [Nesina](66.9)
https://www.goodrx.com/alogliptin,alogliptin 25mg (30 tablets),25mg,1368006,alogliptin 25 MG Oral Tablet,78.8,50.0,100.0,100,True,1368424:alogliptin 25 MG / pioglitazone 15 MG Oral Tablet(78.8); 1368431:alogliptin 25 MG / pioglitazone 30 MG Oral Tablet(78.8); 1368438:alogliptin 25 MG / pioglitazone 45 MG Oral Tablet(78.8)
https://www.goodrx.com/alogliptin,alogliptin 25mg (30 tablets),6.25mg,1368018,alogliptin 6.25 MG Oral Tablet,78.8,50.0,100.0,100,False,
https://www.goodrx.com/alogliptin,alogliptin 25mg (30 tablets),12.5mg,1368385,alogliptin 12.5 MG / metformin hydrochloride 1000 MG Oral Tablet,78.8,50.0,100.0,100,True,1368392:alogliptin 12.5 MG / metformin hydrochloride 500 M(78.8); 1368403:alogliptin 12.5 MG / pioglitazone 15 MG Oral Table(78.8); 1368410:alogliptin 12.5 MG / pioglitazone 30 MG Oral Table(78.8)
https://www.goodrx.com/nesina,alogliptin 25mg (30 tablets),25mg,1368430,alogliptin 25 MG / pioglitazone 15 MG Oral Tablet [Oseni],67.4,50.0,100.0,100,True,1368437:alogliptin 25 MG / pioglitazone 30 MG Oral Tablet (67.4); 1368444:alogliptin 25 MG / pioglitazone 45 MG Oral Tablet (67.4); 1368012:alogliptin 25 MG Oral Tablet [Nesina](66.9)
https://www.goodrx.com/alogliptin-pioglitazone,alogliptin/pioglitazone 25mg/30mg (30 tablets),25mg/30mg,1368431,alogliptin 25 MG / pioglitazone 30 MG Oral Tablet,78.8,50.0,100.0,100,False,
https://www.goodrx.com/alogliptin-pioglitazone,alogliptin/pioglitazone 25mg/30mg (30 tablets),12.5mg/45mg,1368417,alogliptin 12.5 MG / pioglitazone 45 MG Oral Tablet,78.8,50.0,100.0,100,False,
https://www.goodrx.com/alogliptin-pioglitazone,alogliptin/pioglitazone 25mg/30mg (30 tablets),25mg/15mg,1368424,alogliptin 25 MG / pioglitazone 15 MG Oral Tablet,78.8,50.0,100.0,100,False,
https://www.goodrx.com/alogliptin-pioglitazone,alogliptin/pioglitazone 25mg/30mg (30 tablets),12.5mg/30mg,1368410,alogliptin 12.5 MG / pioglitazone 30 MG Oral Tablet,78.8,50.0,100.0,100,False,
https://www.goodrx.com/oseni,alogliptin/pioglitazone 25mg/30mg (30 tablets),12.5mg/45mg,1368417,alogliptin 12.5 MG / pioglitazone 45 MG Oral Tablet,61.0,60.0,100.0,100,True,1368416:alogliptin 12.5 MG / pioglitazone 30 MG Oral Table(56.6); 1368444:alogliptin 25 MG / pioglitazone 45 MG Oral Tablet (56.6)
https://www.goodrx.com/alogliptin-pioglitazone,alogliptin/pioglitazone 25mg/30mg (30 tablets),12.5mg/15mg,1368403,alogliptin 12.5 MG / pioglitazone 15 MG Oral Tablet,78.8,50.0,100.0,100,False,
https://www.goodrx.com/oseni,alogliptin/pioglitazone 25mg/30mg (30 tablets),12.5mg/15mg,1368403,alogliptin 12.5 MG / pioglitazone 15 MG Oral Tablet,61.0,60.0,100.0,100,True,1368416:alogliptin 12.5 MG / pioglitazone 30 MG Oral Table(56.6); 1368430:alogliptin 25 MG / pioglitazone 15 MG Oral Tablet (56.6)
https://www.goodrx.com/oseni,alogliptin/pioglitazone 25mg/30mg (30 tablets),25mg/45mg,1368444,alogliptin 25 MG / pioglitazone 45 MG Oral Tablet [Oseni],69.7,60.0,100.0,100,False,
https://www.goodrx.com/oseni,alogliptin/pioglitazone 25mg/30mg (30 tablets),25mg/30mg,1368437,alogliptin 25 MG / pioglitazone 30 MG Oral Tablet [Oseni],69.7,60.0,100.0,100,False,
https://www.goodrx.com/oseni,alogliptin/pioglitazone 25mg/30mg (30 tablets),12.5mg/30mg,1368416,alogliptin 12.5 MG / pioglitazone 30 MG Oral Tablet [Oseni],69.7,60.0,100.0,100,False,
https://www.goodrx.com/alogliptin-pioglitazone,alogliptin/pioglitazone 25mg/30mg (30 tablets),25mg/45mg,1368438,alogliptin 25 MG / pioglitazone 45 MG Oral Tablet,78.8,50.0,100.0,100,False,
https://www.goodrx.com/oseni,alogliptin/pioglitazone 25mg/30mg (30 tablets),25mg/15mg,1368430,alogliptin 25 MG / pioglitazone 15 MG Oral Tablet [Oseni],69.7,60.0,100.0,100,False,
https://www.goodrx.com/alprazolam,alprazolam 0.5mg (30 tablets),1mg,485414,alprazolam 1 MG Disintegrating Oral Tablet,78.8,50.0,100.0,100,True,197321:alprazolam 1 MG Oral Tablet(78.8); 308050:alprazolam 1 MG/ML Oral Solution(78.8)
https://www.goodrx.com/alprazolam,alprazolam 0.5mg (30 tablets),0.25mg,485413,alprazolam 0.25 MG Disintegrating Oral Tablet,78.8,50.0,100.0,100,True,308047:alprazolam 0.25 MG Oral Tablet(78.8)
https://www.goodrx.com/alprazolam,alprazolam 0.5mg (30 tablets),2mg,485416,alprazolam 2 MG Disintegrating Oral Tablet,78.8,50.0,100.0,100,True,197322:alprazolam 2 MG Oral Tablet(78.8)
https://www.goodrx.com/alprazolam,alprazolam 0.5mg (30 tablets),0.5mg,485415,alprazolam 0.5 MG Disintegrating Oral Tablet,78.8,50.0,100.0,100,True,308048:alprazolam 0.5 MG Oral Tablet(78.8)
https://www.goodrx.com/alprazolam-er,alprazolam er 1mg (30 tablets),2mg,433799,24 HR alprazolam 2 MG Extended Release Oral Tablet,78.8,50.0,100.0,100,False,
https://www.goodrx.com/alprazolam-er,alprazolam er 1mg (30 tablets),1mg,433800,24 HR alprazolam 1 MG Extended Release Oral Tablet,78.8,50.0,100.0,100,False,
https://www.goodrx.com/alprazolam-er,alprazolam er 1mg (30 tablets),0.5mg,433798,24 HR alprazolam 0.5 MG Extended Release Oral Tablet,78.8,50.0,100.0,100,False,
https://www.goodrx.com/alvaiz,alvaiz 18mg (30 tablets),18mg,2675193,eltrombopag 18 MG Oral Tablet [Alvaiz],68.2,0.0,100.0,100,False,
https://www.goodrx.com/alvaiz,alvaiz 18mg (30 tablets),36mg,2675197,eltrombopag 36 MG Oral Tablet [Alvaiz],68.2,0.0,100.0,100,False,
https://www.goodrx.com/alvaiz,alvaiz 18mg (30 tablets),9mg,2675205,eltrombopag 9 MG Oral Tablet [Alvaiz],68.2,0.0,100.0,100,False,
https://www.goodrx.com/alvaiz,alvaiz 18mg (30 tablets),54mg,2675201,eltrombopag 54 MG Oral Tablet [Alvaiz],68.2,0.0,100.0,100,False,
https://www.goodrx.com/amantadine,amantadine 100mg (30 tablets),100mg,,,0.0,0.0,0.0,0,True,NO MATCH FOUND
https://www.goodrx.com/amicar,aminocaproic acid 500mg (30 tablets),500mg,211465,6-aminocaproic acid 500 MG Oral Tablet [Amicar],74.1,50.0,100.0,100,False,
https://www.goodrx.com/aminocaproic-acid,aminocaproic acid 500mg (30 tablets),500mg,197351,6-aminocaproic acid 500 MG Oral Tablet,78.8,50.0,100.0,100,False,
https://www.goodrx.com/aminocaproic-acid,aminocaproic acid 500mg (30 tablets),1000mg,476271,6-aminocaproic acid 1000 MG Oral Tablet,78.8,50.0,100.0,100,False,
https://www.goodrx.com/amiodarone,amiodarone 200mg (30 tablets),100mg,,,0.0,0.0,0.0,0,True,NO MATCH FOUND
https://www.goodrx.com/pacerone,amiodarone 200mg (30 tablets),400mg,834350,amiodarone hydrochloride 400 MG Oral Tablet [Pacerone],75.0,50.0,100.0,100,False,
https://www.goodrx.com/cordarone,amiodarone 200mg (30 tablets),200mg,833530,amiodarone hydrochloride 200 MG Oral Tablet [Cordarone],79.7,50.0,100.0,100,False,
https://www.goodrx.com/pacerone,amiodarone 200mg (30 tablets),200mg,833530,amiodarone hydrochloride 200 MG Oral Tablet [Cordarone],79.7,50.0,100.0,100,False,
https://www.goodrx.com/pacerone,amiodarone 200mg (30 tablets),100mg,835958,amiodarone hydrochloride 100 MG Oral Tablet [Pacerone],75.0,50.0,100.0,100,False,
https://www.goodrx.com/amiodarone,amiodarone 200mg (30 tablets),200mg,833530,amiodarone hydrochloride 200 MG Oral Tablet [Cordarone],66.7,33.3,100.0,100,False,
https://www.goodrx.com/amitid,amitriptyline 25mg (30 tablets),10mg,856706,amitriptyline hydrochloride 10 MG / perphenazine 2 MG Oral Tablet,57.5,50.0,100.0,100,True,856720:amitriptyline hydrochloride 10 MG / perphenazine 4(57.5); 856783:amitriptyline hydrochloride 10 MG Oral Tablet(57.5); 856792:amitriptyline hydrochloride 25 MG / chlordiazepoxi(57.5)
https://www.goodrx.com/amitril,amitriptyline 25mg (30 tablets),150mg,856773,amitriptyline hydrochloride 150 MG Oral Tablet,57.5,50.0,100.0,100,False,
https://www.goodrx.com/amitriptyline,amitriptyline 25mg (30 tablets),50mg,,,0.0,0.0,0.0,0,True,NO MATCH FOUND
https://www.goodrx.com/amitid,amitriptyline 25mg (30 tablets),100mg,856762,amitriptyline hydrochloride 100 MG Oral Tablet,57.5,50.0,100.0,100,False,
https://www.goodrx.com/amitriptyline,amitriptyline 25mg (30 tablets),25mg,,,0.0,0.0,0.0,0,True,NO MATCH FOUND
https://www.goodrx.com/amitid,amitriptyline 25mg (30 tablets),25mg,856836,amitriptyline hydrochloride 25 MG Oral Tablet [Elavil],68.7,50.0,100.0,100,False,
https://www.goodrx.com/amitid,amitriptyline 25mg (30 tablets),150mg,856773,amitriptyline hydrochloride 150 MG Oral Tablet,57.5,50.0,100.0,100,False,
https://www.goodrx.com/amitriptyline,amitriptyline 25mg (30 tablets),100mg,,,0.0,0.0,0.0,0,True,NO MATCH FOUND
https://www.goodrx.com/endep,amitriptyline 25mg (30 tablets),75mg,856853,amitriptyline hydrochloride 75 MG Oral Tablet,57.5,50.0,100.0,100,False,
https://www.goodrx.com/amitril,amitriptyline 25mg (30 tablets),50mg,856840,amitriptyline hydrochloride 50 MG / perphenazine 4 MG Oral Tablet,57.5,50.0,100.0,100,True,856845:amitriptyline hydrochloride 50 MG Oral Tablet(57.5)
https://www.goodrx.com/endep,amitriptyline 25mg (30 tablets),10mg,856706,amitriptyline hydrochloride 10 MG / perphenazine 2 MG Oral Tablet,57.5,50.0,100.0,100,True,856720:amitriptyline hydrochloride 10 MG / perphenazine 4(57.5); 856783:amitriptyline hydrochloride 10 MG Oral Tablet(57.5); 856792:amitriptyline hydrochloride 25 MG / chlordiazepoxi(57.5)
https://www.goodrx.com/endep,amitriptyline 25mg (30 tablets),50mg,856840,amitriptyline hydrochloride 50 MG / perphenazine 4 MG Oral Tablet,57.5,50.0,100.0,100,True,856845:amitriptyline hydrochloride 50 MG Oral Tablet(57.5)
https://www.goodrx.com/endep,amitriptyline 25mg (30 tablets),25mg,856836,amitriptyline hydrochloride 25 MG Oral Tablet [Elavil],68.7,50.0,100.0,100,False,
https://www.goodrx.com/amitriptyline,amitriptyline 25mg (30 tablets),150mg,,,0.0,0.0,0.0,0,True,NO MATCH FOUND
https://www.goodrx.com/amitid,amitriptyline 25mg (30 tablets),50mg,856840,amitriptyline hydrochloride 50 MG / perphenazine 4 MG Oral Tablet,57.5,50.0,100.0,100,True,856845:amitriptyline hydrochloride 50 MG Oral Tablet(57.5)
https://www.goodrx.com/amitid,amitriptyline 25mg (30 tablets),75mg,856853,amitriptyline hydrochloride 75 MG Oral Tablet,57.5,50.0,100.0,100,False,
https://www.goodrx.com/amitril,amitriptyline 25mg (30 tablets),25mg,856836,amitriptyline hydrochloride 25 MG Oral Tablet [Elavil],68.7,50.0,100.0,100,False,
https://www.goodrx.com/amitril,amitriptyline 25mg (30 tablets),10mg,856706,amitriptyline hydrochloride 10 MG / perphenazine 2 MG Oral Tablet,57.5,50.0,100.0,100,True,856720:amitriptyline hydrochloride 10 MG / perphenazine 4(57.5); 856783:amitriptyline hydrochloride 10 MG Oral Tablet(57.5); 856792:amitriptyline hydrochloride 25 MG / chlordiazepoxi(57.5)
https://www.goodrx.com/amitriptyline,amitriptyline 25mg (30 tablets),75mg,,,0.0,0.0,0.0,0,True,NO MATCH FOUND
https://www.goodrx.com/amitril,amitriptyline 25mg (30 tablets),75mg,856853,amitriptyline hydrochloride 75 MG Oral Tablet,57.5,50.0,100.0,100,False,
https://www.goodrx.com/amitriptyline,amitriptyline 25mg (30 tablets),10mg,,,0.0,0.0,0.0,0,True,NO MATCH FOUND
https://www.goodrx.com/amvaz,amlodipine 10mg (30 tablets),10mg,2726070,amlodipine 10 MG Powder for Oral Solution [Sdamlo],73.5,50.0,100.0,100,True,750199:amlodipine 10 MG / atorvastatin 10 MG Oral Tablet (70.2); 750203:amlodipine 10 MG / atorvastatin 20 MG Oral Tablet (70.2); 750207:amlodipine 10 MG / atorvastatin 40 MG Oral Tablet (70.2)
https://www.goodrx.com/amvaz,amlodipine 10mg (30 tablets),2.5mg,2726064,amlodipine 2.5 MG Powder for Oral Solution [Sdamlo],73.5,50.0,100.0,100,True,2727462:amlodipine 2.5 MG / indapamide 1.25 MG / telmisart(69.1); 2727465:amlodipine 5 MG / indapamide 2.5 MG / telmisartan (69.1); 2049593:amlodipine 2.5 MG / celecoxib 200 MG Oral Tablet [(69.1)
https://www.goodrx.com/amvaz,amlodipine 10mg (30 tablets),5mg,2726067,amlodipine 5 MG Powder for Oral Solution [Sdamlo],73.5,50.0,100.0,100,True,750227:amlodipine 5 MG / atorvastatin 10 MG Oral Tablet [(70.2); 750231:amlodipine 5 MG / atorvastatin 20 MG Oral Tablet [(70.2); 750235:amlodipine 5 MG / atorvastatin 40 MG Oral Tablet [(70.2)
https://www.goodrx.com/amlodipine-atorvastatin,amlodipine/atorvastatin 10mg/10mg (30 tablets),2.5mg/20mg,597974,amlodipine 2.5 MG / atorvastatin 20 MG Oral Tablet,78.8,50.0,100.0,100,False,
https://www.goodrx.com/amlodipine-atorvastatin,amlodipine/atorvastatin 10mg/10mg (30 tablets),10mg/10mg,404013,amlodipine 10 MG / atorvastatin 80 MG Oral Tablet,78.8,50.0,100.0,100,True,597967:amlodipine 10 MG / atorvastatin 20 MG Oral Tablet(78.8); 597971:amlodipine 2.5 MG / atorvastatin 10 MG Oral Tablet(78.8); 597977:amlodipine 5 MG / atorvastatin 10 MG Oral Tablet(78.8)
https://www.goodrx.com/amlodipine-olmesartan,amlodipine/olmesartan 10mg/40mg (30 tablets),10mg/20mg,730861,amlodipine 10 MG / olmesartan medoxomil 20 MG Oral Tablet,78.8,50.0,100.0,100,False,
https://www.goodrx.com/amlodipine-olmesartan,amlodipine/olmesartan 10mg/40mg (30 tablets),10mg/40mg,999986,amlodipine 10 MG / hydrochlorothiazide 12.5 MG / olmesartan medoxomil 40 MG Oral Tablet,78.8,50.0,100.0,100,True,999991:amlodipine 10 MG / hydrochlorothiazide 25 MG / olm(78.8); 730866:amlodipine 10 MG / olmesartan medoxomil 40 MG Oral(78.8)
https://www.goodrx.com/exforge,amlodipine/valsartan 5mg/160mg (30 tablets),5mg/320mg,724895,amlodipine 5 MG / valsartan 320 MG Oral Tablet [Exforge],67.9,60.0,100.0,100,False,
https://www.goodrx.com/exforge,amlodipine/valsartan 5mg/160mg (30 tablets),10mg/320mg,848139,amlodipine 10 MG / hydrochlorothiazide 25 MG / valsartan 320 MG Oral Tablet [Exforge HCT],70.8,60.0,100.0,100,True,724887:amlodipine 10 MG / valsartan 320 MG Oral Tablet [E(67.9)
https://www.goodrx.com/exforge,amlodipine/valsartan 5mg/160mg (30 tablets),5mg/160mg,848144,amlodipine 5 MG / hydrochlorothiazide 12.5 MG / valsartan 160 MG Oral Tablet [Exforge HCT],70.8,60.0,100.0,100,True,848149:amlodipine 5 MG / hydrochlorothiazide 25 MG / vals(70.8); 724891:amlodipine 5 MG / valsartan 160 MG Oral Tablet [Ex(67.9)
https://www.goodrx.com/exforge,amlodipine/valsartan 5mg/160mg (30 tablets),10mg/160mg,848134,amlodipine 10 MG / hydrochlorothiazide 12.5 MG / valsartan 160 MG Oral Tablet [Exforge HCT],70.8,60.0,100.0,100,True,848155:amlodipine 10 MG / hydrochlorothiazide 25 MG / val(70.8); 724879:amlodipine 10 MG / valsartan 160 MG Oral Tablet [E(67.9)
https://www.goodrx.com/exforge-hct,amlodipine/valsartan/hctz 10mg/320mg/25mg (30 tablets),5mg/160mg/12.5mg,848144,amlodipine 5 MG / hydrochlorothiazide 12.5 MG / valsartan 160 MG Oral Tablet [Exforge HCT],69.1,50.0,100.0,100,False,
https://www.goodrx.com/amlodipine-valsartan-hctz,amlodipine/valsartan/hctz 10mg/320mg/25mg (30 tablets),10mg/160mg/12.5mg,,,0.0,0.0,0.0,0,True,NO MATCH FOUND
https://www.goodrx.com/exforge-hct,amlodipine/valsartan/hctz 10mg/320mg/25mg (30 tablets),10mg/320mg/25mg,848139,amlodipine 10 MG / hydrochlorothiazide 25 MG / valsartan 320 MG Oral Tablet [Exforge HCT],69.1,50.0,100.0,100,False,
https://www.goodrx.com/exforge-hct,amlodipine/valsartan/hctz 10mg/320mg/25mg (30 tablets),5mg/160mg/25mg,848149,amlodipine 5 MG / hydrochlorothiazide 25 MG / valsartan 160 MG Oral Tablet [Exforge HCT],69.1,50.0,100.0,100,False,
https://www.goodrx.com/amlodipine-valsartan-hctz,amlodipine/valsartan/hctz 10mg/320mg/25mg (30 tablets),10mg/320mg/25mg,,,0.0,0.0,0.0,0,True,NO MATCH FOUND
https://www.goodrx.com/asendin,amoxapine 50mg (30 tablets),100mg,197363,amoxapine 100 MG Oral Tablet,57.5,50.0,100.0,100,False,
https://www.goodrx.com/asendin,amoxapine 50mg (30 tablets),150mg,197364,amoxapine 150 MG Oral Tablet,57.5,50.0,100.0,100,False,
https://www.goodrx.com/asendin,amoxapine 50mg (30 tablets),50mg,197366,amoxapine 50 MG Oral Tablet,57.5,50.0,100.0,100,False,
https://www.goodrx.com/amphetamine-salt-combo,amphetamine salt combo 20mg (30 tablets),12.5mg,541363,amphetamine aspartate 7.5 MG / amphetamine sulfate 7.5 MG / dextroamphetamine saccharate 7.5 MG / dextroamphetamine sulfate 7.5 MG Oral Tablet,42.0,50.0,0.0,100,True,541878:amphetamine aspartate 1.25 MG / amphetamine sulfat(42.0); 1600695:amphetamine sulfate 10 MG Oral Tablet(42.0); 541892:amphetamine aspartate 2.5 MG / amphetamine sulfate(42.0)
https://www.goodrx.com/amphetamine-salt-combo,amphetamine salt combo 20mg (30 tablets),20mg,2118900,amphetamine sulfate 20 MG Disintegrating Oral Tablet,78.8,50.0,100.0,100,False,
https://www.goodrx.com/adderall,amphetamine salt combo 20mg (30 tablets),30mg,541365,amphetamine aspartate 7.5 MG / amphetamine sulfate 7.5 MG / dextroamphetamine saccharate 7.5 MG / dextroamphetamine sulfate 7.5 MG Oral Tablet [Adderall],41.1,50.0,0.0,100,True,541879:amphetamine aspartate 1.25 MG / amphetamine sulfat(41.1); 541894:amphetamine aspartate 2.5 MG / amphetamine sulfate(41.1); 577960:amphetamine aspartate 3.75 MG / amphetamine sulfat(41.1)
https://www.goodrx.com/adderall,amphetamine salt combo 20mg (30 tablets),20mg,2175893,amphetamine sulfate 20 MG Disintegrating Oral Tablet [Evekeo],66.0,50.0,100.0,100,False,
https://www.goodrx.com/adderall,amphetamine salt combo 20mg (30 tablets),12.5mg,541365,amphetamine aspartate 7.5 MG / amphetamine sulfate 7.5 MG / dextroamphetamine saccharate 7.5 MG / dextroamphetamine sulfate 7.5 MG Oral Tablet [Adderall],41.1,50.0,0.0,100,True,541879:amphetamine aspartate 1.25 MG / amphetamine sulfat(41.1); 541894:amphetamine aspartate 2.5 MG / amphetamine sulfate(41.1); 577960:amphetamine aspartate 3.75 MG / amphetamine sulfat(41.1)
https://www.goodrx.com/amphetamine-salt-combo,amphetamine salt combo 20mg (30 tablets),10mg,1600695,amphetamine sulfate 10 MG Oral Tablet,78.8,50.0,100.0,100,True,2118896:amphetamine sulfate 10 MG Disintegrating Oral Tabl(78.8)
https://www.goodrx.com/amphetamine-salt-combo,amphetamine salt combo 20mg (30 tablets),30mg,541363,amphetamine aspartate 7.5 MG / amphetamine sulfate 7.5 MG / dextroamphetamine saccharate 7.5 MG / dextroamphetamine sulfate 7.5 MG Oral Tablet,42.0,50.0,0.0,100,True,541878:amphetamine aspartate 1.25 MG / amphetamine sulfat(42.0); 1600695:amphetamine sulfate 10 MG Oral Tablet(42.0); 541892:amphetamine aspartate 2.5 MG / amphetamine sulfate(42.0)
https://www.goodrx.com/adderall,amphetamine salt combo 20mg (30 tablets),15mg,2175891,amphetamine sulfate 15 MG Disintegrating Oral Tablet [Evekeo],66.0,50.0,100.0,100,False,
https://www.goodrx.com/amphetamine-salt-combo,amphetamine salt combo 20mg (30 tablets),5mg,2118895,amphetamine sulfate 5 MG Disintegrating Oral Tablet,78.8,50.0,100.0,100,True,577961:amphetamine aspartate 5 MG / amphetamine sulfate 5(78.8); 884655:amphetamine sulfate 5 MG Oral Tablet(78.8)
https://www.goodrx.com/adderall,amphetamine salt combo 20mg (30 tablets),7.5mg,541365,amphetamine aspartate 7.5 MG / amphetamine sulfate 7.5 MG / dextroamphetamine saccharate 7.5 MG / dextroamphetamine sulfate 7.5 MG Oral Tablet [Adderall],67.4,50.0,100.0,100,False,
https://www.goodrx.com/amphetamine-salt-combo,amphetamine salt combo 20mg (30 tablets),7.5mg,541363,amphetamine aspartate 7.5 MG / amphetamine sulfate 7.5 MG / dextroamphetamine saccharate 7.5 MG / dextroamphetamine sulfate 7.5 MG Oral Tablet,78.8,50.0,100.0,100,False,
https://www.goodrx.com/amphetamine-salt-combo,amphetamine salt combo 20mg (30 tablets),15mg,2118898,amphetamine sulfate 15 MG Disintegrating Oral Tablet,78.8,50.0,100.0,100,False,
https://www.goodrx.com/adderall,amphetamine salt combo 20mg (30 tablets),5mg,577962,amphetamine aspartate 5 MG / amphetamine sulfate 5 MG / dextroamphetamine saccharate 5 MG / dextroamphetamine sulfate 5 MG Oral Tablet [Adderall],67.4,50.0,100.0,100,True,1600700:amphetamine sulfate 5 MG Oral Tablet [Evekeo](66.0); 2175894:amphetamine sulfate 5 MG Disintegrating Oral Table(66.0)
https://www.goodrx.com/adderall,amphetamine salt combo 20mg (30 tablets),10mg,1600698,amphetamine sulfate 10 MG Oral Tablet [Evekeo],66.0,50.0,100.0,100,True,2175796:amphetamine sulfate 10 MG Disintegrating Oral Tabl(66.0)
https://www.goodrx.com/aplenzin,aplenzin 348mg (30 tablets),522mg,,,0.0,0.0,0.0,0,True,NO MATCH FOUND
https://www.goodrx.com/aplenzin,aplenzin 348mg (30 tablets),174mg,,,0.0,0.0,0.0,0,True,NO MATCH FOUND
https://www.goodrx.com/aplenzin,aplenzin 348mg (30 tablets),348mg,,,0.0,0.0,0.0,0,True,NO MATCH FOUND
https://www.goodrx.com/aquanaz,aquanaz 15mg/400mg/10mg (30 tablets),15mg/400mg/10mg,,,0.0,0.0,0.0,0,True,NO MATCH FOUND
https://www.goodrx.com/aripiprazole,aripiprazole 5mg (30 tablets),2mg,2697158,aripiprazole 2 MG Oral Film,78.8,50.0,100.0,100,True,1998456:Sensor aripiprazole 2 MG Oral Tablet(78.8)
https://www.goodrx.com/aripiprazole,aripiprazole 5mg (30 tablets),20mg,643027,aripiprazole 20 MG Disintegrating Oral Tablet,78.8,50.0,100.0,100,True,1998458:Sensor aripiprazole 20 MG Oral Tablet(78.8)
https://www.goodrx.com/aripiprazole,aripiprazole 5mg (30 tablets),30mg,349547,aripiprazole 30 MG Oral Tablet,78.8,50.0,100.0,100,True,643058:aripiprazole 30 MG Disintegrating Oral Tablet(78.8)
https://www.goodrx.com/aripiprazole,aripiprazole 5mg (30 tablets),5mg,2697165,aripiprazole 5 MG Oral Film,78.8,50.0,100.0,100,True,402131:aripiprazole 5 MG Oral Tablet(78.8)
https://www.goodrx.com/aripiprazole,aripiprazole 5mg (30 tablets),10mg,643019,aripiprazole 10 MG Disintegrating Oral Tablet,78.8,50.0,100.0,100,True,2697168:aripiprazole 10 MG Oral Film(78.8); 349545:aripiprazole 10 MG Oral Tablet(78.8)
https://www.goodrx.com/aripiprazole,aripiprazole 5mg (30 tablets),15mg,349490,aripiprazole 15 MG Oral Tablet,78.8,50.0,100.0,100,True,643022:aripiprazole 15 MG Disintegrating Oral Tablet(78.8)
https://www.goodrx.com/nuvigil,armodafinil 250mg (30 tablets),150mg,805659,armodafinil 150 MG Oral Tablet [Nuvigil],69.1,50.0,100.0,100,False,
https://www.goodrx.com/armodafinil,armodafinil 250mg (30 tablets),150mg,724859,armodafinil 150 MG Oral Tablet,78.8,50.0,100.0,100,False,
https://www.goodrx.com/nuvigil,armodafinil 250mg (30 tablets),50mg,805663,armodafinil 50 MG Oral Tablet [Nuvigil],69.1,50.0,100.0,100,False,
https://www.goodrx.com/armodafinil,armodafinil 250mg (30 tablets),50mg,724863,armodafinil 50 MG Oral Tablet,78.8,50.0,100.0,100,False,
https://www.goodrx.com/armodafinil,armodafinil 250mg (30 tablets),250mg,724861,armodafinil 250 MG Oral Tablet,78.8,50.0,100.0,100,False,
https://www.goodrx.com/nuvigil,armodafinil 250mg (30 tablets),250mg,805661,armodafinil 250 MG Oral Tablet [Nuvigil],69.1,50.0,100.0,100,False,
https://www.goodrx.com/armodafinil,armodafinil 250mg (30 tablets),200mg,861960,armodafinil 200 MG Oral Tablet,78.8,50.0,100.0,100,False,
https://www.goodrx.com/aspirin,aspirin 81mg (30 tablets),81mg,825180,aspirin 81 MG Chewable Tablet [Bayer Aspirin],100.0,100.0,100.0,100,False,
https://www.goodrx.com/atorvastatin,atorvastatin 40mg (30 tablets),20mg,1422093,atorvastatin 20 MG / ezetimibe 10 MG Oral Tablet,78.8,50.0,100.0,100,True,597967:amlodipine 10 MG / atorvastatin 20 MG Oral Tablet(78.8); 597974:amlodipine 2.5 MG / atorvastatin 20 MG Oral Tablet(78.8); 597980:amlodipine 5 MG / atorvastatin 20 MG Oral Tablet(78.8)
https://www.goodrx.com/atorvastatin,atorvastatin 40mg (30 tablets),10mg,1422086,atorvastatin 10 MG / ezetimibe 10 MG Oral Tablet,78.8,50.0,100.0,100,True,1422093:atorvastatin 20 MG / ezetimibe 10 MG Oral Tablet(78.8); 1422096:atorvastatin 40 MG / ezetimibe 10 MG Oral Tablet(78.8); 1422099:atorvastatin 80 MG / ezetimibe 10 MG Oral Tablet(78.8)
https://www.goodrx.com/atorvastatin,atorvastatin 40mg (30 tablets),40mg,1422096,atorvastatin 40 MG / ezetimibe 10 MG Oral Tablet,78.8,50.0,100.0,100,True,617311:atorvastatin 40 MG Oral Tablet(78.8); 597984:amlodipine 5 MG / atorvastatin 40 MG Oral Tablet(78.8); 597990:amlodipine 10 MG / atorvastatin 40 MG Oral Tablet(78.8)
https://www.goodrx.com/atorvastatin,atorvastatin 40mg (30 tablets),80mg,1422099,atorvastatin 80 MG / ezetimibe 10 MG Oral Tablet,78.8,50.0,100.0,100,True,404011:amlodipine 5 MG / atorvastatin 80 MG Oral Tablet(78.8); 404013:amlodipine 10 MG / atorvastatin 80 MG Oral Tablet(78.8); 259255:atorvastatin 80 MG Oral Tablet(78.8)
https://www.goodrx.com/atovaquone-proguanil,atovaquone/proguanil 250mg/100mg (30 tablets),62.5mg/25mg,864681,atovaquone 62.5 MG / proguanil hydrochloride 25 MG Oral Tablet,78.8,50.0,100.0,100,False,
https://www.goodrx.com/atovaquone-proguanil,atovaquone/proguanil 250mg/100mg (30 tablets),250mg/100mg,864675,atovaquone 250 MG / proguanil hydrochloride 100 MG Oral Tablet,78.8,50.0,100.0,100,False,
https://www.goodrx.com/austedo-xr,austedo xr 24mg (30 tablets),36mg,2683291,24 HR deutetrabenazine 36 MG Extended Release Oral Tablet [Austedo],68.2,0.0,100.0,100,False,
https://www.goodrx.com/austedo-xr,austedo xr 24mg (30 tablets),24mg,2630153,24 HR deutetrabenazine 24 MG Extended Release Oral Tablet [Austedo],68.2,0.0,100.0,100,False,
https://www.goodrx.com/austedo-xr,austedo xr 24mg (30 tablets),12mg,2630147,24 HR deutetrabenazine 12 MG Extended Release Oral Tablet [Austedo],68.2,0.0,100.0,100,False,
https://www.goodrx.com/austedo-xr,austedo xr 24mg (30 tablets),30mg,2683285,24 HR deutetrabenazine 30 MG Extended Release Oral Tablet [Austedo],68.2,0.0,100.0,100,False,
https://www.goodrx.com/austedo-xr,austedo xr 24mg (30 tablets),6mg,2630157,24 HR deutetrabenazine 6 MG Extended Release Oral Tablet [Austedo],68.2,0.0,100.0,100,False,
https://www.goodrx.com/austedo-xr,austedo xr 24mg (30 tablets),18mg,2686156,24 HR deutetrabenazine 18 MG Extended Release Oral Tablet [Austedo],68.2,0.0,100.0,100,False,
https://www.goodrx.com/austedo-xr,austedo xr 24mg (30 tablets),48mg,2683303,24 HR deutetrabenazine 48 MG Extended Release Oral Tablet [Austedo],68.2,0.0,100.0,100,False,
https://www.goodrx.com/avandia,avandia 4mg (30 tablets),4mg,861763,metformin hydrochloride 1000 MG / rosiglitazone 4 MG Oral Tablet,57.5,50.0,100.0,100,False,
https://www.goodrx.com/avandia,avandia 4mg (30 tablets),2mg,861760,metformin hydrochloride 1000 MG / rosiglitazone 2 MG Oral Tablet,57.5,50.0,100.0,100,False,
https://www.goodrx.com/belsomra,belsomra 10mg (30 tablets),,1547110,suvorexant 10 MG Oral Tablet [Belsomra],86.6,50.0,100.0,100,False,
https://www.goodrx.com/benazepril,benazepril 40mg (30 tablets),5mg,898723,benazepril hydrochloride 5 MG Oral Tablet,78.8,50.0,100.0,100,True,898353:amlodipine 5 MG / benazepril hydrochloride 10 MG O(78.8); 898356:amlodipine 5 MG / benazepril hydrochloride 20 MG O(78.8); 898359:amlodipine 5 MG / benazepril hydrochloride 40 MG O(78.8)
https://www.goodrx.com/benazepril,benazepril 40mg (30 tablets),20mg,898690,benazepril hydrochloride 20 MG Oral Tablet,78.8,50.0,100.0,100,True,898342:amlodipine 10 MG / benazepril hydrochloride 20 MG (78.8); 898356:amlodipine 5 MG / benazepril hydrochloride 20 MG O(78.8); 898367:benazepril hydrochloride 20 MG / hydrochlorothiazi(78.8)
https://www.goodrx.com/benazepril,benazepril 40mg (30 tablets),10mg,898342,amlodipine 10 MG / benazepril hydrochloride 20 MG Oral Capsule,78.8,50.0,100.0,100,True,898346:amlodipine 10 MG / benazepril hydrochloride 40 MG (78.8); 898350:amlodipine 2.5 MG / benazepril hydrochloride 10 MG(78.8); 898353:amlodipine 5 MG / benazepril hydrochloride 10 MG O(78.8)
https://www.goodrx.com/benazepril,benazepril 40mg (30 tablets),40mg,898719,benazepril hydrochloride 40 MG Oral Tablet,78.8,50.0,100.0,100,True,898346:amlodipine 10 MG / benazepril hydrochloride 40 MG (78.8); 898359:amlodipine 5 MG / benazepril hydrochloride 40 MG O(78.8)
https://www.goodrx.com/apadaz,benzhydrocodone/acetaminophen 4.08mg/325mg (30 tablets),8.16mg/325mg,857007,acetaminophen 325 MG / hydrocodone bitartrate 7.5 MG Oral Tablet [Norco],71.8,60.0,100.0,100,True,2118734:acetaminophen 325 MG / benzhydrocodone 8.16 MG Ora(68.5)
https://www.goodrx.com/apadaz,benzhydrocodone/acetaminophen 4.08mg/325mg (30 tablets),6.12mg/325mg,2001364,acetaminophen 325 MG / benzhydrocodone 6.12 MG Oral Tablet [Apadaz],68.5,60.0,100.0,100,False,
https://www.goodrx.com/apadaz,benzhydrocodone/acetaminophen 4.08mg/325mg (30 tablets),4.08mg/325mg,2118730,acetaminophen 325 MG / benzhydrocodone 4.08 MG Oral Tablet [Apadaz],68.5,60.0,100.0,100,False,
https://www.goodrx.com/benzhydrocodone-acetaminophen,benzhydrocodone/acetaminophen 6.12mg/325mg (30 tablets),6.12mg/325mg,2001358,acetaminophen 325 MG / benzhydrocodone 6.12 MG Oral Tablet,78.8,50.0,100.0,100,False,
https://www.goodrx.com/benzhydrocodone-acetaminophen,benzhydrocodone/acetaminophen 6.12mg/325mg (30 tablets),8.16mg/325mg,2118732,acetaminophen 325 MG / benzhydrocodone 8.16 MG Oral Tablet,78.8,50.0,100.0,100,False,
https://www.goodrx.com/benznidazole,benznidazole 100mg (30 tablets),100mg,430551,benznidazole 100 MG Oral Tablet,75.0,100.0,100.0,100,False,
https://www.goodrx.com/benztropine-mesylate,benztropine mesylate 1mg (30 tablets),1mg,885205,2 ML benztropine mesylate 1 MG/ML Injection,78.8,50.0,100.0,100,True,885213:benztropine mesylate 1 MG Oral Tablet(78.8)
https://www.goodrx.com/cogentin,benztropine mesylate 1mg (30 tablets),,,,0.0,0.0,0.0,0,True,NO MATCH FOUND
https://www.goodrx.com/benztropine-mesylate,benztropine mesylate 1mg (30 tablets),0.5mg,885219,benztropine mesylate 0.5 MG Oral Tablet,78.8,50.0,100.0,100,False,
https://www.goodrx.com/benztropine-mesylate,benztropine mesylate 1mg (30 tablets),2mg,885209,benztropine mesylate 2 MG Oral Tablet,78.8,50.0,100.0,100,False,
https://www.goodrx.com/bicalutamide,bicalutamide 50mg (30 tablets),50mg,199123,bicalutamide 50 MG Oral Tablet,78.8,50.0,100.0,100,False,
https://www.goodrx.com/biktarvy,biktarvy 50mg/200mg/25mg (30 tablets),30mg/120mg/15mg,2584356,bictegravir 30 MG / emtricitabine 120 MG / tenofovir alafenamide 15 MG Oral Tablet [Biktarvy],68.2,0.0,100.0,100,False,
https://www.goodrx.com/biktarvy,biktarvy 50mg/200mg/25mg (30 tablets),50mg/200mg/25mg,1999673,bictegravir 50 MG / emtricitabine 200 MG / tenofovir alafenamide 25 MG Oral Tablet [Biktarvy],68.2,0.0,100.0,100,False,
https://www.goodrx.com/bisoprolol,bisoprolol 5mg (30 tablets),5mg,854919,bisoprolol fumarate 5 MG / hydrochlorothiazide 6.25 MG Oral Tablet,78.8,50.0,100.0,100,True,854905:bisoprolol fumarate 5 MG Oral Tablet(78.8)
https://www.goodrx.com/bisoprolol,bisoprolol 5mg (30 tablets),10mg,854901,bisoprolol fumarate 10 MG Oral Tablet,78.8,50.0,100.0,100,True,854908:bisoprolol fumarate 10 MG / hydrochlorothiazide 6.(78.8)
https://www.goodrx.com/parlodel,bromocriptine 2.5mg (30 tablets),2.5mg,105446,bromocriptine 2.5 MG Oral Tablet [Parlodel],74.0,66.7,100.0,100,False,
https://www.goodrx.com/bupropion,bupropion 75mg (30 tablets),,993691,bupropion hydrochloride 75 MG Oral Tablet,78.8,50.0,100.0,100,False,
https://www.goodrx.com/phrenilin,butalbital/acetaminophen 50mg/325mg (30 tablets),50mg/325mg,209826,acetaminophen 325 MG / butalbital 50 MG Oral Tablet [Marten-Tab],74.9,60.0,100.0,100,True,1433802:acetaminophen 300 MG / butalbital 50 MG / caffeine(74.5); 1487251:acetaminophen 325 MG / butalbital 50 MG / caffeine(74.2)
https://www.goodrx.com/esgic,butalbital/acetaminophen/caffeine 50mg/325mg/40mg (30 tablets),50mg/325mg/40mg,1433802,acetaminophen 300 MG / butalbital 50 MG / caffeine 40 MG / codeine phosphate 30 MG Oral Capsule [Fioricet with Codeine],76.2,66.7,100.0,100,True,1487251:acetaminophen 325 MG / butalbital 50 MG / caffeine(74.4); 1432261:acetaminophen 300 MG / butalbital 50 MG / caffeine(72.9); 211194:acetaminophen 325 MG / butalbital 50 MG / caffeine(72.0)
https://www.goodrx.com/candesartan,candesartan 32mg (30 tablets),16mg,577776,candesartan cilexetil 16 MG Oral Tablet,78.8,50.0,100.0,100,True,578325:candesartan cilexetil 16 MG / hydrochlorothiazide (78.8)
https://www.goodrx.com/candesartan,candesartan 32mg (30 tablets),32mg,639537,candesartan cilexetil 32 MG Oral Tablet,78.8,50.0,100.0,100,True,578330:candesartan cilexetil 32 MG / hydrochlorothiazide (78.8); 802749:candesartan cilexetil 32 MG / hydrochlorothiazide (78.8)
https://www.goodrx.com/candesartan,candesartan 32mg (30 tablets),4mg,153822,candesartan cilexetil 4 MG Oral Tablet,78.8,50.0,100.0,100,False,
https://www.goodrx.com/atacand,candesartan 32mg (30 tablets),16mg,805863,candesartan cilexetil 16 MG / hydrochlorothiazide 12.5 MG Oral Tablet [Atacand HCT],72.3,50.0,100.0,100,True,639539:candesartan cilexetil 16 MG Oral Tablet [Atacand](72.0)
https://www.goodrx.com/atacand,candesartan 32mg (30 tablets),4mg,577785,candesartan cilexetil 4 MG Oral Tablet [Atacand],72.0,50.0,100.0,100,False,
https://www.goodrx.com/atacand,candesartan 32mg (30 tablets),8mg,577787,candesartan cilexetil 8 MG Oral Tablet [Atacand],72.0,50.0,100.0,100,False,
https://www.goodrx.com/candesartan,candesartan 32mg (30 tablets),8mg,153823,candesartan cilexetil 8 MG Oral Tablet,78.8,50.0,100.0,100,False,
https://www.goodrx.com/atacand,candesartan 32mg (30 tablets),32mg,805859,candesartan cilexetil 32 MG / hydrochlorothiazide 12.5 MG Oral Tablet [Atacand HCT],72.3,50.0,100.0,100,True,805855:candesartan cilexetil 32 MG / hydrochlorothiazide (72.3); 639543:candesartan cilexetil 32 MG Oral Tablet [Atacand](72.0)
https://www.goodrx.com/cardura-xl,cardura xl 4mg (30 tablets),8mg,1242408,24 HR doxazosin 8 MG Extended Release Oral Tablet [Cardura],68.2,0.0,100.0,100,False,
https://www.goodrx.com/cardura-xl,cardura xl 4mg (30 tablets),4mg,1242404,24 HR doxazosin 4 MG Extended Release Oral Tablet [Cardura],68.2,0.0,100.0,100,False,
https://www.goodrx.com/cetirizine,cetirizine 24 hour of 10mg (30 tablets),24 hour of 10mg,1014571,12 HR cetirizine hydrochloride 5 MG / pseudoephedrine hydrochloride 120 MG Extended Release Oral Tablet,50.8,66.7,0.0,100,True,1482533:cetirizine hydrochloride 1 MG/ML Oral Solution [Wa(48.3)
https://www.goodrx.com/children-s-allegra,children's fexofenadine 12 hour (30 tablets),12 hour,1190331,12 HR fexofenadine hydrochloride 60 MG / pseudoephedrine hydrochloride 120 MG Extended Release Oral Tablet [Wal-Fex D],64.9,75.0,50.0,100,True,1190334:24 HR fexofenadine hydrochloride 180 MG / pseudoep(64.9)
https://www.goodrx.com/diuril,chlorothiazide 500mg (30 tablets),250mg,197475,chlorothiazide 250 MG Oral Tablet,57.5,50.0,100.0,100,False,
https://www.goodrx.com/chlorothiazide,chlorothiazide 500mg (30 tablets),500mg,484152,chlorothiazide 500 MG Injection,78.8,50.0,100.0,100,True,197476:chlorothiazide 500 MG Oral Tablet(78.8)
https://www.goodrx.com/chlorothiazide,chlorothiazide 500mg (30 tablets),250mg,197475,chlorothiazide 250 MG Oral Tablet,78.8,50.0,100.0,100,False,
https://www.goodrx.com/diuril,chlorothiazide 500mg (30 tablets),500mg,996476,chlorothiazide 500 MG Injection [Diuril],65.6,50.0,100.0,100,False,
https://www.goodrx.com/chlorpheniramine,chlorpheniramine 4mg (30 tablets),,1363311,chlorpheniramine maleate 4 MG Oral Tablet [Chlor-Trimeton],92.8,100.0,100.0,100,False,
https://www.goodrx.com/chlorpheniramine-dextromethorphan,chlorpheniramine/dextromethorphan 4mg/30mg (30 tablets),4mg/30mg,1421985,chlorpheniramine maleate 4 MG / dextromethorphan hydrobromide 30 MG Oral Tablet,63.3,66.7,100.0,100,True,2636658:acetaminophen 1000 MG / chlorpheniramine maleate 4(63.3); 1363311:chlorpheniramine maleate 4 MG Oral Tablet [Chlor-T(60.7)
https://www.goodrx.com/cimduo,cimduo 300mg/300mg (30 tablets),300mg/300mg,2003255,lamivudine 300 MG / tenofovir disoproxil fumarate 300 MG Oral Tablet [Cimduo],68.2,0.0,100.0,100,False,
https://www.goodrx.com/citalopram,citalopram 20mg (30 tablets),,351250,escitalopram 20 MG Oral Tablet,78.8,50.0,100.0,100,True,200371:citalopram 20 MG Oral Tablet(78.8)
https://www.goodrx.com/clonazepam,clonazepam 0.5mg (30 tablets),1mg,349196,clonazepam 1 MG Disintegrating Oral Tablet,87.5,66.7,100.0,100,True,197528:clonazepam 1 MG Oral Tablet(87.5)
https://www.goodrx.com/clonazepam,clonazepam 0.5mg (30 tablets),0.5mg,349198,clonazepam 0.5 MG Disintegrating Oral Tablet,87.5,66.7,100.0,100,True,197527:clonazepam 0.5 MG Oral Tablet(87.5)
https://www.goodrx.com/clonazepam,clonazepam 0.5mg (30 tablets),2mg,349197,clonazepam 2 MG Disintegrating Oral Tablet,87.5,66.7,100.0,100,True,197529:clonazepam 2 MG Oral Tablet(87.5)
https://www.goodrx.com/clonidine,clonidine 0.1mg (30 tablets),0.2mg,884185,clonidine hydrochloride 0.2 MG Oral Tablet,78.8,50.0,100.0,100,True,884198:chlorthalidone 15 MG / clonidine hydrochloride 0.2(78.8)
https://www.goodrx.com/clonidine,clonidine 0.1mg (30 tablets),0.3mg,884189,clonidine hydrochloride 0.3 MG Oral Tablet,78.8,50.0,100.0,100,True,884203:chlorthalidone 15 MG / clonidine hydrochloride 0.3(78.8)
https://www.goodrx.com/clonidine,clonidine 0.1mg (30 tablets),0.1mg,884173,clonidine hydrochloride 0.1 MG Oral Tablet,78.8,50.0,100.0,100,True,884192:chlorthalidone 15 MG / clonidine hydrochloride 0.1(78.8); 884221:10 ML clonidine hydrochloride 0.1 MG/ML Injection(78.8)
https://www.goodrx.com/nexiclon-xr,clonidine er 0.17mg (30 tablets),0.17mg,1050338,24 HR clonidine 0.17 MG Extended Release Oral Tablet [Nexiclon],77.0,66.7,100.0,100,False,
https://www.goodrx.com/clonidine-er,clonidine er 0.1mg (30 tablets),0.17mg,885880,24 HR clonidine 0.17 MG Extended Release Oral Tablet,78.8,50.0,100.0,100,False,
https://www.goodrx.com/clonidine-er,clonidine er 0.1mg (30 tablets),0.1mg,2690727,24 HR clonidine hydrochloride 0.1 MG/ML Extended Release Suspension,78.8,50.0,100.0,100,True,1013930:12 HR clonidine hydrochloride 0.1 MG Extended Rele(78.8)
https://www.goodrx.com/plavix,clopidogrel 75mg (30 tablets),300mg,749198,clopidogrel 300 MG Oral Tablet [Plavix],66.6,50.0,100.0,100,False,
https://www.goodrx.com/clopidogrel,clopidogrel 75mg (30 tablets),75mg,309362,clopidogrel 75 MG Oral Tablet,78.8,50.0,100.0,100,False,
https://www.goodrx.com/plavix,clopidogrel 75mg (30 tablets),75mg,213169,clopidogrel 75 MG Oral Tablet [Plavix],66.6,50.0,100.0,100,False,
https://www.goodrx.com/colcrys,colchicine 0.6mg (30 tablets),0.6mg,858071,colchicine 0.6 MG Oral Tablet [Colcrys],78.9,66.7,100.0,100,True,1550946:colchicine 0.6 MG Oral Capsule [Mitigare](75.2)
https://www.goodrx.com/colchicine,colchicine 0.6mg (30 tablets),0.6mg,197541,colchicine 0.6 MG Oral Tablet,78.8,50.0,100.0,100,True,1550940:colchicine 0.6 MG Oral Capsule(78.8)
https://www.goodrx.com/cortisone,cortisone 25mg (30 tablets),25mg,828248,cortisone acetate 25 MG Oral Tablet,100.0,100.0,100.0,100,False,
https://www.goodrx.com/cortone,cortisone 25mg (30 tablets),25mg,828248,cortisone acetate 25 MG Oral Tablet,75.0,100.0,100.0,100,False,
https://www.goodrx.com/cyproheptadine,cyproheptadine 4mg (30 tablets),4mg,866144,cyproheptadine hydrochloride 4 MG Oral Tablet,78.8,50.0,100.0,100,False,
https://www.goodrx.com/periactin,cyproheptadine 4mg (30 tablets),4mg,866144,cyproheptadine hydrochloride 4 MG Oral Tablet,57.5,50.0,100.0,100,False,
https://www.goodrx.com/dapagliflozin,dapagliflozin 10mg (30 tablets),10mg,1488569,dapagliflozin 10 MG Oral Tablet,78.8,50.0,100.0,100,True,1925498:dapagliflozin 10 MG / saxagliptin 5 MG Oral Tablet(78.8)
https://www.goodrx.com/dapagliflozin,dapagliflozin 10mg (30 tablets),5mg,2169274,dapagliflozin 5 MG / saxagliptin 5 MG Oral Tablet,78.8,50.0,100.0,100,True,1488574:dapagliflozin 5 MG Oral Tablet(78.8); 1925498:dapagliflozin 10 MG / saxagliptin 5 MG Oral Tablet(78.8)
https://www.goodrx.com/darifenacin-er,darifenacin er 15mg (30 tablets),7.5mg,485423,24 HR darifenacin 7.5 MG Extended Release Oral Tablet,78.8,50.0,100.0,100,False,
https://www.goodrx.com/enablex,darifenacin er 15mg (30 tablets),15mg,543021,24 HR darifenacin 15 MG Extended Release Oral Tablet [Enablex],70.4,50.0,100.0,100,False,
https://www.goodrx.com/enablex,darifenacin er 15mg (30 tablets),7.5mg,543027,24 HR darifenacin 7.5 MG Extended Release Oral Tablet [Enablex],70.4,50.0,100.0,100,False,
https://www.goodrx.com/darifenacin-er,darifenacin er 15mg (30 tablets),15mg,485421,24 HR darifenacin 15 MG Extended Release Oral Tablet,78.8,50.0,100.0,100,False,
https://www.goodrx.com/prezista,darunavir 800mg (30 tablets),800mg,2049677,cobicistat 150 MG / darunavir 800 MG / emtricitabine 200 MG / tenofovir alafenamide 10 MG Oral Tablet [Symtuza],73.1,66.7,100.0,100,True,1359271:darunavir 800 MG Oral Tablet [Prezista](72.7); 1600710:cobicistat 150 MG / darunavir 800 MG Oral Tablet [(72.3)
https://www.goodrx.com/darunavir,darunavir 800mg (30 tablets),600mg,670026,darunavir 600 MG Oral Tablet,78.8,50.0,100.0,100,False,
https://www.goodrx.com/prezista,darunavir 800mg (30 tablets),600mg,794610,darunavir 600 MG Oral Tablet [Prezista],72.7,66.7,100.0,100,False,
https://www.goodrx.com/darunavir,darunavir 800mg (30 tablets),800mg,2049671,cobicistat 150 MG / darunavir 800 MG / emtricitabine 200 MG / tenofovir alafenamide 10 MG Oral Tablet,78.8,50.0,100.0,100,True,1359269:darunavir 800 MG Oral Tablet(78.8); 1600704:cobicistat 150 MG / darunavir 800 MG Oral Tablet(78.8)
https://www.goodrx.com/delstrigo,delstrigo 100mg/300mg/300mg (30 tablets),100mg/300mg/300mg,2055815,doravirine 100 MG / lamivudine 300 MG / tenofovir disoproxil fumarate 300 MG Oral Tablet [Delstrigo],68.2,0.0,100.0,100,False,
https://www.goodrx.com/denovo,denovo 15mg (30 tablets),15mg,,,0.0,0.0,0.0,0,True,NO MATCH FOUND
https://www.goodrx.com/descovy,descovy 200mg/25mg (30 tablets),200mg/25mg,1747697,emtricitabine 200 MG / tenofovir alafenamide 25 MG Oral Tablet [Descovy],95.8,75.0,100.0,100,False,
https://www.goodrx.com/descovy,descovy 200mg/25mg (30 tablets),120mg/15mg,2590643,emtricitabine 120 MG / tenofovir alafenamide 15 MG Oral Tablet [Descovy],95.8,75.0,100.0,100,False,
https://www.goodrx.com/pristiq,desvenlafaxine succinate er 50mg (30 tablets),25mg,1607619,24 HR desvenlafaxine succinate 25 MG Extended Release Oral Tablet [Pristiq],65.0,50.0,100.0,100,False,
https://www.goodrx.com/pristiq,desvenlafaxine succinate er 50mg (30 tablets),100mg,1435480,24 HR desvenlafaxine 100 MG Extended Release Oral Tablet [Khedezla],66.4,50.0,100.0,100,False,
https://www.goodrx.com/pristiq,desvenlafaxine succinate er 50mg (30 tablets),50mg,1435483,24 HR desvenlafaxine 50 MG Extended Release Oral Tablet [Khedezla],66.4,50.0,100.0,100,False,
https://www.goodrx.com/dextroamphetamine,dextroamphetamine 10mg (30 tablets),2.5mg,,,0.0,0.0,0.0,0,True,NO MATCH FOUND
https://www.goodrx.com/dextrostat,dextroamphetamine 10mg (30 tablets),10mg,1541609,dextroamphetamine sulfate 10 MG Oral Tablet [Dexedrine],74.5,50.0,100.0,100,False,
https://www.goodrx.com/dextrostat,dextroamphetamine 10mg (30 tablets),5mg,577962,amphetamine aspartate 5 MG / amphetamine sulfate 5 MG / dextroamphetamine saccharate 5 MG / dextroamphetamine sulfate 5 MG Oral Tablet [Adderall],68.8,50.0,100.0,100,True,1425339:dextroamphetamine sulfate 5 MG Oral Tablet [Zenzed(66.9)
https://www.goodrx.com/dextroamphetamine,dextroamphetamine 10mg (30 tablets),15mg,,,0.0,0.0,0.0,0,True,NO MATCH FOUND
https://www.goodrx.com/dextroamphetamine,dextroamphetamine 10mg (30 tablets),20mg,,,0.0,0.0,0.0,0,True,NO MATCH FOUND
https://www.goodrx.com/dextroamphetamine,dextroamphetamine 10mg (30 tablets),5mg,,,0.0,0.0,0.0,0,True,NO MATCH FOUND
https://www.goodrx.com/dextroamphetamine,dextroamphetamine 10mg (30 tablets),30mg,,,0.0,0.0,0.0,0,True,NO MATCH FOUND
https://www.goodrx.com/dextroamphetamine,dextroamphetamine 10mg (30 tablets),7.5mg,,,0.0,0.0,0.0,0,True,NO MATCH FOUND
https://www.goodrx.com/dextroamphetamine,dextroamphetamine 10mg (30 tablets),10mg,,,0.0,0.0,0.0,0,True,NO MATCH FOUND
https://www.goodrx.com/dialyvite-supreme-d,dialyvite supreme d 3mg/2000iu (30 tablets),3mg/2000iu,,,0.0,0.0,0.0,0,True,NO MATCH FOUND
https://www.goodrx.com/diazepam,diazepam 5mg (30 tablets),2mg,197590,diazepam 2 MG Oral Tablet,78.8,50.0,100.0,100,False,
https://www.goodrx.com/diazepam,diazepam 5mg (30 tablets),10mg,2682571,diazepam 10 MG Buccal Film,78.8,50.0,100.0,100,True,197589:diazepam 10 MG Oral Tablet(78.8)
https://www.goodrx.com/diazepam,diazepam 5mg (30 tablets),5mg,801957,0.5 ML diazepam 5 MG/ML Rectal Gel,78.8,50.0,100.0,100,True,2682564:diazepam 5 MG Buccal Film(78.8); 197591:diazepam 5 MG Oral Tablet(78.8)
https://www.goodrx.com/diclofenac-potassium,diclofenac potassium 50mg (30 tablets),25mg,857702,diclofenac potassium 25 MG Oral Tablet,78.8,50.0,100.0,100,False,
https://www.goodrx.com/diclofenac-potassium,diclofenac potassium 50mg (30 tablets),50mg,855942,diclofenac potassium 50 MG Oral Tablet,78.8,50.0,100.0,100,True,859063:diclofenac potassium 50 MG Powder for Oral Solutio(78.8)
https://www.goodrx.com/cambia,diclofenac potassium 50mg (30 tablets),50mg,855944,diclofenac potassium 50 MG Oral Tablet [Cataflam],75.9,66.7,100.0,100,True,859066:diclofenac potassium 50 MG Powder for Oral Solutio(72.6); 800648:glucose 50 MG/ML / magnesium chloride 0.00361 MEQ/(70.9)
https://www.goodrx.com/diphenhist,diphenhydramine 25mg (30 tablets),25mg,1092447,diphenhydramine hydrochloride 25 MG Oral Capsule [Diphenhist],77.2,50.0,100.0,100,False,
https://www.goodrx.com/benadryl,diphenhydramine 25mg (30 tablets),25mg,1092447,diphenhydramine hydrochloride 25 MG Oral Capsule [Diphenhist],77.2,50.0,100.0,100,False,
https://www.goodrx.com/diphenoxylate-atropine,diphenoxylate/atropine 2.5mg/0.025mg (30 tablets),2.5mg/0.025mg,,,0.0,0.0,0.0,0,True,NO MATCH FOUND
https://www.goodrx.com/antabuse,disulfiram 250mg (30 tablets),500mg,210716,disulfiram 500 MG Oral Tablet [Antabuse],63.3,50.0,100.0,100,False,
https://www.goodrx.com/antabuse,disulfiram 250mg (30 tablets),250mg,197623,disulfiram 250 MG Oral Tablet,57.5,50.0,100.0,100,False,
https://www.goodrx.com/disulfiram,disulfiram 250mg (30 tablets),250mg,197623,disulfiram 250 MG Oral Tablet,78.8,50.0,100.0,100,False,
https://www.goodrx.com/disulfiram,disulfiram 250mg (30 tablets),500mg,197624,disulfiram 500 MG Oral Tablet,78.8,50.0,100.0,100,False,
https://www.goodrx.com/aricept,donepezil 10mg (30 tablets),10mg,997224,donepezil hydrochloride 10 MG Oral Tablet [Aricept],66.9,50.0,100.0,100,False,
https://www.goodrx.com/aricept,donepezil 10mg (30 tablets),5mg,997230,donepezil hydrochloride 5 MG Oral Tablet [Aricept],66.9,50.0,100.0,100,False,
https://www.goodrx.com/donepezil,donepezil 10mg (30 tablets),10mg,997220,donepezil hydrochloride 10 MG Disintegrating Oral Tablet,78.8,50.0,100.0,100,True,997223:donepezil hydrochloride 10 MG Oral Tablet(78.8)
https://www.goodrx.com/aricept,donepezil 10mg (30 tablets),23mg,1100187,donepezil hydrochloride 23 MG Oral Tablet [Aricept],66.9,50.0,100.0,100,False,
https://www.goodrx.com/doxylamine,doxylamine 25mg (30 tablets),25mg,1101446,doxylamine succinate 25 MG Oral Tablet,78.8,50.0,100.0,100,True,1242618:acetaminophen 250 MG / doxylamine succinate 25 MG (78.8)
https://www.goodrx.com/doxylamine-pyridoxine,doxylamine/pyridoxine 10mg/10mg (30 tablets),10mg/10mg,,,0.0,0.0,0.0,0,True,NO MATCH FOUND
https://www.goodrx.com/diclegis,doxylamine/pyridoxine 10mg/10mg (30 tablets),10mg/10mg,,,0.0,0.0,0.0,0,True,NO MATCH FOUND
https://www.goodrx.com/duraflu,duraflu 325mg/20mg/200mg/60mg (30 tablets),325mg/20mg/200mg/60mg,,,0.0,0.0,0.0,0,True,NO MATCH FOUND
https://www.goodrx.com/dyanavel-xr,dyanavel xr 20mg (30 tablets),20mg,2585471,24 HR amphetamine 20 MG Extended Release Oral Tablet [Dyanavel],68.2,0.0,100.0,100,False,
https://www.goodrx.com/dyanavel-xr,dyanavel xr 20mg (30 tablets),10mg,2585461,24 HR amphetamine 10 MG Extended Release Oral Tablet [Dyanavel],68.2,0.0,100.0,100,False,
https://www.goodrx.com/dyanavel-xr,dyanavel xr 20mg (30 tablets),5mg,2585476,24 HR amphetamine 5 MG Extended Release Oral Tablet [Dyanavel],68.2,0.0,100.0,100,False,
https://www.goodrx.com/dyanavel-xr,dyanavel xr 20mg (30 tablets),15mg,2585465,24 HR amphetamine 15 MG Extended Release Oral Tablet [Dyanavel],68.2,0.0,100.0,100,False,
https://www.goodrx.com/edurant,edurant 25mg (30 tablets),25mg,1102277,rilpivirine 25 MG Oral Tablet [Edurant],86.6,50.0,100.0,100,False,
https://www.goodrx.com/efavirenz,efavirenz 600mg (30 tablets),600mg,349477,efavirenz 600 MG Oral Tablet,78.8,50.0,100.0,100,True,864661:efavirenz 600 MG / lamivudine 300 MG / tenofovir d(78.8); 643066:efavirenz 600 MG / emtricitabine 200 MG / tenofovi(78.8)
https://www.goodrx.com/atripla,efavirenz/emtricitabine/tenofovir 600mg/200mg/300mg (30 tablets),600mg/200mg/300mg,643070,efavirenz 600 MG / emtricitabine 200 MG / tenofovir disoproxil fumarate 300 MG Oral Tablet [Atripla],73.1,66.7,100.0,100,False,
https://www.goodrx.com/efavirenz-emtricitabine-tenofovir,efavirenz/emtricitabine/tenofovir 600mg/200mg/300mg (30 tablets),600mg/200mg/300mg,643066,efavirenz 600 MG / emtricitabine 200 MG / tenofovir disoproxil fumarate 300 MG Oral Tablet,84.0,60.0,100.0,100,False,
https://www.goodrx.com/baraclude,entecavir 0.5mg (30 tablets),0.5mg,578457,entecavir 0.5 MG Oral Tablet [Baraclude],72.3,66.7,100.0,100,False,
https://www.goodrx.com/entecavir,entecavir 0.5mg (30 tablets),0.5mg,485434,entecavir 0.5 MG Oral Tablet,87.5,66.7,100.0,100,False,
https://www.goodrx.com/entecavir,entecavir 0.5mg (30 tablets),1mg,485436,entecavir 1 MG Oral Tablet,87.5,66.7,100.0,100,False,
https://www.goodrx.com/eplerenone,eplerenone 25mg (30 tablets),25mg,351256,eplerenone 25 MG Oral Tablet,78.8,50.0,100.0,100,False,
https://www.goodrx.com/cafergot,ergotamine/caffeine 1mg/100mg (30 tablets),,1293506,caffeine 100 MG / ergotamine tartrate 1 MG Oral Tablet [Cafergot],70.0,40.0,100.0,100,False,
https://www.goodrx.com/ergotamine-caffeine,ergotamine/caffeine 1mg/100mg (30 tablets),1mg/100mg,1293504,caffeine 100 MG / ergotamine tartrate 1 MG Oral Tablet,78.8,50.0,100.0,100,False,
https://www.goodrx.com/escitalopram,escitalopram 10mg (30 tablets),5mg,351249,escitalopram 5 MG Oral Tablet,78.8,50.0,100.0,100,False,
https://www.goodrx.com/escitalopram,escitalopram 10mg (30 tablets),20mg,351250,escitalopram 20 MG Oral Tablet,78.8,50.0,100.0,100,False,
https://www.goodrx.com/escitalopram,escitalopram 10mg (30 tablets),10mg,349332,escitalopram 10 MG Oral Tablet,78.8,50.0,100.0,100,False,
https://www.goodrx.com/estazolam,estazolam 2mg (30 tablets),2mg,197654,estazolam 2 MG Oral Tablet,78.8,50.0,100.0,100,False,
https://www.goodrx.com/prosom,estazolam 2mg (30 tablets),1mg,197653,estazolam 1 MG Oral Tablet,57.5,50.0,100.0,100,False,
https://www.goodrx.com/prosom,estazolam 2mg (30 tablets),2mg,197654,estazolam 2 MG Oral Tablet,57.5,50.0,100.0,100,False,
https://www.goodrx.com/estazolam,estazolam 2mg (30 tablets),1mg,197653,estazolam 1 MG Oral Tablet,78.8,50.0,100.0,100,False,
https://www.goodrx.com/estratest,esterified estrogens/methyltestosterone 0.625mg/1.25mg (30 tablets),0.625mg/1.25mg,209251,"estrogens, esterified (USP) 0.625 MG / methyltestosterone 1.25 MG Oral Tablet [Estratest]",72.8,60.0,100.0,100,False,
https://www.goodrx.com/covaryx,esterified estrogens/methyltestosterone 0.625mg/1.25mg (30 tablets),7.5mg,,,0.0,0.0,0.0,0,True,NO MATCH FOUND
https://www.goodrx.com/estratest,esterified estrogens/methyltestosterone 0.625mg/1.25mg (30 tablets),1.25mg/2.5mg,209253,"estrogens, esterified (USP) 1.25 MG / methyltestosterone 2.5 MG Oral Tablet [Estratest]",72.8,60.0,100.0,100,False,
https://www.goodrx.com/esterified-estrogens-methyltestosterone,esterified estrogens/methyltestosterone 0.625mg/1.25mg (30 tablets),1.25mg/2.5mg,,,0.0,0.0,0.0,0,True,NO MATCH FOUND
https://www.goodrx.com/esterified-estrogens-methyltestosterone,esterified estrogens/methyltestosterone 0.625mg/1.25mg (30 tablets),0.625mg/1.25mg,,,0.0,0.0,0.0,0,True,NO MATCH FOUND
https://www.goodrx.com/eszopiclone,eszopiclone 3mg (30 tablets),2mg,485442,eszopiclone 2 MG Oral Tablet,78.8,50.0,100.0,100,False,
https://www.goodrx.com/eszopiclone,eszopiclone 3mg (30 tablets),1mg,485440,eszopiclone 1 MG Oral Tablet,78.8,50.0,100.0,100,False,
https://www.goodrx.com/eszopiclone,eszopiclone 3mg (30 tablets),3mg,485465,eszopiclone 3 MG Oral Tablet,78.8,50.0,100.0,100,False,
https://www.goodrx.com/ethacrynic-acid,ethacrynic acid 25mg (30 tablets),25mg,1251903,ethacrynic acid 25 MG Oral Tablet,87.5,66.7,100.0,100,False,
https://www.goodrx.com/etodolac-er,etodolac er 500mg (30 tablets),400mg,310245,24 HR etodolac 400 MG Extended Release Oral Tablet,78.8,50.0,100.0,100,False,
https://www.goodrx.com/etodolac-er,etodolac er 500mg (30 tablets),500mg,359500,24 HR etodolac 500 MG Extended Release Oral Tablet,78.8,50.0,100.0,100,False,
https://www.goodrx.com/afinitor,everolimus 10mg (30 tablets),7.5mg,2685208,everolimus 7.5 MG Oral Tablet [Torpenz],63.5,50.0,100.0,100,False,
https://www.goodrx.com/afinitor,everolimus 10mg (30 tablets),10mg,2685204,everolimus 10 MG Oral Tablet [Torpenz],63.5,50.0,100.0,100,False,
https://www.goodrx.com/evotaz,evotaz 300mg/150mg (30 tablets),300mg/150mg,1601660,atazanavir 300 MG / cobicistat 150 MG Oral Tablet [Evotaz],92.8,66.7,100.0,100,False,
https://www.goodrx.com/excedrin-extra-strength,excedrin extra strength 250mg/250mg/65mg (30 tablets),250mg/250mg/65mg,209468,acetaminophen 250 MG / aspirin 250 MG / caffeine 65 MG Oral Tablet [Excedrin],68.2,0.0,100.0,100,False,
https://www.goodrx.com/excedrin-pm,excedrin pm 500mg/38mg (30 tablets),500mg/38mg,1117539,acetaminophen 500 MG / diphenhydramine citrate 38 MG Oral Tablet [Excedrin PM],68.2,0.0,100.0,100,False,
https://www.goodrx.com/exemestane,exemestane 25mg (30 tablets),25mg,310261,exemestane 25 MG Oral Tablet,78.8,50.0,100.0,100,False,
https://www.goodrx.com/aromasin,exemestane 25mg (30 tablets),25mg,261317,exemestane 25 MG Oral Tablet [Aromasin],69.1,50.0,100.0,100,False,
https://www.goodrx.com/allegra,fexofenadine 24 hour (30 tablets),12 hour,997512,12 HR fexofenadine hydrochloride 60 MG / pseudoephedrine hydrochloride 120 MG Extended Release Oral Tablet [Allegra-D],60.9,66.7,50.0,100,True,997515:24 HR fexofenadine hydrochloride 180 MG / pseudoep(60.9)
https://www.goodrx.com/allegra,fexofenadine 24 hour (30 tablets),24 hour,997512,12 HR fexofenadine hydrochloride 60 MG / pseudoephedrine hydrochloride 120 MG Extended Release Oral Tablet [Allegra-D],60.9,66.7,50.0,100,True,997515:24 HR fexofenadine hydrochloride 180 MG / pseudoep(60.9)
https://www.goodrx.com/allegra-d,fexofenadine/pseudoephedrine 24 hour (30 tablets),24 hour,997512,12 HR fexofenadine hydrochloride 60 MG / pseudoephedrine hydrochloride 120 MG Extended Release Oral Tablet [Allegra-D],55.2,60.0,50.0,100,True,997515:24 HR fexofenadine hydrochloride 180 MG / pseudoep(55.2)
https://www.goodrx.com/allegra-d,fexofenadine/pseudoephedrine 24 hour (30 tablets),12 hour,997512,12 HR fexofenadine hydrochloride 60 MG / pseudoephedrine hydrochloride 120 MG Extended Release Oral Tablet [Allegra-D],55.2,60.0,50.0,100,True,997515:24 HR fexofenadine hydrochloride 180 MG / pseudoep(55.2)
https://www.goodrx.com/propecia,finasteride 1mg (30 tablets),1mg,213178,finasteride 1 MG Oral Tablet [Propecia],65.9,50.0,100.0,100,False,
https://www.goodrx.com/prozac,fluoxetine 20mg (30 tablets),60mg,1190110,fluoxetine 60 MG Oral Tablet,57.5,50.0,100.0,100,False,
https://www.goodrx.com/prozac,fluoxetine 20mg (30 tablets),20mg,104849,fluoxetine 20 MG Oral Capsule [Prozac],63.7,50.0,100.0,100,False,
https://www.goodrx.com/prozac,fluoxetine 20mg (30 tablets),10mg,205535,fluoxetine 10 MG Oral Capsule [Prozac],63.7,50.0,100.0,100,False,
https://www.goodrx.com/esidrix,hydrochlorothiazide 25mg (30 tablets),25mg,208112,hydrochlorothiazide 25 MG / spironolactone 25 MG Oral Tablet [Aldactazide],74.4,50.0,100.0,100,True,208124:hydrochlorothiazide 25 MG / triamterene 37.5 MG Or(72.5); 898376:benazepril hydrochloride 20 MG / hydrochlorothiazi(70.5); 93253:hydrochlorothiazide 25 MG / triamterene 37.5 MG Or(70.5)
https://www.goodrx.com/oretic,hydrochlorothiazide 25mg (30 tablets),25mg,208112,hydrochlorothiazide 25 MG / spironolactone 25 MG Oral Tablet [Aldactazide],74.4,50.0,100.0,100,True,208124:hydrochlorothiazide 25 MG / triamterene 37.5 MG Or(72.5); 898376:benazepril hydrochloride 20 MG / hydrochlorothiazi(70.5); 93253:hydrochlorothiazide 25 MG / triamterene 37.5 MG Or(70.5)
https://www.goodrx.com/esidrix,hydrochlorothiazide 25mg (30 tablets),50mg,93252,hydrochlorothiazide 50 MG / triamterene 75 MG Oral Tablet [Maxzide],70.5,50.0,100.0,100,True,866502:hydrochlorothiazide 25 MG / metoprolol tartrate 50(70.2); 866506:hydrochlorothiazide 50 MG / metoprolol tartrate 10(70.2); 979470:hydrochlorothiazide 12.5 MG / losartan potassium 5(66.7)
https://www.goodrx.com/exalgo,hydromorphone er 8mg (30 tablets),8mg,902741,24 HR hydromorphone hydrochloride 8 MG Extended Release Oral Tablet,57.5,50.0,100.0,100,False,
https://www.goodrx.com/exalgo,hydromorphone er 8mg (30 tablets),32mg,1306898,24 HR hydromorphone hydrochloride 32 MG Extended Release Oral Tablet,57.5,50.0,100.0,100,False,
https://www.goodrx.com/exalgo,hydromorphone er 8mg (30 tablets),12mg,902729,24 HR hydromorphone hydrochloride 12 MG Extended Release Oral Tablet,57.5,50.0,100.0,100,False,
https://www.goodrx.com/exalgo,hydromorphone er 8mg (30 tablets),16mg,902736,24 HR hydromorphone hydrochloride 16 MG Extended Release Oral Tablet,57.5,50.0,100.0,100,False,
https://www.goodrx.com/orgatrax,hydroxyzine hydrochloride 25mg (30 tablets),50mg,995280,hydroxyzine pamoate 50 MG Oral Capsule [Vistaril],65.1,50.0,100.0,100,False,
https://www.goodrx.com/atarax,hydroxyzine hydrochloride 25mg (30 tablets),25mg,995255,hydroxyzine pamoate 25 MG Oral Capsule [Vistaril],65.1,50.0,100.0,100,False,
https://www.goodrx.com/atarax,hydroxyzine hydrochloride 25mg (30 tablets),50mg,995280,hydroxyzine pamoate 50 MG Oral Capsule [Vistaril],65.1,50.0,100.0,100,False,
https://www.goodrx.com/atarax,hydroxyzine hydrochloride 25mg (30 tablets),10mg,995218,hydroxyzine hydrochloride 10 MG Oral Tablet,57.5,50.0,100.0,100,False,
https://www.goodrx.com/orgatrax,hydroxyzine hydrochloride 25mg (30 tablets),10mg,995218,hydroxyzine hydrochloride 10 MG Oral Tablet,57.5,50.0,100.0,100,False,
https://www.goodrx.com/orgatrax,hydroxyzine hydrochloride 25mg (30 tablets),25mg,995255,hydroxyzine pamoate 25 MG Oral Capsule [Vistaril],65.1,50.0,100.0,100,False,
https://www.goodrx.com/advil,ibuprofen non-prescription 200mg (30 tablets),200mg,2673691,ibuprofen 200 MG Oral Capsule [Proprinal],77.0,66.7,100.0,100,True,858772:hydrocodone bitartrate 2.5 MG / ibuprofen 200 MG O(77.0); 1300267:ibuprofen 200 MG Oral Tablet [Proprinal](77.0); 858838:hydrocodone bitartrate 7.5 MG / ibuprofen 200 MG O(76.7)
https://www.goodrx.com/avapro,irbesartan 300mg (30 tablets),150mg,153666,irbesartan 150 MG Oral Tablet [Avapro],66.9,50.0,100.0,100,True,823934:hydrochlorothiazide 12.5 MG / irbesartan 150 MG Or(66.6)
https://www.goodrx.com/avapro,irbesartan 300mg (30 tablets),75mg,153665,irbesartan 75 MG Oral Tablet [Avapro],66.9,50.0,100.0,100,False,
https://www.goodrx.com/avapro,irbesartan 300mg (30 tablets),300mg,153667,irbesartan 300 MG Oral Tablet [Avapro],66.9,50.0,100.0,100,True,823938:hydrochlorothiazide 12.5 MG / irbesartan 300 MG Or(66.6)
https://www.goodrx.com/avalide,irbesartan/hctz 300mg/12.5mg (30 tablets),150mg/12.5mg,823934,hydrochlorothiazide 12.5 MG / irbesartan 150 MG Oral Tablet [Avalide],61.5,40.0,100.0,100,False,
https://www.goodrx.com/avalide,irbesartan/hctz 300mg/12.5mg (30 tablets),300mg/12.5mg,823938,hydrochlorothiazide 12.5 MG / irbesartan 300 MG Oral Tablet [Avalide],61.5,40.0,100.0,100,False,
https://www.goodrx.com/nydrazid,isoniazid 300mg (30 tablets),300mg,197832,isoniazid 300 MG Oral Tablet,57.5,50.0,100.0,100,False,
https://www.goodrx.com/nydrazid,isoniazid 300mg (30 tablets),100mg,204430,isoniazid 100 MG/ML Injectable Solution,57.5,50.0,100.0,100,True,311166:isoniazid 100 MG Oral Tablet(57.5)
https://www.goodrx.com/nizoral,ketoconazole 200mg (30 tablets),200mg,197853,ketoconazole 200 MG Oral Tablet,57.5,50.0,100.0,100,False,
https://www.goodrx.com/epivir-hbv,lamivudine 100mg (30 tablets),100mg,213483,lamivudine 100 MG Oral Tablet [Epivir HBV],68.2,50.0,100.0,100,True,2055815:doravirine 100 MG / lamivudine 300 MG / tenofovir (65.9)
https://www.goodrx.com/epivir,lamivudine 150mg (30 tablets),150mg,213088,lamivudine 150 MG / zidovudine 300 MG Oral Tablet [Combivir],72.0,50.0,100.0,100,True,152931:lamivudine 150 MG Oral Tablet [Epivir](70.2); 285028:abacavir 300 MG / lamivudine 150 MG / zidovudine 3(69.1)
https://www.goodrx.com/arava,leflunomide 20mg (30 tablets),20mg,213379,leflunomide 20 MG Oral Tablet [Arava],60.4,50.0,100.0,100,False,
https://www.goodrx.com/prinivil,lisinopril 20mg (30 tablets),20mg,104378,lisinopril 20 MG Oral Tablet [Zestril],72.7,50.0,100.0,100,True,823971:hydrochlorothiazide 25 MG / lisinopril 20 MG Oral (70.9); 823982:hydrochlorothiazide 12.5 MG / lisinopril 20 MG Ora(70.9)
https://www.goodrx.com/prinivil,lisinopril 20mg (30 tablets),10mg,104377,lisinopril 10 MG Oral Tablet [Zestril],72.7,50.0,100.0,100,True,823986:hydrochlorothiazide 12.5 MG / lisinopril 10 MG Ora(70.9)
https://www.goodrx.com/prinivil,lisinopril 20mg (30 tablets),2.5mg,104375,lisinopril 2.5 MG Oral Tablet [Zestril],72.7,50.0,100.0,100,False,
https://www.goodrx.com/prinivil,lisinopril 20mg (30 tablets),5mg,104376,lisinopril 5 MG Oral Tablet [Zestril],72.7,50.0,100.0,100,False,
https://www.goodrx.com/claritin,loratadine 24 hour (30 tablets),24 hour,1242391,24 HR loratadine 10 MG / pseudoephedrine sulfate 240 MG Extended Release Oral Tablet [Claritin-D],66.5,66.7,50.0,100,True,1242406:12 HR loratadine 5 MG / pseudoephedrine sulfate 12(66.5)
https://www.goodrx.com/claritin-d,loratadine/pseudoephedrine 24 hour (30 tablets),,1112250,12 HR desloratadine 2.5 MG / pseudoephedrine sulfate 120 MG Extended Release Oral Tablet [Clarinex-D],52.5,40.0,50.0,100,True,1242391:24 HR loratadine 10 MG / pseudoephedrine sulfate 2(52.5); 1242406:12 HR loratadine 5 MG / pseudoephedrine sulfate 12(52.5)
https://www.goodrx.com/ativan,lorazepam 1mg (30 tablets),1mg,104719,lorazepam 1 MG Oral Tablet [Ativan],67.4,50.0,100.0,100,False,
https://www.goodrx.com/ativan,lorazepam 1mg (30 tablets),2mg,1665190,1 ML lorazepam 2 MG/ML Injection [Ativan],67.4,50.0,100.0,100,True,206819:lorazepam 2 MG/ML Injectable Solution [Ativan](67.4); 206828:lorazepam 2 MG Oral Tablet [Ativan](67.4)
https://www.goodrx.com/ativan,lorazepam 1mg (30 tablets),0.5mg,206821,lorazepam 0.5 MG Oral Tablet [Ativan],67.4,50.0,100.0,100,False,
https://www.goodrx.com/antivert,meclizine 25mg (30 tablets),25mg,995634,meclizine hydrochloride 25 MG Chewable Tablet [Bonine],70.9,50.0,100.0,100,True,2110527:meclizine hydrochloride 25 MG Oral Tablet [Dramami(68.6)
https://www.goodrx.com/antivert,meclizine 25mg (30 tablets),50mg,995688,meclizine hydrochloride 50 MG Oral Tablet [Antivert],66.6,50.0,100.0,100,False,
https://www.goodrx.com/antivert,meclizine 25mg (30 tablets),12.5mg,995626,meclizine hydrochloride 12.5 MG Oral Tablet [Antivert],66.6,50.0,100.0,100,False,
https://www.goodrx.com/demerol,meperidine 50mg (30 tablets),100mg,861517,meperidine hydrochloride 100 MG Oral Tablet [Demerol],63.5,33.3,100.0,100,True,1242106:1 ML meperidine hydrochloride 100 MG/ML Cartridge (63.5)
https://www.goodrx.com/demerol,meperidine 50mg (30 tablets),50mg,2539188,1 ML meperidine hydrochloride 50 MG/ML Prefilled Syringe [Demerol],63.5,33.3,100.0,100,True,861522:meperidine hydrochloride 50 MG/ML Injectable Solut(63.5); 861525:meperidine hydrochloride 50 MG Oral Tablet [Demero(63.5); 861529:1 ML meperidine hydrochloride 50 MG/ML Cartridge [(63.5)
https://www.goodrx.com/concerta,methylphenidate er 36mg (30 tablets),36mg,1091193,30/70 Release 24 HR methylphenidate hydrochloride 40 MG Extended Release Oral Capsule [Metadate],74.5,50.0,100.0,100,True,2668502:24 HR methylphenidate hydrochloride 36 MG Extended(70.5)
https://www.goodrx.com/relexxii,methylphenidate er 36mg (30 tablets),36mg,1091193,30/70 Release 24 HR methylphenidate hydrochloride 40 MG Extended Release Oral Capsule [Metadate],74.5,50.0,100.0,100,True,2668502:24 HR methylphenidate hydrochloride 36 MG Extended(70.5)
https://www.goodrx.com/concerta,methylphenidate er 36mg (30 tablets),54mg,1091204,30/70 Release 24 HR methylphenidate hydrochloride 50 MG Extended Release Oral Capsule [Metadate],74.5,50.0,100.0,100,True,1091220:30/70 Release 24 HR methylphenidate hydrochloride (74.5); 2668505:24 HR methylphenidate hydrochloride 54 MG Extended(70.5)
https://www.goodrx.com/concerta,methylphenidate er 36mg (30 tablets),27mg,1091178,30/70 Release 24 HR methylphenidate hydrochloride 30 MG Extended Release Oral Capsule [Metadate],74.5,50.0,100.0,100,True,2668499:24 HR methylphenidate hydrochloride 27 MG Extended(70.5)
https://www.goodrx.com/concerta,methylphenidate er 36mg (30 tablets),18mg,1091163,30/70 Release 24 HR methylphenidate hydrochloride 20 MG Extended Release Oral Capsule [Metadate],74.5,50.0,100.0,100,True,1091488:8 HR methylphenidate hydrochloride 20 MG Extended (74.5); 2668496:24 HR methylphenidate hydrochloride 18 MG Extended(70.5)
https://www.goodrx.com/provigil,modafinil 200mg (30 tablets),100mg,226426,modafinil 100 MG Oral Tablet [Provigil],72.7,50.0,100.0,100,False,
https://www.goodrx.com/provigil,modafinil 200mg (30 tablets),200mg,213471,modafinil 200 MG Oral Tablet [Provigil],72.7,50.0,100.0,100,False,
https://www.goodrx.com/corgard,nadolol 20mg (30 tablets),40mg,201337,nadolol 40 MG Oral Tablet [Corgard],67.9,50.0,100.0,100,False,
https://www.goodrx.com/corgard,nadolol 20mg (30 tablets),20mg,206961,nadolol 20 MG Oral Tablet [Corgard],67.9,50.0,100.0,100,False,
https://www.goodrx.com/corgard,nadolol 20mg (30 tablets),80mg,198008,nadolol 80 MG Oral Tablet,57.5,50.0,100.0,100,False,
https://www.goodrx.com/anaprox-ds,naproxen 550mg (30 tablets),550mg,849438,naproxen sodium 550 MG Oral Tablet [Anaprox],81.4,50.0,100.0,100,True,105899:naproxen 500 MG Oral Tablet [Naprosyn](80.1)
https://www.goodrx.com/bystolic,nebivolol 5mg (30 tablets),5mg,1798287,nebivolol 5 MG / valsartan 80 MG Oral Tablet [Byvalson],72.7,50.0,100.0,100,True,751623:nebivolol 5 MG Oral Tablet [Bystolic](69.6)
https://www.goodrx.com/bystolic,nebivolol 5mg (30 tablets),20mg,827075,nebivolol 20 MG Oral Tablet [Bystolic],69.6,50.0,100.0,100,False,
https://www.goodrx.com/bystolic,nebivolol 5mg (30 tablets),2.5mg,751620,nebivolol 2.5 MG Oral Tablet [Bystolic],69.6,50.0,100.0,100,False,
https://www.goodrx.com/nephplex-rx,nephplex rx 1mg/10mg/6mg (30 tablets),1mg/10mg/6mg,,,0.0,0.0,0.0,0,True,NO MATCH FOUND
https://www.goodrx.com/nephro-vite-rx,nephro-vite rx 1mg/10mg/6mg (30 tablets),1mg/10mg/6mg,,,0.0,0.0,0.0,0,True,NO MATCH FOUND
https://www.goodrx.com/nephron-fa,nephron fa 1mg/10mg/6mg (30 tablets),1mg/10mg/6mg,,,0.0,0.0,0.0,0,True,NO MATCH FOUND
https://www.goodrx.com/niacor,niacor 500mg (30 tablets),500mg,311944,niacin 500 MG Oral Tablet [Niacor],68.2,0.0,100.0,100,False,
https://www.goodrx.com/nilutamide,nilutamide 150mg (30 tablets),150mg,311982,nilutamide 150 MG Oral Tablet,78.8,50.0,100.0,100,False,
https://www.goodrx.com/nilandron,nilutamide 150mg (30 tablets),150mg,284551,nilutamide 150 MG Oral Tablet [Nilandron],74.2,50.0,100.0,100,False,
https://www.goodrx.com/niva-plus,niva plus 1mg/27mg (30 tablets),0.6mg,,,0.0,0.0,0.0,0,True,NO MATCH FOUND
https://www.goodrx.com/aygestin,norethindrone acetate 5mg (30 tablets),5mg,1000407,norethindrone acetate 5 MG Oral Tablet [Aygestin],69.4,50.0,100.0,100,False,
https://www.goodrx.com/norethindrone-acetate,norethindrone acetate 5mg (30 tablets),5mg,1000405,norethindrone acetate 5 MG Oral Tablet,78.8,50.0,100.0,100,False,
https://www.goodrx.com/olanzapine,olanzapine 5mg (30 tablets),10mg,,,0.0,0.0,0.0,0,True,NO MATCH FOUND
https://www.goodrx.com/olanzapine,olanzapine 5mg (30 tablets),5mg,,,0.0,0.0,0.0,0,True,NO MATCH FOUND
https://www.goodrx.com/olanzapine,olanzapine 5mg (30 tablets),20mg,,,0.0,0.0,0.0,0,True,NO MATCH FOUND
https://www.goodrx.com/olanzapine,olanzapine 5mg (30 tablets),7.5mg,,,0.0,0.0,0.0,0,True,NO MATCH FOUND
https://www.goodrx.com/olanzapine,olanzapine 5mg (30 tablets),15mg,,,0.0,0.0,0.0,0,True,NO MATCH FOUND
https://www.goodrx.com/olanzapine,olanzapine 5mg (30 tablets),2.5mg,,,0.0,0.0,0.0,0,True,NO MATCH FOUND
https://www.goodrx.com/olmesartan-amlodipine-hctz,olmesartan/amlodipine/hctz 40mg/10mg/25mg (30 tablets),40mg/5mg/25mg,,,0.0,0.0,0.0,0,True,NO MATCH FOUND
https://www.goodrx.com/olmesartan-amlodipine-hctz,olmesartan/amlodipine/hctz 40mg/10mg/25mg (30 tablets),40mg/5mg/12.5mg,,,0.0,0.0,0.0,0,True,NO MATCH FOUND
https://www.goodrx.com/olmesartan-amlodipine-hctz,olmesartan/amlodipine/hctz 40mg/10mg/25mg (30 tablets),40mg/10mg/12.5mg,,,0.0,0.0,0.0,0,True,NO MATCH FOUND
https://www.goodrx.com/olmesartan-amlodipine-hctz,olmesartan/amlodipine/hctz 40mg/10mg/25mg (30 tablets),40mg/10mg/25mg,,,0.0,0.0,0.0,0,True,NO MATCH FOUND
https://www.goodrx.com/olmesartan-amlodipine-hctz,olmesartan/amlodipine/hctz 40mg/10mg/25mg (30 tablets),20mg/5mg/12.5mg,,,0.0,0.0,0.0,0,True,NO MATCH FOUND
https://www.goodrx.com/olmesartan-hctz,olmesartan/hctz 40mg/25mg (30 tablets),40mg/25mg,,,0.0,0.0,0.0,0,True,NO MATCH FOUND
https://www.goodrx.com/benicar-hct,olmesartan/hctz 40mg/25mg (30 tablets),20mg/12.5mg,847060,hydrochlorothiazide 12.5 MG / olmesartan medoxomil 20 MG Oral Tablet [Benicar HCT],57.4,20.0,100.0,100,False,
https://www.goodrx.com/benicar-hct,olmesartan/hctz 40mg/25mg (30 tablets),40mg/25mg,847042,hydrochlorothiazide 25 MG / olmesartan medoxomil 40 MG Oral Tablet [Benicar HCT],57.4,20.0,100.0,100,False,
https://www.goodrx.com/prilosec-otc,omeprazole otc 20mg (30 tablets),20mg,753603,omeprazole 20 MG / sodium bicarbonate 1680 MG Powder for Oral Suspension [Zegerid Reformulated Aug 2006],66.5,50.0,100.0,100,True,646344:omeprazole 20 MG / sodium bicarbonate 1100 MG Oral(66.5)
https://www.goodrx.com/omeprazole-otc,omeprazole otc 20mg (30 tablets),20mg,753562,omeprazole 20 MG / sodium bicarbonate 1680 MG Powder for Oral Suspension,78.8,50.0,100.0,100,True,2003656:omeprazole 20 MG Disintegrating Oral Tablet(78.8); 616539:omeprazole 20 MG / sodium bicarbonate 1100 MG Oral(78.8)
https://www.goodrx.com/opsynvi,opsynvi 10mg/40mg (30 tablets),10mg/20mg,2677771,macitentan 10 MG / tadalafil 20 MG Oral Tablet [Opsynvi],68.2,0.0,100.0,100,False,
https://www.goodrx.com/opsynvi,opsynvi 10mg/40mg (30 tablets),10mg/40mg,2677775,macitentan 10 MG / tadalafil 40 MG Oral Tablet [Opsynvi],68.2,0.0,100.0,100,False,
https://www.goodrx.com/orphengesic-forte,orphengesic forte 50mg/770mg/60mg (30 tablets),50mg/770mg/60mg,994539,aspirin 770 MG / caffeine 60 MG / orphenadrine citrate 50 MG Oral Tablet [Orphengesic],68.2,0.0,100.0,100,False,
https://www.goodrx.com/oscimin-sr,oscimin sr 0.125mg (30 tablets),0.125mg,1149364,12 HR hyoscyamine sulfate 0.375 MG Extended Release Oral Tablet [Oscimin],42.0,0.0,0.0,100,False,
https://www.goodrx.com/osmolex-er,osmolex er 129mg (30 tablets),193mg,2044726,24 HR amantadine 193 MG Extended Release Oral Tablet [Osmolex],68.2,0.0,100.0,100,False,
https://www.goodrx.com/osmolex-er,osmolex er 129mg (30 tablets),258mg,2044732,24 HR amantadine 258 MG Extended Release Oral Tablet [Osmolex],68.2,0.0,100.0,100,False,
https://www.goodrx.com/osmolex-er,osmolex er 129mg (30 tablets),129mg,2044720,24 HR amantadine 129 MG Extended Release Oral Tablet [Osmolex],68.2,0.0,100.0,100,False,
https://www.goodrx.com/osphena,osphena 60mg (30 tablets),60mg,1370982,ospemifene 60 MG Oral Tablet [Osphena],86.6,50.0,100.0,100,False,
https://www.goodrx.com/oxtellar-xr,oxcarbazepine er 600mg (30 tablets),300mg,1365847,24 HR oxcarbazepine 300 MG Extended Release Oral Tablet [Oxtellar],69.1,50.0,100.0,100,False,
https://www.goodrx.com/oxtellar-xr,oxcarbazepine er 600mg (30 tablets),600mg,1365850,24 HR oxcarbazepine 600 MG Extended Release Oral Tablet [Oxtellar],69.1,50.0,100.0,100,False,
https://www.goodrx.com/oxybutynin-er,oxybutynin er 10mg (30 tablets),15mg,863628,24 HR oxybutynin chloride 15 MG Extended Release Oral Tablet,78.8,50.0,100.0,100,False,
https://www.goodrx.com/oxybutynin-er,oxybutynin er 10mg (30 tablets),5mg,863636,24 HR oxybutynin chloride 5 MG Extended Release Oral Tablet,78.8,50.0,100.0,100,False,
https://www.goodrx.com/oxybutynin-er,oxybutynin er 10mg (30 tablets),10mg,863619,24 HR oxybutynin chloride 10 MG Extended Release Oral Tablet,78.8,50.0,100.0,100,False,
https://www.goodrx.com/paliperidone-er,paliperidone er 6mg (30 tablets),6mg,672569,24 HR paliperidone 6 MG Extended Release Oral Tablet,78.8,50.0,100.0,100,False,
https://www.goodrx.com/paliperidone-er,paliperidone er 6mg (30 tablets),3mg,672567,24 HR paliperidone 3 MG Extended Release Oral Tablet,78.8,50.0,100.0,100,False,
https://www.goodrx.com/paliperidone-er,paliperidone er 6mg (30 tablets),1.5mg,866103,24 HR paliperidone 1.5 MG Extended Release Oral Tablet,78.8,50.0,100.0,100,False,
https://www.goodrx.com/paliperidone-er,paliperidone er 6mg (30 tablets),9mg,672571,24 HR paliperidone 9 MG Extended Release Oral Tablet,78.8,50.0,100.0,100,False,
https://www.goodrx.com/pantoprazole,pantoprazole 40mg (30 tablets),40mg,283669,pantoprazole 40 MG Injection,78.8,50.0,100.0,100,True,763306:pantoprazole 40 MG Oral Granules(78.8)
https://www.goodrx.com/pantoprazole,pantoprazole 40mg (30 tablets),20mg,283669,pantoprazole 40 MG Injection,42.0,50.0,0.0,100,True,763306:pantoprazole 40 MG Oral Granules(42.0); 2675781:100 ML pantoprazole 0.4 MG/ML Injection(42.0); 2675784:50 ML pantoprazole 0.8 MG/ML Injection(42.0)
https://www.goodrx.com/protonix,pantoprazole 40mg (30 tablets),20mg,885257,pantoprazole 40 MG Injection [Protonix],42.0,50.0,0.0,100,True,763308:pantoprazole 40 MG Oral Granules [Protonix](42.0)
https://www.goodrx.com/protonix,pantoprazole 40mg (30 tablets),40mg,885257,pantoprazole 40 MG Injection [Protonix],68.2,50.0,100.0,100,True,763308:pantoprazole 40 MG Oral Granules [Protonix](68.2)
https://www.goodrx.com/paroxetine-er,paroxetine er 25mg (30 tablets),37.5mg,1738807,24 HR paroxetine hydrochloride 37.5 MG Extended Release Oral Tablet,78.8,50.0,100.0,100,False,
https://www.goodrx.com/paroxetine-er,paroxetine er 25mg (30 tablets),25mg,1738805,24 HR paroxetine hydrochloride 25 MG Extended Release Oral Tablet,78.8,50.0,100.0,100,False,
https://www.goodrx.com/paxil-cr,paroxetine er 25mg (30 tablets),25mg,1738806,24 HR paroxetine hydrochloride 25 MG Extended Release Oral Tablet [Paxil],72.0,50.0,100.0,100,False,
https://www.goodrx.com/pexeva,pexeva 10mg (30 tablets),40mg,541664,paroxetine mesylate 30 MG Oral Tablet [Pexeva],42.0,0.0,0.0,100,True,541660:paroxetine mesylate 10 MG Oral Tablet [Pexeva](42.0); 541662:paroxetine mesylate 20 MG Oral Tablet [Pexeva](42.0)
https://www.goodrx.com/pexeva,pexeva 10mg (30 tablets),10mg,541660,paroxetine mesylate 10 MG Oral Tablet [Pexeva],68.2,0.0,100.0,100,False,
https://www.goodrx.com/pexeva,pexeva 10mg (30 tablets),20mg,541662,paroxetine mesylate 20 MG Oral Tablet [Pexeva],68.2,0.0,100.0,100,False,
https://www.goodrx.com/pexeva,pexeva 10mg (30 tablets),30mg,541664,paroxetine mesylate 30 MG Oral Tablet [Pexeva],68.2,0.0,100.0,100,False,
https://www.goodrx.com/donnatal,phenobarbital/hyoscyamine/atropine/scopolamine 16.2mg (30 tablets),23mg,1046787,atropine sulfate 0.00388 MG/ML / hyoscyamine sulfate 0.0207 MG/ML / phenobarbital 3.24 MG/ML / scopolamine hydrobromide 0.0013 MG/ML Oral Solution,45.8,57.1,0.0,100,True,1046815:atropine sulfate 0.0194 MG / hyoscyamine sulfate 0(45.8)
https://www.goodrx.com/phenohytro,phenohytro 16.2mg (30 tablets),16.2mg,1739887,atropine sulfate 0.0194 MG / hyoscyamine sulfate 0.1037 MG / phenobarbital 16.2 MG / scopolamine hydrobromide 0.0065 MG Oral Tablet [Phenohytro],68.2,0.0,100.0,100,False,
https://www.goodrx.com/phentermine,phentermine 37.5mg (30 tablets),37.5mg,803348,phentermine hydrochloride 37.5 MG Oral Capsule,87.5,66.7,100.0,100,True,803353:phentermine hydrochloride 37.5 MG Oral Tablet(87.5)
https://www.goodrx.com/pifeltro,pifeltro 100mg (30 tablets),100mg,2055766,doravirine 100 MG Oral Tablet [Pifeltro],68.2,0.0,100.0,100,False,
https://www.goodrx.com/pioglitazone,pioglitazone 30mg (30 tablets),30mg,647237,glimepiride 2 MG / pioglitazone 30 MG Oral Tablet,78.8,50.0,100.0,100,True,647239:glimepiride 4 MG / pioglitazone 30 MG Oral Tablet(78.8); 1368410:alogliptin 12.5 MG / pioglitazone 30 MG Oral Table(78.8); 1368431:alogliptin 25 MG / pioglitazone 30 MG Oral Tablet(78.8)
https://www.goodrx.com/pioglitazone,pioglitazone 30mg (30 tablets),15mg,317573,pioglitazone 15 MG Oral Tablet,78.8,50.0,100.0,100,True,1368403:alogliptin 12.5 MG / pioglitazone 15 MG Oral Table(78.8); 861783:metformin hydrochloride 500 MG / pioglitazone 15 M(78.8); 1368424:alogliptin 25 MG / pioglitazone 15 MG Oral Tablet(78.8)
https://www.goodrx.com/actos,pioglitazone 30mg (30 tablets),45mg,261268,pioglitazone 45 MG Oral Tablet [Actos],66.6,50.0,100.0,100,True,1368444:alogliptin 25 MG / pioglitazone 45 MG Oral Tablet (66.6)
https://www.goodrx.com/actos,pioglitazone 30mg (30 tablets),15mg,861824,metformin hydrochloride 850 MG / pioglitazone 15 MG Oral Tablet [Actoplus Met],66.9,50.0,100.0,100,True,861785:metformin hydrochloride 500 MG / pioglitazone 15 M(66.9); 261266:pioglitazone 15 MG Oral Tablet [Actos](66.6); 1368430:alogliptin 25 MG / pioglitazone 15 MG Oral Tablet (66.6)
https://www.goodrx.com/actos,pioglitazone 30mg (30 tablets),30mg,261267,pioglitazone 30 MG Oral Tablet [Actos],66.6,50.0,100.0,100,True,1368416:alogliptin 12.5 MG / pioglitazone 30 MG Oral Table(66.6); 1368437:alogliptin 25 MG / pioglitazone 30 MG Oral Tablet (66.6); 731457:glimepiride 4 MG / pioglitazone 30 MG Oral Tablet (65.9)
https://www.goodrx.com/pioglitazone-glimepiride,pioglitazone/glimepiride 30mg/4mg (30 tablets),30mg/2mg,647237,glimepiride 2 MG / pioglitazone 30 MG Oral Tablet,78.8,50.0,100.0,100,False,
https://www.goodrx.com/pioglitazone-glimepiride,pioglitazone/glimepiride 30mg/4mg (30 tablets),30mg/4mg,647239,glimepiride 4 MG / pioglitazone 30 MG Oral Tablet,78.8,50.0,100.0,100,False,
https://www.goodrx.com/duetact,pioglitazone/glimepiride 30mg/4mg (30 tablets),30mg/2mg,731463,glimepiride 2 MG / pioglitazone 30 MG Oral Tablet [Duetact],70.8,60.0,100.0,100,False,
https://www.goodrx.com/duetact,pioglitazone/glimepiride 30mg/4mg (30 tablets),30mg/4mg,731457,glimepiride 4 MG / pioglitazone 30 MG Oral Tablet [Duetact],70.8,60.0,100.0,100,False,
https://www.goodrx.com/pitavastatin,pitavastatin 2mg (30 tablets),4mg,2689125,pitavastatin sodium 4 MG Oral Tablet,78.8,50.0,100.0,100,True,2001266:pitavastatin magnesium 4 MG Oral Tablet(78.8); 861652:pitavastatin calcium 4 MG Oral Tablet(78.8)
https://www.goodrx.com/pitavastatin,pitavastatin 2mg (30 tablets),2mg,2689121,pitavastatin sodium 2 MG Oral Tablet,78.8,50.0,100.0,100,True,2001262:pitavastatin magnesium 2 MG Oral Tablet(78.8); 861648:pitavastatin calcium 2 MG Oral Tablet(78.8)
https://www.goodrx.com/pnv-29-1,pnv 29-1 600mcg/120mg/10mcg (30 tablets),600mcg/120mg/10mcg,,,0.0,0.0,0.0,0,True,NO MATCH FOUND
https://www.goodrx.com/pnv-prenatal-plus-multivitamin,pnv prenatal plus multivitamin 27mg/1mg (30 tablets),27mg/1mg,,,0.0,0.0,0.0,0,True,NO MATCH FOUND
https://www.goodrx.com/pnv-select,pnv select 27mg/1mg (30 tablets),27mg/1mg,,,0.0,0.0,0.0,0,True,NO MATCH FOUND
https://www.goodrx.com/poly-vent-dm,poly-vent dm 20mg/380mg/60mg (30 tablets),20mg/380mg/60mg,,,0.0,0.0,0.0,0,True,NO MATCH FOUND
https://www.goodrx.com/potassium-chloride-er,potassium chloride er 20meq (30 tablets),15meq,,,0.0,0.0,0.0,0,True,NO MATCH FOUND
https://www.goodrx.com/potassium-chloride-er,potassium chloride er 20meq (30 tablets),8meq,,,0.0,0.0,0.0,0,True,NO MATCH FOUND
https://www.goodrx.com/potassium-chloride-er,potassium chloride er 20meq (30 tablets),20meq,,,0.0,0.0,0.0,0,True,NO MATCH FOUND
https://www.goodrx.com/potassium-chloride-er,potassium chloride er 20meq (30 tablets),10meq,,,0.0,0.0,0.0,0,True,NO MATCH FOUND
https://www.goodrx.com/pramipexole,pramipexole 0.5mg (30 tablets),0.25mg,859040,pramipexole dihydrochloride 0.25 MG Oral Tablet,87.5,66.7,100.0,100,False,
https://www.goodrx.com/pramipexole,pramipexole 0.5mg (30 tablets),1.5mg,859048,pramipexole dihydrochloride 1.5 MG Oral Tablet,87.5,66.7,100.0,100,False,
https://www.goodrx.com/pramipexole,pramipexole 0.5mg (30 tablets),0.125mg,859033,pramipexole dihydrochloride 0.125 MG Oral Tablet,87.5,66.7,100.0,100,False,
https://www.goodrx.com/pramipexole,pramipexole 0.5mg (30 tablets),0.5mg,859044,pramipexole dihydrochloride 0.5 MG Oral Tablet,87.5,66.7,100.0,100,False,
https://www.goodrx.com/pramipexole,pramipexole 0.5mg (30 tablets),1mg,859052,pramipexole dihydrochloride 1 MG Oral Tablet,87.5,66.7,100.0,100,False,
https://www.goodrx.com/pramipexole,pramipexole 0.5mg (30 tablets),0.75mg,858625,pramipexole dihydrochloride 0.75 MG Oral Tablet,87.5,66.7,100.0,100,False,
https://www.goodrx.com/effient,prasugrel 10mg (30 tablets),10mg,855816,prasugrel 10 MG Oral Tablet [Effient],63.7,50.0,100.0,100,False,
https://www.goodrx.com/prasugrel,prasugrel 10mg (30 tablets),10mg,855812,prasugrel 10 MG Oral Tablet,78.8,50.0,100.0,100,False,
https://www.goodrx.com/effient,prasugrel 10mg (30 tablets),5mg,855820,prasugrel 5 MG Oral Tablet [Effient],63.7,50.0,100.0,100,False,
https://www.goodrx.com/prasugrel,prasugrel 10mg (30 tablets),5mg,855818,prasugrel 5 MG Oral Tablet,78.8,50.0,100.0,100,False,
https://www.goodrx.com/rayos,prednisone 5mg (30 tablets),1mg,260409,prednisolone 1 MG/ML Oral Solution [Pediapred],74.2,50.0,100.0,100,False,
https://www.goodrx.com/rayos,prednisone 5mg (30 tablets),5mg,808118,prednisolone 5 MG Oral Tablet [MILLIPRED],71.4,50.0,100.0,100,False,
https://www.goodrx.com/pregabalin-er,pregabalin er 165mg (30 tablets),330mg,1988977,24 HR pregabalin 330 MG Extended Release Oral Tablet,78.8,50.0,100.0,100,False,
https://www.goodrx.com/pregabalin-er,pregabalin er 165mg (30 tablets),82.5mg,1988980,24 HR pregabalin 82.5 MG Extended Release Oral Tablet,78.8,50.0,100.0,100,False,
https://www.goodrx.com/pregabalin-er,pregabalin er 165mg (30 tablets),165mg,1988974,24 HR pregabalin 165 MG Extended Release Oral Tablet,78.8,50.0,100.0,100,False,
https://www.goodrx.com/prenatabs-fa,prenatabs fa 29mg/1mg (30 tablets),29mg/1mg,,,0.0,0.0,0.0,0,True,NO MATCH FOUND
https://www.goodrx.com/prenatabs-rx,prenatabs rx 29mg/1mg (30 tablets),29mg/1mg,,,0.0,0.0,0.0,0,True,NO MATCH FOUND
https://www.goodrx.com/prenatal-19,prenatal 19 29mg/1mg (30 tablets),29mg/1mg,,,0.0,0.0,0.0,0,True,NO MATCH FOUND
https://www.goodrx.com/prenatal-plus,prenatal plus 27mg/1mg (30 tablets),27mg/1mg,,,0.0,0.0,0.0,0,True,NO MATCH FOUND
https://www.goodrx.com/prenatal-plus-low-iron,prenatal plus low iron 27mg/1mg (30 tablets),27mg/1mg,,,0.0,0.0,0.0,0,True,NO MATCH FOUND
https://www.goodrx.com/prenatal-vitamin-plus,prenatal vitamin plus 1200mcg/120mg/10mcg (30 tablets),1200mcg/120mg/10mcg,1428828,ascorbic acid 60 MG / cholecalciferol 0.01 MG / folic acid 0.3 MG / niacin 13.5 MG / riboflavin 1.2 MG / sodium fluoride 2.2 MG / thiamine 1.05 MG / vitamin A 0.75 MG / vitamin B12 0.0045 MG / vitamin B6 1.05 MG / vitamin E 15 UNT Chewable Tablet [MVC-Fluoride],74.6,100.0,60.0,100,False,
https://www.goodrx.com/preplus,preplus 27mg/1mg (30 tablets),27mg/1mg,,,0.0,0.0,0.0,0,True,NO MATCH FOUND
https://www.goodrx.com/prezcobix,prezcobix 800mg/150mg (30 tablets),800mg/150mg,1600710,cobicistat 150 MG / darunavir 800 MG Oral Tablet [Prezcobix],92.8,66.7,100.0,100,False,
https://www.goodrx.com/compro,prochlorperazine 10mg (30 tablets),5mg,207680,prochlorperazine 5 MG Oral Tablet [Compazine],77.2,50.0,100.0,100,False,
https://www.goodrx.com/compazine,prochlorperazine 10mg (30 tablets),10mg,207685,prochlorperazine 10 MG Oral Tablet [Compazine],77.2,50.0,100.0,100,False,
https://www.goodrx.com/compazine,prochlorperazine 10mg (30 tablets),5mg,207680,prochlorperazine 5 MG Oral Tablet [Compazine],77.2,50.0,100.0,100,False,
https://www.goodrx.com/procomp,prochlorperazine 10mg (30 tablets),10mg,207685,prochlorperazine 10 MG Oral Tablet [Compazine],77.2,50.0,100.0,100,False,
https://www.goodrx.com/prochlorperazine,prochlorperazine 10mg (30 tablets),10mg,,,0.0,0.0,0.0,0,True,NO MATCH FOUND
https://www.goodrx.com/compro,prochlorperazine 10mg (30 tablets),10mg,207685,prochlorperazine 10 MG Oral Tablet [Compazine],77.2,50.0,100.0,100,False,
https://www.goodrx.com/prochlorperazine,prochlorperazine 10mg (30 tablets),5mg,,,0.0,0.0,0.0,0,True,NO MATCH FOUND
https://www.goodrx.com/procomp,prochlorperazine 10mg (30 tablets),5mg,207680,prochlorperazine 5 MG Oral Tablet [Compazine],77.2,50.0,100.0,100,False,
https://www.goodrx.com/phenergan,promethazine 25mg (30 tablets),25mg,992459,promethazine hydrochloride 25 MG Rectal Suppository [Promethegan],80.9,50.0,100.0,100,False,
https://www.goodrx.com/phenergan,promethazine 25mg (30 tablets),50mg,992481,promethazine hydrochloride 50 MG Rectal Suppository [Promethegan],80.9,50.0,100.0,100,False,
https://www.goodrx.com/promethazine,promethazine 25mg (30 tablets),50mg,992481,promethazine hydrochloride 50 MG Rectal Suppository [Promethegan],62.5,25.0,100.0,100,False,
https://www.goodrx.com/promethazine,promethazine 25mg (30 tablets),12.5mg,992445,promethazine hydrochloride 12.5 MG Rectal Suppository [Promethegan],62.5,25.0,100.0,100,False,
https://www.goodrx.com/promethazine,promethazine 25mg (30 tablets),25mg,992459,promethazine hydrochloride 25 MG Rectal Suppository [Promethegan],62.5,25.0,100.0,100,False,
https://www.goodrx.com/phenergan,promethazine 25mg (30 tablets),12.5mg,992445,promethazine hydrochloride 12.5 MG Rectal Suppository [Promethegan],80.9,50.0,100.0,100,False,
https://www.goodrx.com/protriptyline,protriptyline 10mg (30 tablets),10mg,905168,protriptyline hydrochloride 10 MG Oral Tablet,78.8,50.0,100.0,100,False,
https://www.goodrx.com/protriptyline,protriptyline 10mg (30 tablets),5mg,905172,protriptyline hydrochloride 5 MG Oral Tablet,78.8,50.0,100.0,100,False,
https://www.goodrx.com/quetiapine,quetiapine 50mg (30 tablets),300mg,312745,quetiapine 300 MG Oral Tablet,78.8,50.0,100.0,100,False,
https://www.goodrx.com/quetiapine,quetiapine 50mg (30 tablets),100mg,312743,quetiapine 100 MG Oral Tablet,78.8,50.0,100.0,100,False,
https://www.goodrx.com/quetiapine,quetiapine 50mg (30 tablets),25mg,312744,quetiapine 25 MG Oral Tablet,78.8,50.0,100.0,100,False,
https://www.goodrx.com/quetiapine,quetiapine 50mg (30 tablets),200mg,317174,quetiapine 200 MG Oral Tablet,78.8,50.0,100.0,100,False,
https://www.goodrx.com/quetiapine,quetiapine 50mg (30 tablets),50mg,616487,quetiapine 50 MG Oral Tablet,78.8,50.0,100.0,100,False,
https://www.goodrx.com/quetiapine,quetiapine 50mg (30 tablets),150mg,389201,quetiapine 150 MG Oral Tablet,78.8,50.0,100.0,100,False,
https://www.goodrx.com/quetiapine,quetiapine 50mg (30 tablets),400mg,616483,quetiapine 400 MG Oral Tablet,78.8,50.0,100.0,100,False,
https://www.goodrx.com/quetiapine-er,quetiapine er 50mg (30 tablets),200mg,721791,24 HR quetiapine 200 MG Extended Release Oral Tablet,78.8,50.0,100.0,100,False,
https://www.goodrx.com/quetiapine-er,quetiapine er 50mg (30 tablets),300mg,721794,24 HR quetiapine 300 MG Extended Release Oral Tablet,78.8,50.0,100.0,100,False,
https://www.goodrx.com/quetiapine-er,quetiapine er 50mg (30 tablets),50mg,853201,24 HR quetiapine 50 MG Extended Release Oral Tablet,78.8,50.0,100.0,100,False,
https://www.goodrx.com/quetiapine-er,quetiapine er 50mg (30 tablets),150mg,895670,24 HR quetiapine 150 MG Extended Release Oral Tablet,78.8,50.0,100.0,100,False,
https://www.goodrx.com/quetiapine-er,quetiapine er 50mg (30 tablets),400mg,721796,24 HR quetiapine 400 MG Extended Release Oral Tablet,78.8,50.0,100.0,100,False,
https://www.goodrx.com/quinapril-hctz,quinapril/hctz 10mg/12.5mg (30 tablets),20mg/12.5mg,,,0.0,0.0,0.0,0,True,NO MATCH FOUND
https://www.goodrx.com/accuretic,quinapril/hctz 10mg/12.5mg (30 tablets),10mg/12.5mg,809854,hydrochlorothiazide 12.5 MG / quinapril 10 MG Oral Tablet [Accuretic],60.3,25.0,100.0,100,False,
https://www.goodrx.com/quinapril-hctz,quinapril/hctz 10mg/12.5mg (30 tablets),20mg/25mg,,,0.0,0.0,0.0,0,True,NO MATCH FOUND
https://www.goodrx.com/quinapril-hctz,quinapril/hctz 10mg/12.5mg (30 tablets),10mg/12.5mg,,,0.0,0.0,0.0,0,True,NO MATCH FOUND
https://www.goodrx.com/quinidex,quinidine sulfate er 300mg (30 tablets),300mg,852920,quinidine gluconate 324 MG Extended Release Oral Tablet,75.0,100.0,100.0,100,False,
https://www.goodrx.com/quinidine-sulfate-er,quinidine sulfate er 300mg (30 tablets),300mg,852920,quinidine gluconate 324 MG Extended Release Oral Tablet,100.0,100.0,100.0,100,False,
https://www.goodrx.com/qulipta,qulipta 60mg (30 tablets),60mg,2571850,atogepant 60 MG Oral Tablet [Qulipta],86.6,50.0,100.0,100,False,
https://www.goodrx.com/qulipta,qulipta 60mg (30 tablets),30mg,2571846,atogepant 30 MG Oral Tablet [Qulipta],86.6,50.0,100.0,100,False,
https://www.goodrx.com/qulipta,qulipta 60mg (30 tablets),10mg,2571842,atogepant 10 MG Oral Tablet [Qulipta],86.6,50.0,100.0,100,False,
https://www.goodrx.com/aciphex,rabeprazole dr 20mg (30 tablets),20mg,854870,rabeprazole sodium 20 MG Delayed Release Oral Tablet [Aciphex],67.9,50.0,100.0,100,False,
https://www.goodrx.com/rabeprazole-dr,rabeprazole dr 20mg (30 tablets),20mg,854868,rabeprazole sodium 20 MG Delayed Release Oral Tablet,78.8,50.0,100.0,100,False,
https://www.goodrx.com/ramelteon,ramelteon 8mg (30 tablets),8mg,577348,ramelteon 8 MG Oral Tablet,78.8,50.0,100.0,100,False,
https://www.goodrx.com/rasagiline,rasagiline 1mg (30 tablets),1mg,608328,rasagiline 1 MG Oral Tablet,78.8,50.0,100.0,100,False,
https://www.goodrx.com/relafen-ds,relafen ds 1000mg (30 tablets),1000mg,2200291,nabumetone 1000 MG Oral Tablet [Relafen],68.2,0.0,100.0,100,False,
https://www.goodrx.com/norvir,ritonavir 100mg (30 tablets),100mg,152970,ritonavir 100 MG Oral Capsule [Norvir],74.4,50.0,100.0,100,True,1926069:ritonavir 100 MG Oral Powder [Norvir](74.4); 900577:ritonavir 100 MG Oral Tablet [Norvir](74.4)
https://www.goodrx.com/daliresp,roflumilast 500mcg (30 tablets),250mcg,2001321,roflumilast 0.25 MG Oral Tablet [Daliresp],68.7,50.0,100.0,100,False,
https://www.goodrx.com/daliresp,roflumilast 500mcg (30 tablets),500mcg,1091843,roflumilast 0.5 MG Oral Tablet [Daliresp],68.7,50.0,100.0,100,False,
https://www.goodrx.com/onglyza,saxagliptin 5mg (30 tablets),5mg,1925504,dapagliflozin 10 MG / saxagliptin 5 MG Oral Tablet [Qtern],66.9,50.0,100.0,100,True,2169276:dapagliflozin 5 MG / saxagliptin 5 MG Oral Tablet (66.9); 858040:saxagliptin 5 MG Oral Tablet [Onglyza](66.2)
https://www.goodrx.com/onglyza,saxagliptin 5mg (30 tablets),2.5mg,858044,saxagliptin 2.5 MG Oral Tablet [Onglyza],66.2,50.0,100.0,100,False,
https://www.goodrx.com/rapamune,sirolimus 1mg (30 tablets),1mg,351901,sirolimus 1 MG/ML Oral Solution [Rapamune],69.6,50.0,100.0,100,True,351989:sirolimus 1 MG Oral Tablet [Rapamune](69.6)
https://www.goodrx.com/rapamune,sirolimus 1mg (30 tablets),2mg,404432,sirolimus 2 MG Oral Tablet [Rapamune],69.6,50.0,100.0,100,False,
https://www.goodrx.com/rapamune,sirolimus 1mg (30 tablets),0.5mg,905160,sirolimus 0.5 MG Oral Tablet [Rapamune],69.6,50.0,100.0,100,False,
https://www.goodrx.com/aldactone,spironolactone 25mg (30 tablets),,208112,hydrochlorothiazide 25 MG / spironolactone 25 MG Oral Tablet [Aldactazide],66.7,33.3,100.0,100,True,200820:spironolactone 25 MG Oral Tablet [Aldactone](66.7)
https://www.goodrx.com/nolvadex,tamoxifen 20mg (30 tablets),20mg,313195,tamoxifen 20 MG Oral Tablet,57.5,50.0,100.0,100,False,
https://www.goodrx.com/nolvadex,tamoxifen 20mg (30 tablets),10mg,198240,tamoxifen 10 MG Oral Tablet,57.5,50.0,100.0,100,False,
https://www.goodrx.com/aubagio,teriflunomide 14mg (30 tablets),14mg,1310531,teriflunomide 14 MG Oral Tablet [Aubagio],65.6,50.0,100.0,100,False,
https://www.goodrx.com/demadex,torsemide 20mg (30 tablets),20mg,2589877,torsemide 20 MG Oral Tablet [Soaanz],63.9,50.0,100.0,100,False,
https://www.goodrx.com/demadex,torsemide 20mg (30 tablets),100mg,198370,torsemide 100 MG Oral Tablet,57.5,50.0,100.0,100,False,
https://www.goodrx.com/demadex,torsemide 20mg (30 tablets),10mg,198369,torsemide 10 MG Oral Tablet,57.5,50.0,100.0,100,False,
https://www.goodrx.com/demadex,torsemide 20mg (30 tablets),5mg,198372,torsemide 5 MG Oral Tablet,57.5,50.0,100.0,100,False,
https://www.goodrx.com/conzip,tramadol er 100mg (30 tablets),200mg,845315,24 HR tramadol hydrochloride 200 MG Extended Release Oral Tablet [Ultram],72.7,50.0,100.0,100,False,
https://www.goodrx.com/conzip,tramadol er 100mg (30 tablets),300mg,1148491,24 HR tramadol hydrochloride 300 MG Extended Release Oral Capsule [ConZip],63.5,50.0,100.0,100,False,
https://www.goodrx.com/conzip,tramadol er 100mg (30 tablets),100mg,1148482,24 HR tramadol hydrochloride 100 MG Extended Release Oral Capsule [ConZip],63.5,50.0,100.0,100,False,
https://www.goodrx.com/diovan,valsartan 160mg (30 tablets),40mg,352274,valsartan 40 MG Oral Tablet [Diovan],70.9,50.0,100.0,100,False,
https://www.goodrx.com/diovan,valsartan 160mg (30 tablets),320mg,352001,valsartan 320 MG Oral Tablet [Diovan],70.9,50.0,100.0,100,True,809026:hydrochlorothiazide 12.5 MG / valsartan 320 MG Ora(68.7); 809030:hydrochlorothiazide 25 MG / valsartan 320 MG Oral (68.7)
https://www.goodrx.com/diovan,valsartan 160mg (30 tablets),80mg,1798287,nebivolol 5 MG / valsartan 80 MG Oral Tablet [Byvalson],75.8,50.0,100.0,100,True,351761:valsartan 80 MG Oral Tablet [Diovan](70.9)
https://www.goodrx.com/diovan,valsartan 160mg (30 tablets),160mg,351762,valsartan 160 MG Oral Tablet [Diovan],70.9,50.0,100.0,100,True,809018:hydrochlorothiazide 12.5 MG / valsartan 160 MG Ora(68.7); 809022:hydrochlorothiazide 25 MG / valsartan 160 MG Oral (68.7)
https://www.goodrx.com/diovan-hct,valsartan/hctz 320mg/25mg (30 tablets),80mg/12.5mg,809014,hydrochlorothiazide 12.5 MG / valsartan 80 MG Oral Tablet [Diovan HCT],63.3,40.0,100.0,100,False,
https://www.goodrx.com/diovan-hct,valsartan/hctz 320mg/25mg (30 tablets),160mg/12.5mg,809018,hydrochlorothiazide 12.5 MG / valsartan 160 MG Oral Tablet [Diovan HCT],63.3,40.0,100.0,100,False,
https://www.goodrx.com/diovan-hct,valsartan/hctz 320mg/25mg (30 tablets),320mg/25mg,809030,hydrochlorothiazide 25 MG / valsartan 320 MG Oral Tablet [Diovan HCT],63.3,40.0,100.0,100,False,
https://www.goodrx.com/diovan-hct,valsartan/hctz 320mg/25mg (30 tablets),160mg/25mg,809022,hydrochlorothiazide 25 MG / valsartan 160 MG Oral Tablet [Diovan HCT],63.3,40.0,100.0,100,False,
https://www.goodrx.com/diovan-hct,valsartan/hctz 320mg/25mg (30 tablets),320mg/12.5mg,809026,hydrochlorothiazide 12.5 MG / valsartan 320 MG Oral Tablet [Diovan HCT],63.3,40.0,100.0,100,False,
https://www.goodrx.com/effexor,venlafaxine 75mg (30 tablets),50mg,314277,venlafaxine 50 MG Oral Tablet,57.5,50.0,100.0,100,False,
https://www.goodrx.com/effexor,venlafaxine 75mg (30 tablets),100mg,313580,venlafaxine 100 MG Oral Tablet,57.5,50.0,100.0,100,False,
https://www.goodrx.com/effexor,venlafaxine 75mg (30 tablets),75mg,313586,venlafaxine 75 MG Oral Tablet,57.5,50.0,100.0,100,False,
https://www.goodrx.com/effexor,venlafaxine 75mg (30 tablets),37.5mg,313584,venlafaxine 37.5 MG Oral Tablet,57.5,50.0,100.0,100,False,
https://www.goodrx.com/effexor,venlafaxine 75mg (30 tablets),25mg,313582,venlafaxine 25 MG Oral Tablet,57.5,50.0,100.0,100,False,
https://www.goodrx.com/effexor-xr,venlafaxine er 225mg (30 tablets),225mg,808748,24 HR venlafaxine 225 MG Extended Release Oral Tablet,57.5,50.0,100.0,100,False,
https://www.goodrx.com/effexor-xr,venlafaxine er 225mg (30 tablets),150mg,729931,24 HR venlafaxine 150 MG Extended Release Oral Capsule [Effexor],67.9,50.0,100.0,100,False,
https://www.goodrx.com/effexor-xr,venlafaxine er 225mg (30 tablets),75mg,729929,24 HR venlafaxine 75 MG Extended Release Oral Capsule [Effexor],67.9,50.0,100.0,100,False,
https://www.goodrx.com/effexor-xr,venlafaxine er 225mg (30 tablets),37.5mg,729932,24 HR venlafaxine 37.5 MG Extended Release Oral Capsule [Effexor],67.9,50.0,100.0,100,False,
https://www.goodrx.com/coumadin,warfarin 5mg (30 tablets),6mg,,,0.0,0.0,0.0,0,True,NO MATCH FOUND
https://www.goodrx.com/coumadin,warfarin 5mg (30 tablets),3mg,,,0.0,0.0,0.0,0,True,NO MATCH FOUND
https://www.goodrx.com/coumadin,warfarin 5mg (30 tablets),2mg,,,0.0,0.0,0.0,0,True,NO MATCH FOUND
https://www.goodrx.com/coumadin,warfarin 5mg (30 tablets),10mg,,,0.0,0.0,0.0,0,True,NO MATCH FOUND
https://www.goodrx.com/coumadin,warfarin 5mg (30 tablets),2.5mg,,,0.0,0.0,0.0,0,True,NO MATCH FOUND
https://www.goodrx.com/coumadin,warfarin 5mg (30 tablets),4mg,,,0.0,0.0,0.0,0,True,NO MATCH FOUND
https://www.goodrx.com/coumadin,warfarin 5mg (30 tablets),5mg,,,0.0,0.0,0.0,0,True,NO MATCH FOUND
https://www.goodrx.com/ambien,zolpidem 10mg (30 tablets),10mg,854875,zolpidem tartrate 10 MG Oral Tablet [Ambien],67.9,50.0,100.0,100,True,836645:zolpidem tartrate 10 MG Sublingual Tablet [Edluar](64.1)
https://www.goodrx.com/ambien,zolpidem 10mg (30 tablets),5mg,828696,zolpidem tartrate 5 MG/ACTUAT Oral Spray [Zolpimist],78.9,50.0,100.0,100,False,
https://www.goodrx.com/ambien-cr,zolpidem er 12.5mg (30 tablets),12.5mg,854882,zolpidem tartrate 12.5 MG Extended Release Oral Tablet [Ambien],72.7,66.7,100.0,100,False,
https://www.goodrx.com/ambien-cr,zolpidem er 12.5mg (30 tablets),6.25mg,854896,zolpidem tartrate 6.25 MG Extended Release Oral Tablet [Ambien],72.7,66.7,100.0,100,False,
https://www.goodrx.com/duoneb,ipratropium/albuterol 3ml of 0.5mg/3mg/3ml (30 vials),3ml of 0.5mg/3mg/3ml,,,0.0,0.0,0.0,0,True,NO MATCH FOUND
https://www.goodrx.com/children-s-fexofenadine,children's fexofenadine 12 hour (300 bottles),12 hour,997406,12 HR fexofenadine hydrochloride 60 MG / pseudoephedrine hydrochloride 120 MG Extended Release Oral Tablet,73.5,75.0,50.0,100,True,997415:24 HR fexofenadine hydrochloride 180 MG / pseudoep(73.5)
https://www.goodrx.com/atovaquone,atovaquone 750mg/5ml (300 ml),750mg/5ml,864675,atovaquone 250 MG / proguanil hydrochloride 100 MG Oral Tablet,42.0,50.0,0.0,100,True,864681:atovaquone 62.5 MG / proguanil hydrochloride 25 MG(42.0); 308429:atovaquone 150 MG/ML Oral Suspension(42.0)
https://www.goodrx.com/osmoprep,osmoprep 1.5g (32 tablets),1.5g,636141,sodium phosphate 1500 MG Oral Tablet [OsmoPrep],68.2,0.0,100.0,100,False,
https://www.goodrx.com/phenylephrine-pe,phenylephrine pe 10mg (36 tablets),10mg,1441831,doxylamine succinate 7.5 MG / phenylephrine hydrochloride 10 MG Oral Tablet,78.8,50.0,100.0,100,True,1484879:acetaminophen 500 MG / dextromethorphan hydrobromi(78.8); 1370205:dextromethorphan hydrobromide 1 MG/ML / guaifenesi(78.8); 1540230:ketorolac 2.88 MG/ML / phenylephrine 10.16 MG/ML O(78.8)
https://www.goodrx.com/cystadrops,cystadrops 5ml of 0.37% (4 bottles),5ml of 0.37%,2396905,cysteamine 3.8 MG/ML Ophthalmic Solution [Cystadrops],55.1,0.0,50.0,100,False,
https://www.goodrx.com/nymalize,nymalize 12 oral syringes of 10ml (4 cartons),12 oral syringes of 10ml,,,0.0,0.0,0.0,0,True,NO MATCH FOUND
https://www.goodrx.com/omnitrope,omnitrope 1.5ml of 10mg/1.5ml (4 cartridges),1.5ml of 5mg/1.5ml,645884,somatropin 5 MG/ML Injectable Solution [Omnitrope],52.5,0.0,40.0,100,False,
https://www.goodrx.com/omnitrope,omnitrope 1.5ml of 10mg/1.5ml (4 cartridges),1.5ml of 10mg/1.5ml,645884,somatropin 5 MG/ML Injectable Solution [Omnitrope],42.0,0.0,0.0,100,False,
https://www.goodrx.com/alprolix,alprolix single dose of 1000iu (4 kits),single dose of 1000iu,1666323,coagulation factor IX recombinant immunoglobulin G1 fusion protein 1 UNT Injection [Alprolix],42.0,0.0,0.0,100,False,
https://www.goodrx.com/alprolix,alprolix single dose of 1000iu (4 kits),single dose of 3000iu,1666323,coagulation factor IX recombinant immunoglobulin G1 fusion protein 1 UNT Injection [Alprolix],42.0,0.0,0.0,100,False,
https://www.goodrx.com/alprolix,alprolix single dose of 1000iu (4 kits),single dose of 2000iu,1666323,coagulation factor IX recombinant immunoglobulin G1 fusion protein 1 UNT Injection [Alprolix],42.0,0.0,0.0,100,False,
https://www.goodrx.com/alprolix,alprolix single dose of 1000iu (4 kits),single dose of 500iu,1666323,coagulation factor IX recombinant immunoglobulin G1 fusion protein 1 UNT Injection [Alprolix],42.0,0.0,0.0,100,False,
https://www.goodrx.com/nicotrol,nicotrol 10ml of 10mg/ml (4 nasal sprays),10ml of 10mg/ml,1046920,nicotine 4 MG Inhalation Solution [Nicotrol],42.0,0.0,0.0,100,False,
https://www.goodrx.com/ethinyl-estradiol-norethindrone,ethinyl estradiol/norethindrone 21 tablets of 1mg/0.02mg (4 packages),28 chewable tablets of 1mg/20mcg,2696883,ethinyl estradiol 0.02 MG / norethindrone acetate 1 MG Disintegrating Oral Tablet,66.2,75.0,100.0,100,True,1426288:ethinyl estradiol 0.02 MG / norethindrone acetate (66.2); 1358762:ethinyl estradiol 0.02 MG / norethindrone acetate (66.2); 1090996:ethinyl estradiol 0.005 MG / norethindrone acetate(62.0)
https://www.goodrx.com/ethinyl-estradiol-norethindrone,ethinyl estradiol/norethindrone 21 tablets of 1mg/0.02mg (4 packages),21 tablets of 1.5mg/0.03mg,1359022,ethinyl estradiol 0.03 MG / norethindrone acetate 1.5 MG Oral Tablet,66.2,75.0,100.0,100,False,
https://www.goodrx.com/ethinyl-estradiol-norethindrone,ethinyl estradiol/norethindrone 21 tablets of 1mg/0.02mg (4 packages),28 tablets of 0.5mg/2.5mcg,1722245,ethinyl estradiol 0.0025 MG / norethindrone acetate 0.5 MG Oral Tablet [Jevantique],77.2,75.0,100.0,100,False,
https://www.goodrx.com/ethinyl-estradiol-norethindrone,ethinyl estradiol/norethindrone 21 tablets of 1mg/0.02mg (4 packages),21 tablets of 1mg/0.02mg,2696883,ethinyl estradiol 0.02 MG / norethindrone acetate 1 MG Disintegrating Oral Tablet,66.2,75.0,100.0,100,True,1426288:ethinyl estradiol 0.02 MG / norethindrone acetate (66.2); 1358762:ethinyl estradiol 0.02 MG / norethindrone acetate (66.2); 1090996:ethinyl estradiol 0.005 MG / norethindrone acetate(62.0)
https://www.goodrx.com/albenza,albendazole 200mg (4 tablets),200mg,211148,albendazole 200 MG Oral Tablet [Albenza],77.9,50.0,100.0,100,False,
https://www.goodrx.com/albendazole,albendazole 200mg (4 tablets),200mg,199672,albendazole 200 MG Oral Tablet,78.8,50.0,100.0,100,False,
https://www.goodrx.com/bisacodyl,bisacodyl 5mg (4 tablets),,,,0.0,0.0,0.0,0,True,NO MATCH FOUND
https://www.goodrx.com/desferal,deferoxamine 2g (4 vials),2g,1731345,deferoxamine mesylate 2000 MG Injection,57.5,50.0,100.0,100,False,
https://www.goodrx.com/deferoxamine,deferoxamine 2g (4 vials),1000mg,1731345,deferoxamine mesylate 2000 MG Injection,42.0,50.0,0.0,100,True,1731350:deferoxamine mesylate 500 MG Injection(42.0)
https://www.goodrx.com/desferal,deferoxamine 2g (4 vials),500mg,1731352,deferoxamine mesylate 500 MG Injection [Desferal],76.1,50.0,100.0,100,False,
https://www.goodrx.com/nplate,nplate 500mcg (4 vials),125mcg,2201540,romiplostim 0.125 MG Injection [Nplate],86.6,50.0,100.0,100,False,
https://www.goodrx.com/nplate,nplate 500mcg (4 vials),500mcg,1728099,romiplostim 0.5 MG Injection [Nplate],86.6,50.0,100.0,100,False,
https://www.goodrx.com/pegasys,pegasys 1ml of 180mcg/ml (4 vials),1ml of 180mcg/ml,,,0.0,0.0,0.0,0,True,NO MATCH FOUND
https://www.goodrx.com/depo-testosterone,testosterone cypionate 1ml of 200mg/ml (4 vials),10ml of 100mg/ml,835831,testosterone cypionate 100 MG/ML Injectable Solution [Depo-testosterone],84.5,100.0,50.0,100,False,
https://www.goodrx.com/depo-testosterone,testosterone cypionate 1ml of 200mg/ml (4 vials),10ml of 200mg/ml,835842,testosterone cypionate 200 MG/ML Injectable Solution [Depo-testosterone],84.5,100.0,50.0,100,False,
https://www.goodrx.com/depo-testosterone,testosterone cypionate 1ml of 200mg/ml (4 vials),1ml of 200mg/ml,835842,testosterone cypionate 200 MG/ML Injectable Solution [Depo-testosterone],84.5,100.0,50.0,100,False,
https://www.goodrx.com/pathocil,dicloxacillin 500mg (40 capsules),250mg,197595,dicloxacillin 250 MG Oral Capsule,57.5,50.0,100.0,100,False,
https://www.goodrx.com/dynapen,dicloxacillin 500mg (40 capsules),500mg,197596,dicloxacillin 500 MG Oral Capsule,57.5,50.0,100.0,100,False,
https://www.goodrx.com/dycill,dicloxacillin 500mg (40 capsules),250mg,197595,dicloxacillin 250 MG Oral Capsule,57.5,50.0,100.0,100,False,
https://www.goodrx.com/dynapen,dicloxacillin 500mg (40 capsules),250mg,197595,dicloxacillin 250 MG Oral Capsule,57.5,50.0,100.0,100,False,
https://www.goodrx.com/pathocil,dicloxacillin 500mg (40 capsules),500mg,197596,dicloxacillin 500 MG Oral Capsule,57.5,50.0,100.0,100,False,
https://www.goodrx.com/dicloxacillin,dicloxacillin 500mg (40 capsules),150ml/85g of 1.5%/4%/10%,,,0.0,0.0,0.0,0,True,NO MATCH FOUND
https://www.goodrx.com/dycill,dicloxacillin 500mg (40 capsules),500mg,197596,dicloxacillin 500 MG Oral Capsule,57.5,50.0,100.0,100,False,
https://www.goodrx.com/qdolo,qdolo 473ml of 5mg/ml (400 ml),473ml of 5mg/ml,2395814,tramadol hydrochloride 5 MG/ML Oral Solution [Qdolo],55.1,0.0,50.0,100,False,
https://www.goodrx.com/chemet,chemet 100mg (42 capsules),100mg,207949,succimer 100 MG Oral Capsule [Chemet],86.6,50.0,100.0,100,False,
https://www.goodrx.com/paromomycin,humatin 250mg (42 capsules),250mg,314184,paromomycin 250 MG Oral Capsule,78.8,50.0,100.0,100,False,
https://www.goodrx.com/cytra-3,cytra-3 550mg/500mg/334mg/5ml (473 ml),550mg/500mg/334mg/5ml,,,0.0,0.0,0.0,0,True,NO MATCH FOUND
https://www.goodrx.com/polaramine,dexchlorpheniramine 2mg/5ml (473 ml),2mg/5ml,1440003,codeine phosphate 1.8 MG/ML / dexchlorpheniramine maleate 0.2 MG/ML / phenylephrine hydrochloride 1 MG/ML Oral Solution,45.0,50.0,50.0,100,True,2184108:dexchlorpheniramine maleate 2 MG / phenylephrine h(45.0); 1293239:dexchlorpheniramine maleate 2 MG / pseudoephedrine(45.0); 1990881:dexchlorpheniramine maleate 0.2 MG/ML / dextrometh(45.0)
https://www.goodrx.com/e-z-paque,e-z-paque 96% (473 ml),96%,,,0.0,0.0,0.0,0,True,NO MATCH FOUND
https://www.goodrx.com/enulose,lactulose 10g/15ml (473 ml),10g/15ml,544452,lactulose 667 MG/ML Oral Solution [Constulose],47.3,33.3,0.0,100,False,
https://www.goodrx.com/constulose,lactulose 10g/15ml (473 ml),10g/15ml,1251192,lactulose 10000 MG Powder for Oral Solution [Kristalose],61.1,50.0,50.0,100,False,
https://www.goodrx.com/potassium-chloride,potassium chloride 10% (473 ml),20%,1116179,ascorbic acid 100 MG / calcium carbonate 200 MG / cholecalciferol 0.01 MG / copper sulfate 2 MG / dl-alpha tocopheryl acetate 30 UNT / ferrous fumarate 65 MG / folic acid 1 MG / magnesium oxide 10 MG / niacinamide 20 MG / potassium iodide 0.15 MG / pyridoxine hydrochloride 5 MG / retinol acetate 4000 UNT / riboflavin 3.4 MG / thiamine mononitrate 3 MG / vitamin B12 0.012 MG / zinc sulfate 15 MG Oral Tablet,78.8,50.0,100.0,100,True,309318:citric acid 66.8 MG/ML / potassium citrate 220 MG/(78.8); 801029:alanine 10.4 MG/ML / arginine 5.75 MG/ML / calcium(78.8); 2465554:magnesium sulfate 225 MG / potassium chloride 188 (78.8)
https://www.goodrx.com/potassium-chloride,potassium chloride 10% (473 ml),10%,1116179,ascorbic acid 100 MG / calcium carbonate 200 MG / cholecalciferol 0.01 MG / copper sulfate 2 MG / dl-alpha tocopheryl acetate 30 UNT / ferrous fumarate 65 MG / folic acid 1 MG / magnesium oxide 10 MG / niacinamide 20 MG / potassium iodide 0.15 MG / pyridoxine hydrochloride 5 MG / retinol acetate 4000 UNT / riboflavin 3.4 MG / thiamine mononitrate 3 MG / vitamin B12 0.012 MG / zinc sulfate 15 MG Oral Tablet,78.8,50.0,100.0,100,True,309317:citric acid 66.8 MG/ML / potassium citrate 110 MG/(78.8); 204913:iodine 50 MG/ML / potassium iodide 100 MG/ML Oral (78.8); 205228:iodine 50 MG/ML / potassium iodide 100 MG/ML Topic(78.8)
https://www.goodrx.com/prelone,prednisolone 15mg/5ml (473 ml),15mg/5ml,647127,prednisolone 15 MG Disintegrating Oral Tablet [Orapred],58.3,50.0,50.0,100,True,808118:prednisolone 5 MG Oral Tablet [MILLIPRED](57.3)
https://www.goodrx.com/phenergan-vc-with-codeine,promethazine vc with codeine 6.25mg/10mg/5mg/5ml (473 ml),6.25mg/10mg/5mg/5ml,992445,promethazine hydrochloride 12.5 MG Rectal Suppository [Promethegan],52.4,66.7,0.0,100,True,992459:promethazine hydrochloride 25 MG Rectal Suppositor(52.4); 992481:promethazine hydrochloride 50 MG Rectal Suppositor(52.4); 991486:codeine phosphate 2 MG/ML / promethazine hydrochlo(50.0)
https://www.goodrx.com/cytra-2,sodium citrate/citric acid 500mg/334mg/5ml (473 ml),50mg,543014,citric acid 66.8 MG/ML / sodium citrate 100 MG/ML Oral Solution,47.2,60.0,0.0,100,True,544550:citric acid 128 MG/ML / sodium citrate 98 MG/ML Or(47.2); 309317:citric acid 66.8 MG/ML / potassium citrate 110 MG/(47.2)
https://www.goodrx.com/chlorpheniramine-pseudoephedrine,chlorpheniramine/pseudoephedrine 4mg/60mg (48 tablets),4mg/60mg,998254,chlorpheniramine maleate 4 MG / pseudoephedrine hydrochloride 60 MG Oral Tablet,63.3,66.7,100.0,100,True,1359114:chlorpheniramine maleate 4 MG / dextromethorphan h(63.3); 1099593:pseudoephedrine hydrochloride 60 MG / triprolidine(61.3); 1363311:chlorpheniramine maleate 4 MG Oral Tablet [Chlor-T(58.7)
https://www.goodrx.com/enlite,enlite glucose sensor (5 cartons),glucose sensor,1038787,glucose 0.4 MG/MG Oral Gel [Glutose],59.4,50.0,50.0,100,True,800812:dibasic potassium phosphate 0.26 MG/ML / glucose 5(57.8); 1086386:glucose 50 MG/ML Oral Solution [Enfamil Glucose](57.3); 1598322:glucose 0.774 MG/MG Oral Gel [Insta-Glucose](55.5)
https://www.goodrx.com/pazeo,pazeo 4ml of 0.7% (5 eye droppers),4ml of 0.7%,,,0.0,0.0,0.0,0,True,NO MATCH FOUND
https://www.goodrx.com/cetrorelix,cetrorelix 0.25mg (5 kits),0.25mg,283402,cetrorelix 0.25 MG Injection,87.5,66.7,100.0,100,False,
https://www.goodrx.com/cetrotide,cetrorelix 0.25mg (5 kits),0.25mg,284441,cetrorelix 0.25 MG Injection [Cetrotide],83.1,66.7,100.0,100,False,
https://www.goodrx.com/bynfezia-pen,bynfezia pen 2.8ml of 2500mcg/ml (5 pens),2.8ml of 2500mcg/ml,,,0.0,0.0,0.0,0,True,NO MATCH FOUND
https://www.goodrx.com/adakveo,adakveo 10ml of 10mg/ml (5 vials),10ml of 10mg/ml,,,0.0,0.0,0.0,0,True,NO MATCH FOUND
https://www.goodrx.com/prednisolone,prednisolone 15mg/5ml (50 ml),15mg/5ml,643125,prednisolone 15 MG Disintegrating Oral Tablet,60.4,50.0,50.0,100,True,311888:neomycin 3.5 MG/ML / polymyxin B 10000 UNT/ML / pr(60.4); 249066:prednisolone 5 MG/ML Oral Solution(60.4); 312617:prednisone 5 MG Oral Tablet(60.4)
https://www.goodrx.com/prednisolone-sodium-phosphate,prednisolone sodium phosphate 15mg/5ml (50 ml),10mg/5ml,,,0.0,0.0,0.0,0,True,NO MATCH FOUND
https://www.goodrx.com/prednisolone-sodium-phosphate,prednisolone sodium phosphate 15mg/5ml (50 ml),20mg/5ml,,,0.0,0.0,0.0,0,True,NO MATCH FOUND
https://www.goodrx.com/prednisolone-sodium-phosphate,prednisolone sodium phosphate 15mg/5ml (50 ml),25mg/5ml,,,0.0,0.0,0.0,0,True,NO MATCH FOUND
https://www.goodrx.com/prednisolone-sodium-phosphate,prednisolone sodium phosphate 15mg/5ml (50 ml),15mg/5ml,,,0.0,0.0,0.0,0,True,NO MATCH FOUND
https://www.goodrx.com/prednisolone-sodium-phosphate,prednisolone sodium phosphate 15mg/5ml (50 ml),5mg/5ml,,,0.0,0.0,0.0,0,True,NO MATCH FOUND
https://www.goodrx.com/alkeran,melphalan 2mg (50 tablets),2mg,105562,melphalan 2 MG Oral Tablet [Alkeran],73.5,50.0,100.0,100,False,
https://www.goodrx.com/cancidas,caspofungin 50mg (50 vials),70mg,828541,caspofungin acetate 70 MG Injection [Cancidas],71.4,50.0,100.0,100,False,
https://www.goodrx.com/cancidas,caspofungin 50mg (50 vials),50mg,828757,caspofungin acetate 50 MG Injection [Cancidas],71.4,50.0,100.0,100,False,
https://www.goodrx.com/pertzye,pertzye 16000 units (540 capsules),4000 units,,,0.0,0.0,0.0,0,True,NO MATCH FOUND
https://www.goodrx.com/pertzye,pertzye 16000 units (540 capsules),8000 units,,,0.0,0.0,0.0,0,True,NO MATCH FOUND
https://www.goodrx.com/pertzye,pertzye 16000 units (540 capsules),16000 units,,,0.0,0.0,0.0,0,True,NO MATCH FOUND
https://www.goodrx.com/pertzye,pertzye 16000 units (540 capsules),24000 units,,,0.0,0.0,0.0,0,True,NO MATCH FOUND
https://www.goodrx.com/panmycin,tetracycline 500mg (56 capsules),250mg,313252,tetracycline hydrochloride 250 MG Oral Tablet,57.5,50.0,100.0,100,True,198250:tetracycline hydrochloride 250 MG Oral Capsule(57.5); 1547775:tetracaine hydrochloride 5 MG/ML Ophthalmic Soluti(52.5)
https://www.goodrx.com/panmycin,tetracycline 500mg (56 capsules),500mg,313254,tetracycline hydrochloride 500 MG Oral Tablet,57.5,50.0,100.0,100,True,198252:tetracycline hydrochloride 500 MG Oral Capsule(57.5); 1547775:tetracaine hydrochloride 5 MG/ML Ophthalmic Soluti(52.5)
https://www.goodrx.com/acetaminophen-pm,acetaminophen pm 500mg/25mg (56 tablets),500mg/25mg,,,0.0,0.0,0.0,0,True,NO MATCH FOUND
https://www.goodrx.com/alyftrek,alyftrek 10mg/50mg/125mg (56 tablets),4mg/20mg/50mg,2701450,deutivacaftor 50 MG / tezacaftor 20 MG / vanzacaftor 4 MG Oral Tablet [Alyftrek],95.8,75.0,100.0,100,False,
https://www.goodrx.com/alyftrek,alyftrek 10mg/50mg/125mg (56 tablets),10mg/50mg/125mg,2701444,deutivacaftor 125 MG / tezacaftor 50 MG / vanzacaftor 10 MG Oral Tablet [Alyftrek],95.8,75.0,100.0,100,False,
https://www.goodrx.com/balversa,balversa 4mg (56 tablets),3mg,2123137,erdafitinib 3 MG Oral Tablet [Balversa],86.6,50.0,100.0,100,False,
https://www.goodrx.com/balversa,balversa 4mg (56 tablets),4mg,2123141,erdafitinib 4 MG Oral Tablet [Balversa],86.6,50.0,100.0,100,False,
https://www.goodrx.com/balversa,balversa 4mg (56 tablets),5mg,2123145,erdafitinib 5 MG Oral Tablet [Balversa],86.6,50.0,100.0,100,False,
https://www.goodrx.com/chantix,varenicline 1mg (56 tablets),0.5mg,637188,varenicline 0.5 MG Oral Tablet [Chantix],69.1,50.0,100.0,100,False,
https://www.goodrx.com/chantix,varenicline 1mg (56 tablets),1mg,637190,varenicline 1 MG Oral Tablet [Chantix],69.1,50.0,100.0,100,False,
https://www.goodrx.com/neobiotic,neomycin 500mg (6 tablets),500mg,866042,neomycin sulfate 500 MG Oral Tablet,57.5,50.0,100.0,100,True,1117090:bacitracin 0.4 UNT/MG / neomycin 0.0035 MG/MG / po(53.5)
https://www.goodrx.com/neomycin,neomycin 500mg (6 tablets),500mg,,,0.0,0.0,0.0,0,True,NO MATCH FOUND
https://www.goodrx.com/nitazoxanide,nitazoxanide 500mg (6 tablets),500mg,427163,nitazoxanide 500 MG Oral Tablet,78.8,50.0,100.0,100,False,
https://www.goodrx.com/alinia,nitazoxanide 500mg (6 tablets),500mg,540617,nitazoxanide 500 MG Oral Tablet [Alinia],69.1,50.0,100.0,100,False,
https://www.goodrx.com/phenazopyridine,phenazopyridine 200mg (6 tablets),200mg,1094104,phenazopyridine hydrochloride 200 MG Oral Tablet,78.8,50.0,100.0,100,False,
https://www.goodrx.com/pyridium,phenazopyridine 200mg (6 tablets),100mg,1094109,phenazopyridine hydrochloride 100 MG Oral Tablet [Pyridium],74.1,50.0,100.0,100,True,1094162:phenazopyridine hydrochloride 97.2 MG Oral Tablet (71.8); 1601553:phenazopyridine hydrochloride 97.5 MG Oral Tablet (71.4); 1094192:phenazopyridine hydrochloride 95 MG Oral Tablet [A(71.4)
https://www.goodrx.com/pyridium,phenazopyridine 200mg (6 tablets),200mg,1094122,phenazopyridine hydrochloride 200 MG Oral Tablet [Pyridium],74.1,50.0,100.0,100,False,
https://www.goodrx.com/qtern,qtern 10mg/5mg (6 tablets),10mg/5mg,1925504,dapagliflozin 10 MG / saxagliptin 5 MG Oral Tablet [Qtern],68.2,0.0,100.0,100,False,
https://www.goodrx.com/qtern,qtern 10mg/5mg (6 tablets),5mg/5mg,1925504,dapagliflozin 10 MG / saxagliptin 5 MG Oral Tablet [Qtern],68.2,0.0,100.0,100,True,2169276:dapagliflozin 5 MG / saxagliptin 5 MG Oral Tablet (68.2)
https://www.goodrx.com/caverject,caverject 40mcg (6 vials),20mcg,763472,0.5 ML alprostadil 0.02 MG/ML Prefilled Syringe [Caverject],68.2,0.0,100.0,100,True,103956:alprostadil 0.02 MG Injection [Caverject](68.2)
https://www.goodrx.com/caverject,caverject 40mcg (6 vials),40mcg,226922,alprostadil 0.04 MG Injection [Caverject],68.2,0.0,100.0,100,True,763474:0.5 ML alprostadil 0.04 MG/ML Prefilled Syringe [C(68.2)
https://www.goodrx.com/belbuca,belbuca 300mcg (60 buccal films),900mcg,1716090,buprenorphine 0.9 MG Buccal Film [Belbuca],68.2,0.0,100.0,100,False,
https://www.goodrx.com/belbuca,belbuca 300mcg (60 buccal films),150mcg,1716063,buprenorphine 0.15 MG Buccal Film [Belbuca],68.2,0.0,100.0,100,False,
https://www.goodrx.com/belbuca,belbuca 300mcg (60 buccal films),750mcg,1716083,buprenorphine 0.75 MG Buccal Film [Belbuca],68.2,0.0,100.0,100,False,
https://www.goodrx.com/belbuca,belbuca 300mcg (60 buccal films),75mcg,1716079,buprenorphine 0.075 MG Buccal Film [Belbuca],68.2,0.0,100.0,100,False,
https://www.goodrx.com/belbuca,belbuca 300mcg (60 buccal films),600mcg,1716075,buprenorphine 0.6 MG Buccal Film [Belbuca],68.2,0.0,100.0,100,False,
https://www.goodrx.com/belbuca,belbuca 300mcg (60 buccal films),300mcg,1716067,buprenorphine 0.3 MG Buccal Film [Belbuca],68.2,0.0,100.0,100,False,
https://www.goodrx.com/belbuca,belbuca 300mcg (60 buccal films),450mcg,1716071,buprenorphine 0.45 MG Buccal Film [Belbuca],68.2,0.0,100.0,100,False,
https://www.goodrx.com/acetazolamide-er,acetazolamide er 500mg (60 capsules),500mg,562524,12 HR acetazolamide 500 MG Extended Release Oral Capsule,78.8,50.0,100.0,100,False,
https://www.goodrx.com/diamox-sequels,acetazolamide er 500mg (60 capsules),500mg,562524,12 HR acetazolamide 500 MG Extended Release Oral Capsule,57.5,50.0,100.0,100,False,
https://www.goodrx.com/adhansia-xr,adhansia xr 25mg (60 capsules),two 5ml vials of 100mg/ml,,,0.0,0.0,0.0,0,True,NO MATCH FOUND
https://www.goodrx.com/anagrelide,anagrelide 0.5mg (60 capsules),0.5mg,597850,anagrelide 0.5 MG Oral Capsule,87.5,66.7,100.0,100,False,
https://www.goodrx.com/anagrelide,anagrelide 0.5mg (60 capsules),1mg,597852,anagrelide 1 MG Oral Capsule,87.5,66.7,100.0,100,False,
https://www.goodrx.com/bylvay,bylvay 1200mcg (60 capsules),600mcg,2563993,odevixibat 0.6 MG Oral Pellet [Bylvay],86.6,50.0,100.0,100,False,
https://www.goodrx.com/bylvay,bylvay 1200mcg (60 capsules),1200mcg,2564005,odevixibat 1.2 MG Oral Capsule [Bylvay],86.6,50.0,100.0,100,False,
https://www.goodrx.com/cobenfy,cobenfy 50mg/20mg (60 capsules),100mg/20mg,2694991,trospium chloride 20 MG / xanomeline 100 MG Oral Capsule [Cobenfy],68.2,0.0,100.0,100,False,
https://www.goodrx.com/cobenfy,cobenfy 50mg/20mg (60 capsules),125mg/30mg,2694855,trospium chloride 30 MG / xanomeline 125 MG Oral Capsule [Cobenfy],68.2,0.0,100.0,100,False,
https://www.goodrx.com/cobenfy,cobenfy 50mg/20mg (60 capsules),50mg/20mg,2694850,trospium chloride 20 MG / xanomeline 50 MG Oral Capsule [Cobenfy],68.2,0.0,100.0,100,False,
https://www.goodrx.com/crenessity,crenessity 50mg (60 capsules),100mg,2701397,crinecerfont 100 MG Oral Capsule [Crenessity],86.6,50.0,100.0,100,False,
https://www.goodrx.com/crenessity,crenessity 50mg (60 capsules),50mg,2701405,crinecerfont 50 MG Oral Capsule [Crenessity],86.6,50.0,100.0,100,True,2701413:crinecerfont 50 MG/ML Oral Solution [Crenessity](86.6)
https://www.goodrx.com/pradaxa,dabigatran 150mg (60 capsules),150mg,2590621,dabigatran etexilate 150 MG Oral Pellet [Pradaxa],69.6,50.0,100.0,100,True,1037049:dabigatran etexilate 150 MG Oral Capsule [Pradaxa](69.6)
https://www.goodrx.com/dabigatran,dabigatran 150mg (60 capsules),150mg,1037045,dabigatran etexilate 150 MG Oral Capsule,78.8,50.0,100.0,100,True,2590620:dabigatran etexilate 150 MG Oral Pellet(78.8)
https://www.goodrx.com/pradaxa,dabigatran 150mg (60 capsules),75mg,1037181,dabigatran etexilate 75 MG Oral Capsule [Pradaxa],69.6,50.0,100.0,100,False,
https://www.goodrx.com/dabigatran,dabigatran 150mg (60 capsules),75mg,1037179,dabigatran etexilate 75 MG Oral Capsule,78.8,50.0,100.0,100,False,
https://www.goodrx.com/pradaxa,dabigatran 150mg (60 capsules),110mg,2590619,dabigatran etexilate 110 MG Oral Pellet [Pradaxa],69.6,50.0,100.0,100,True,1723478:dabigatran etexilate 110 MG Oral Capsule [Pradaxa](69.6)
https://www.goodrx.com/dabigatran,dabigatran 150mg (60 capsules),110mg,1723476,dabigatran etexilate 110 MG Oral Capsule,78.8,50.0,100.0,100,True,2590616:dabigatran etexilate 110 MG Oral Pellet(78.8)
https://www.goodrx.com/danazol,danazol 200mg (60 capsules),50mg,197556,danazol 50 MG Oral Capsule,78.8,50.0,100.0,100,False,
https://www.goodrx.com/danazol,danazol 200mg (60 capsules),200mg,197555,danazol 200 MG Oral Capsule,78.8,50.0,100.0,100,False,
https://www.goodrx.com/danocrine,danazol 200mg (60 capsules),100mg,197554,danazol 100 MG Oral Capsule,57.5,50.0,100.0,100,False,
https://www.goodrx.com/danocrine,danazol 200mg (60 capsules),50mg,197556,danazol 50 MG Oral Capsule,57.5,50.0,100.0,100,False,
https://www.goodrx.com/danocrine,danazol 200mg (60 capsules),200mg,197555,danazol 200 MG Oral Capsule,57.5,50.0,100.0,100,False,
https://www.goodrx.com/danazol,danazol 200mg (60 capsules),100mg,197554,danazol 100 MG Oral Capsule,78.8,50.0,100.0,100,False,
https://www.goodrx.com/dronabinol,dronabinol 2.5mg (60 capsules),10mg,197634,dronabinol 10 MG Oral Capsule,87.5,66.7,100.0,100,False,
https://www.goodrx.com/dronabinol,dronabinol 2.5mg (60 capsules),2.5mg,197635,dronabinol 2.5 MG Oral Capsule,87.5,66.7,100.0,100,False,
https://www.goodrx.com/dronabinol,dronabinol 2.5mg (60 capsules),5mg,197636,dronabinol 5 MG Oral Capsule,87.5,66.7,100.0,100,True,1928948:dronabinol 5 MG/ML Oral Solution(87.5)
https://www.goodrx.com/entresto-sprinkle,entresto sprinkle 15mg/16mg (60 capsules),6mg/6mg,2679802,sacubitril 6 MG / valsartan 6 MG Oral Pellet [Entresto],68.2,0.0,100.0,100,False,
https://www.goodrx.com/entresto-sprinkle,entresto sprinkle 15mg/16mg (60 capsules),15mg/16mg,2679797,sacubitril 15 MG / valsartan 16 MG Oral Pellet [Entresto],68.2,0.0,100.0,100,False,
https://www.goodrx.com/equetro,equetro 200mg (60 capsules),200mg,,,0.0,0.0,0.0,0,True,NO MATCH FOUND
https://www.goodrx.com/equetro,equetro 200mg (60 capsules),100mg,,,0.0,0.0,0.0,0,True,NO MATCH FOUND
https://www.goodrx.com/equetro,equetro 200mg (60 capsules),300mg,,,0.0,0.0,0.0,0,True,NO MATCH FOUND
https://www.goodrx.com/eryc,erythromycin dr 250mg (60 capsules),250mg,206075,erythromycin 250 MG Delayed Release Oral Tablet [Ery-Tab],69.9,50.0,100.0,100,False,
https://www.goodrx.com/amitiza,lubiprostone 24mcg (60 capsules),24mcg,617768,lubiprostone 0.024 MG Oral Capsule [Amitiza],65.9,50.0,100.0,100,False,
https://www.goodrx.com/celontin,methsuximide 300mg (60 capsules),,207088,methsuximide 300 MG Oral Capsule [Celontin],66.7,33.3,100.0,100,False,
https://www.goodrx.com/axid,nizatidine 150mg (60 capsules),150mg,312025,nizatidine 150 MG Oral Capsule,57.5,50.0,100.0,100,False,
https://www.goodrx.com/nizatidine,nizatidine 150mg (60 capsules),59ml of 1%,476872,nizatidine 15 MG/ML Oral Solution,42.0,50.0,0.0,100,False,
https://www.goodrx.com/norpace-cr,norpace cr 100mg (60 capsules),150mg,902652,12 HR disopyramide 150 MG Extended Release Oral Capsule [Norpace],68.2,0.0,100.0,100,False,
https://www.goodrx.com/nufola,nufola 25mg/3.5mg/1mg (60 capsules),25mg/3.5mg/1mg,,,0.0,0.0,0.0,0,True,NO MATCH FOUND
https://www.goodrx.com/dibenzyline,phenoxybenzamine 10mg (60 capsules),10mg,861404,phenoxybenzamine hydrochloride 10 MG Oral Capsule [Dibenzyline],74.0,50.0,100.0,100,False,
https://www.goodrx.com/phenoxybenzamine,phenoxybenzamine 10mg (60 capsules),10mg,861402,phenoxybenzamine hydrochloride 10 MG Oral Capsule,78.8,50.0,100.0,100,False,
https://www.goodrx.com/pregabalin,pregabalin 75mg (60 capsules),300mg,483444,pregabalin 300 MG Oral Capsule,78.8,50.0,100.0,100,False,
https://www.goodrx.com/pregabalin,pregabalin 75mg (60 capsules),200mg,483446,pregabalin 200 MG Oral Capsule,78.8,50.0,100.0,100,False,
https://www.goodrx.com/pregabalin,pregabalin 75mg (60 capsules),50mg,483448,pregabalin 50 MG Oral Capsule,78.8,50.0,100.0,100,False,
https://www.goodrx.com/pregabalin,pregabalin 75mg (60 capsules),75mg,483450,pregabalin 75 MG Oral Capsule,78.8,50.0,100.0,100,False,
https://www.goodrx.com/pregabalin,pregabalin 75mg (60 capsules),100mg,483438,pregabalin 100 MG Oral Capsule,78.8,50.0,100.0,100,False,
https://www.goodrx.com/pregabalin,pregabalin 75mg (60 capsules),150mg,483440,pregabalin 150 MG Oral Capsule,78.8,50.0,100.0,100,False,
https://www.goodrx.com/pregabalin,pregabalin 75mg (60 capsules),25mg,483442,pregabalin 25 MG Oral Capsule,78.8,50.0,100.0,100,False,
https://www.goodrx.com/pregabalin,pregabalin 75mg (60 capsules),225mg,577127,pregabalin 225 MG Oral Capsule,78.8,50.0,100.0,100,False,
https://www.goodrx.com/rebetol,ribavirin 200mg (60 capsules),200mg,,,0.0,0.0,0.0,0,True,NO MATCH FOUND
https://www.goodrx.com/exelon,rivastigmine 1.5mg (60 capsules),1.5mg,226665,rivastigmine 1.5 MG Oral Capsule [Exelon],69.4,66.7,100.0,100,False,
https://www.goodrx.com/exelon,rivastigmine 1.5mg (60 capsules),6mg,226668,rivastigmine 6 MG Oral Capsule [Exelon],69.4,66.7,100.0,100,False,
https://www.goodrx.com/actigall,ursodiol 300mg (60 capsules),300mg,858747,ursodiol 300 MG Oral Capsule,57.5,50.0,100.0,100,False,
https://www.goodrx.com/depakene,valproic acid 250mg (60 capsules),56g of 1.1%,,,0.0,0.0,0.0,0,True,NO MATCH FOUND
https://www.goodrx.com/actiq,fentanyl citrate 800mcg (60 lozenges),600mcg,668628,fentanyl 0.6 MG Buccal Tablet [Fentora],71.8,50.0,100.0,100,True,1053663:fentanyl 0.6 MG Sublingual Tablet [Abstral](69.5)
https://www.goodrx.com/actiq,fentanyl citrate 800mcg (60 lozenges),1200mcg,261109,fentanyl 1.2 MG Oral Lozenge [Actiq],65.4,50.0,100.0,100,False,
https://www.goodrx.com/actiq,fentanyl citrate 800mcg (60 lozenges),200mcg,668624,fentanyl 0.2 MG Buccal Tablet [Fentora],71.8,50.0,100.0,100,True,1053654:fentanyl 0.2 MG Sublingual Tablet [Abstral](69.5)
https://www.goodrx.com/actiq,fentanyl citrate 800mcg (60 lozenges),400mcg,668626,fentanyl 0.4 MG Buccal Tablet [Fentora],71.8,50.0,100.0,100,True,1053660:fentanyl 0.4 MG Sublingual Tablet [Abstral](69.5); 1115579:fentanyl 0.4 MG/ACTUAT Metered Dose Nasal Spray [L(67.2)
https://www.goodrx.com/actiq,fentanyl citrate 800mcg (60 lozenges),800mcg,668630,fentanyl 0.8 MG Buccal Tablet [Fentora],71.8,50.0,100.0,100,True,1053666:fentanyl 0.8 MG Sublingual Tablet [Abstral](69.5)
https://www.goodrx.com/actiq,fentanyl citrate 800mcg (60 lozenges),1600mcg,261110,fentanyl 1.6 MG Oral Lozenge [Actiq],65.4,50.0,100.0,100,False,
https://www.goodrx.com/nystatin,nystatin 100000 units/ml (60 ml),100000 units/ml,,,0.0,0.0,0.0,0,True,NO MATCH FOUND
https://www.goodrx.com/camphor-menthol-methyl-salicylate,camphor/menthol/methyl salicylate 3.1%/6%/10% (60 patches),3.1%/6%/10%,2049725,camphor 31 MG/ML / capsaicin 0.25 MG/ML / menthol 100 MG/ML / methyl salicylate 150 MG/ML Topical Cream,59.7,80.0,66.7,100,True,2045511:camphor 40 MG/ML / menthol 100 MG/ML / methyl sali(57.9); 2105947:menthol 100 MG/ML / methyl salicylate 150 MG/ML To(57.4); 2685260:menthol 20 MG/ML / methyl salicylate 100 MG/ML Top(56.5)
https://www.goodrx.com/diamox,acetazolamide 250mg (60 tablets),125mg,197303,acetazolamide 125 MG Oral Tablet,57.5,50.0,100.0,100,False,
https://www.goodrx.com/acetazolamide,acetazolamide 250mg (60 tablets),250mg,197304,acetazolamide 250 MG Oral Tablet,78.8,50.0,100.0,100,False,
https://www.goodrx.com/acetazolamide,acetazolamide 250mg (60 tablets),125mg,197303,acetazolamide 125 MG Oral Tablet,78.8,50.0,100.0,100,False,
https://www.goodrx.com/diamox,acetazolamide 250mg (60 tablets),250mg,197304,acetazolamide 250 MG Oral Tablet,57.5,50.0,100.0,100,False,
https://www.goodrx.com/advil-allergy-and-congestion,advil allergy and congestion 200mg/10mg/4mg (60 tablets),,153008,ibuprofen 200 MG Oral Tablet [Advil],52.5,0.0,40.0,100,False,
https://www.goodrx.com/alavert-d,alavert d 12 hour (60 tablets),12 hour,1242401,12 HR loratadine 5 MG / pseudoephedrine sulfate 120 MG Extended Release Oral Tablet [Alavert D],55.1,0.0,50.0,100,False,
https://www.goodrx.com/alogliptin-metformin,alogliptin/metformin 12.5mg/1000mg (60 tablets),12.5mg/500mg,,,0.0,0.0,0.0,0,True,NO MATCH FOUND
https://www.goodrx.com/alogliptin-metformin,alogliptin/metformin 12.5mg/1000mg (60 tablets),12.5mg/1000mg,,,0.0,0.0,0.0,0,True,NO MATCH FOUND
https://www.goodrx.com/alosetron,alosetron 0.5mg (60 tablets),1mg,259306,alosetron 1 MG Oral Tablet,87.5,66.7,100.0,100,False,
https://www.goodrx.com/alosetron,alosetron 0.5mg (60 tablets),0.5mg,403975,alosetron 0.5 MG Oral Tablet,87.5,66.7,100.0,100,False,
https://www.goodrx.com/evekeo,amphetamine sulfate 10mg (60 tablets),10mg,2175796,amphetamine sulfate 10 MG Disintegrating Oral Tablet [Evekeo],66.7,50.0,100.0,100,True,1600698:amphetamine sulfate 10 MG Oral Tablet [Evekeo](66.7)
https://www.goodrx.com/evekeo,amphetamine sulfate 10mg (60 tablets),5mg,577962,amphetamine aspartate 5 MG / amphetamine sulfate 5 MG / dextroamphetamine saccharate 5 MG / dextroamphetamine sulfate 5 MG Oral Tablet [Adderall],68.2,50.0,100.0,100,True,2175894:amphetamine sulfate 5 MG Disintegrating Oral Table(66.7); 1600700:amphetamine sulfate 5 MG Oral Tablet [Evekeo](66.7)
https://www.goodrx.com/amphetamine-sulfate,amphetamine sulfate 10mg (60 tablets),5mg,577961,amphetamine aspartate 5 MG / amphetamine sulfate 5 MG / dextroamphetamine saccharate 5 MG / dextroamphetamine sulfate 5 MG Oral Tablet,78.8,50.0,100.0,100,True,2118895:amphetamine sulfate 5 MG Disintegrating Oral Table(78.8); 884655:amphetamine sulfate 5 MG Oral Tablet(78.8)
https://www.goodrx.com/amphetamine-sulfate,amphetamine sulfate 10mg (60 tablets),10mg,1600695,amphetamine sulfate 10 MG Oral Tablet,78.8,50.0,100.0,100,True,2118896:amphetamine sulfate 10 MG Disintegrating Oral Tabl(78.8)
https://www.goodrx.com/apo-varenicline,apo-varenicline 1mg (60 tablets),1mg,637190,varenicline 1 MG Oral Tablet [Chantix],85.9,100.0,100.0,100,False,
https://www.goodrx.com/apo-varenicline,apo-varenicline 1mg (60 tablets),0.5mg,637188,varenicline 0.5 MG Oral Tablet [Chantix],85.9,100.0,100.0,100,False,
https://www.goodrx.com/austedo,austedo 12mg (60 tablets),9mg,1876924,deutetrabenazine 9 MG Oral Tablet [Austedo],86.6,50.0,100.0,100,False,
https://www.goodrx.com/austedo,austedo 12mg (60 tablets),12mg,1876916,deutetrabenazine 12 MG Oral Tablet [Austedo],86.6,50.0,100.0,100,False,
https://www.goodrx.com/austedo,austedo 12mg (60 tablets),6mg,1876920,deutetrabenazine 6 MG Oral Tablet [Austedo],86.6,50.0,100.0,100,False,
https://www.goodrx.com/azathioprine,azathioprine 50mg (60 tablets),100mg,239983,azathioprine 100 MG Injection,78.8,50.0,100.0,100,True,359228:azathioprine 100 MG Oral Tablet(78.8)
https://www.goodrx.com/azathioprine,azathioprine 50mg (60 tablets),75mg,359229,azathioprine 75 MG Oral Tablet,78.8,50.0,100.0,100,False,
https://www.goodrx.com/azathioprine,azathioprine 50mg (60 tablets),50mg,197388,azathioprine 50 MG Oral Tablet,78.8,50.0,100.0,100,False,
https://www.goodrx.com/baclofen,baclofen 10mg (60 tablets),20mg,,,0.0,0.0,0.0,0,True,NO MATCH FOUND
https://www.goodrx.com/baclofen,baclofen 10mg (60 tablets),5mg,,,0.0,0.0,0.0,0,True,NO MATCH FOUND
https://www.goodrx.com/baclofen,baclofen 10mg (60 tablets),10mg,,,0.0,0.0,0.0,0,True,NO MATCH FOUND
https://www.goodrx.com/bonjesta,bonjesta 20mg/20mg (60 tablets),20mg/20mg,,,0.0,0.0,0.0,0,True,NO MATCH FOUND
https://www.goodrx.com/brilinta,brilinta 90mg (60 tablets),60mg,1666334,ticagrelor 60 MG Oral Tablet [Brilinta],86.6,50.0,100.0,100,False,
https://www.goodrx.com/brilinta,brilinta 90mg (60 tablets),90mg,1116639,ticagrelor 90 MG Oral Tablet [Brilinta],86.6,50.0,100.0,100,False,
https://www.goodrx.com/calcium-polycarbophil,calcium polycarbophil 625mg (60 tablets),625mg,209010,calcium acetate 667 MG Oral Tablet [Calphron],89.6,100.0,100.0,100,True,642355:calcium carbonate 675 MG / magnesium hydroxide 135(88.2); 809559:calcium carbonate 625 MG / cholecalciferol 125 UNT(88.1); 2179019:calcium carbonate 625 MG / sodium monofluorophosph(88.1)
https://www.goodrx.com/carbamazepine,carbamazepine 200mg (60 tablets),200mg,308979,carbamazepine 200 MG Oral Tablet,78.8,50.0,100.0,100,True,197442:carbamazepine 200 MG Chewable Tablet(78.8)
https://www.goodrx.com/epitol,carbamazepine 200mg (60 tablets),200mg,211817,carbamazepine 200 MG Oral Tablet [Epitol],66.7,33.3,100.0,100,False,
https://www.goodrx.com/carbamazepine-er,carbamazepine er 200mg (60 tablets),,,,0.0,0.0,0.0,0,True,NO MATCH FOUND
https://www.goodrx.com/arbinoxa,carbinoxamine maleate 4mg (60 tablets),4mg,1012904,carbinoxamine maleate 4 MG Oral Tablet,57.5,50.0,100.0,100,False,
https://www.goodrx.com/palgic,carbinoxamine maleate 4mg (60 tablets),4mg,1012904,carbinoxamine maleate 4 MG Oral Tablet,57.5,50.0,100.0,100,False,
https://www.goodrx.com/carbaglu,carglumic acid 200mg (60 tablets),200mg,905394,carglumic acid 200 MG Tablet for Oral Suspension [Carbaglu],80.8,66.7,100.0,100,False,
https://www.goodrx.com/carglumic-acid,carglumic acid 200mg (60 tablets),200mg,905390,carglumic acid 200 MG Tablet for Oral Suspension,87.5,66.7,100.0,100,False,
https://www.goodrx.com/carisoprodol,carisoprodol 350mg (60 tablets),350mg,994226,aspirin 325 MG / carisoprodol 200 MG / codeine phosphate 16 MG Oral Tablet,78.8,50.0,100.0,100,True,197446:carisoprodol 350 MG Oral Tablet(78.8); 197447:aspirin 325 MG / carisoprodol 200 MG Oral Tablet(78.8)
https://www.goodrx.com/coreg,carvedilol 25mg (60 tablets),12.5mg,212389,carvedilol 12.5 MG Oral Tablet [Coreg],70.9,50.0,100.0,100,False,
https://www.goodrx.com/coreg,carvedilol 25mg (60 tablets),6.25mg,212388,carvedilol 6.25 MG Oral Tablet [Coreg],70.9,50.0,100.0,100,False,
https://www.goodrx.com/coreg,carvedilol 25mg (60 tablets),3.125mg,686926,carvedilol 3.125 MG Oral Tablet [Coreg],70.9,50.0,100.0,100,False,
https://www.goodrx.com/coreg,carvedilol 25mg (60 tablets),25mg,212390,carvedilol 25 MG Oral Tablet [Coreg],70.9,50.0,100.0,100,False,
https://www.goodrx.com/cimetidine,cimetidine 400mg (60 tablets),,197507,cimetidine 400 MG Oral Tablet,78.8,50.0,100.0,100,False,
https://www.goodrx.com/onfi,clobazam 10mg (60 tablets),20mg,2102715,clobazam 20 MG Oral Film [Sympazan],70.2,50.0,100.0,100,False,
https://www.goodrx.com/clorazepate,clorazepate 7.5mg (60 tablets),15mg,197464,clorazepate dipotassium 15 MG Oral Tablet,87.5,66.7,100.0,100,False,
https://www.goodrx.com/clorazepate,clorazepate 7.5mg (60 tablets),7.5mg,197466,clorazepate dipotassium 7.5 MG Oral Tablet,87.5,66.7,100.0,100,False,
https://www.goodrx.com/clorazepate,clorazepate 7.5mg (60 tablets),3.75mg,197465,clorazepate dipotassium 3.75 MG Oral Tablet,87.5,66.7,100.0,100,False,
https://www.goodrx.com/codeine,codeine 30mg (60 tablets),30mg,993837,acetaminophen 300 MG / codeine phosphate 30 MG Oral Tablet [Tylenol with Codeine],100.0,100.0,100.0,100,True,1433802:acetaminophen 300 MG / butalbital 50 MG / caffeine(100)
https://www.goodrx.com/codeine,codeine 30mg (60 tablets),15mg,995940,codeine phosphate 0.5 MG/ML / guaifenesin 15 MG/ML Oral Solution [Brontex],90.0,100.0,100.0,100,False,
https://www.goodrx.com/codeine,codeine 30mg (60 tablets),60mg,993892,acetaminophen 300 MG / codeine phosphate 60 MG Oral Tablet [Tylenol with Codeine],100.0,100.0,100.0,100,False,
https://www.goodrx.com/colesevelam,colesevelam 625mg (60 tablets),625mg,866910,colesevelam hydrochloride 625 MG Oral Tablet,78.8,50.0,100.0,100,False,
https://www.goodrx.com/colestipol,colestipol 1g (60 tablets),1g,1048445,colestipol hydrochloride 1000 MG Oral Tablet,78.8,50.0,100.0,100,False,
https://www.goodrx.com/colestid,colestipol 1g (60 tablets),1g,1048447,colestipol hydrochloride 1000 MG Oral Tablet [Colestid],80.8,50.0,100.0,100,False,
https://www.goodrx.com/cytoxan,cyclophosphamide 50mg (60 tablets),25mg,1437968,cyclophosphamide 25 MG Oral Capsule,57.5,50.0,100.0,100,True,197549:cyclophosphamide 25 MG Oral Tablet(57.5)
https://www.goodrx.com/cytoxan,cyclophosphamide 50mg (60 tablets),50mg,1437969,cyclophosphamide 50 MG Oral Capsule,57.5,50.0,100.0,100,True,"197550:cyclophosphamide 50 MG Oral Tablet(57.5); 209029:50 ML cytomegalovirus immune globulin, human 50 MG(53.4)"
https://www.goodrx.com/cycloset,cycloset 0.8mg (60 tablets),0.8mg,859081,bromocriptine 0.8 MG Oral Tablet [Cycloset],68.2,0.0,100.0,100,False,
https://www.goodrx.com/ampyra,dalfampridine er 10mg (60 tablets),10mg,897025,12 HR dalfampridine 10 MG Extended Release Oral Tablet [Ampyra],69.9,50.0,100.0,100,False,
https://www.goodrx.com/dalfampridine-er,dalfampridine er 10mg (60 tablets),10mg,897021,12 HR dalfampridine 10 MG Extended Release Oral Tablet,78.8,50.0,100.0,100,False,
https://www.goodrx.com/dapagliflozin-metformin-er,dapagliflozin/metformin er 5mg/1000mg (60 tablets),10mg/1000mg,1593058,24 HR dapagliflozin 10 MG / metformin hydrochloride 1000 MG Extended Release Oral Tablet,78.8,50.0,100.0,100,False,
https://www.goodrx.com/dapagliflozin-metformin-er,dapagliflozin/metformin er 5mg/1000mg (60 tablets),5mg/1000mg,1593070,24 HR dapagliflozin 5 MG / metformin hydrochloride 1000 MG Extended Release Oral Tablet,78.8,50.0,100.0,100,False,
https://www.goodrx.com/demeclocycline,demeclocycline 300mg (60 tablets),150mg,905341,demeclocycline hydrochloride 150 MG Oral Tablet,78.8,50.0,100.0,100,False,
https://www.goodrx.com/declomycin,demeclocycline 300mg (60 tablets),50mg,,,0.0,0.0,0.0,0,True,NO MATCH FOUND
https://www.goodrx.com/demeclocycline,demeclocycline 300mg (60 tablets),300mg,905347,demeclocycline hydrochloride 300 MG Oral Tablet,78.8,50.0,100.0,100,False,
https://www.goodrx.com/desmopressin,desmopressin 0.2mg (60 tablets),0.1mg,849515,desmopressin acetate 0.1 MG Oral Tablet,87.5,66.7,100.0,100,True,849520:desmopressin acetate 0.1 MG/ML Nasal Solution(87.5)
https://www.goodrx.com/desmopressin,desmopressin 0.2mg (60 tablets),0.2mg,833008,desmopressin acetate 0.2 MG Oral Tablet,87.5,66.7,100.0,100,False,
https://www.goodrx.com/dhea,dhea 50mg (60 tablets),50mg,,,0.0,0.0,0.0,0,True,NO MATCH FOUND
https://www.goodrx.com/diclofenac-sodium,diclofenac sodium 75mg (60 tablets),50mg,,,0.0,0.0,0.0,0,True,NO MATCH FOUND
https://www.goodrx.com/arthrotec,diclofenac sodium/misoprostol 75mg/200mcg (60 tablets),75mg/200mcg,2705057,diclofenac 0.0125 MG/MG Medicated Patch [Xiclo],44.0,60.0,0.0,100,True,858346:diclofenac 25 MG Oral Capsule [Zipsor](43.8); 1442122:diclofenac 18 MG Oral Capsule [Zorvolex](43.5); 1442130:diclofenac 35 MG Oral Capsule [Zorvolex](43.5)
https://www.goodrx.com/diclofenac-sodium-misoprostol,diclofenac sodium/misoprostol 75mg/200mcg (60 tablets),150g of 1%,,,0.0,0.0,0.0,0,True,NO MATCH FOUND
https://www.goodrx.com/arthrotec,diclofenac sodium/misoprostol 75mg/200mcg (60 tablets),50mg/200mcg,2705057,diclofenac 0.0125 MG/MG Medicated Patch [Xiclo],44.0,60.0,0.0,100,True,858346:diclofenac 25 MG Oral Capsule [Zipsor](43.8); 1442122:diclofenac 18 MG Oral Capsule [Zorvolex](43.5); 1442130:diclofenac 35 MG Oral Capsule [Zorvolex](43.5)
https://www.goodrx.com/diflunisal,diflunisal 500mg (60 tablets),200mg,249400,diflunisal 375 MG Oral Tablet,42.0,50.0,0.0,100,True,197602:diflunisal 250 MG Oral Tablet(42.0); 197603:diflunisal 500 MG Oral Tablet(42.0)
https://www.goodrx.com/divalproex,divalproex 500mg (60 tablets),500mg,,,0.0,0.0,0.0,0,True,NO MATCH FOUND
https://www.goodrx.com/divalproex,divalproex 500mg (60 tablets),125mg,,,0.0,0.0,0.0,0,True,NO MATCH FOUND
https://www.goodrx.com/divalproex-er,divalproex er 500mg (60 tablets),250mg,1099563,24 HR divalproex sodium 250 MG Extended Release Oral Tablet,78.8,50.0,100.0,100,False,
https://www.goodrx.com/divalproex-er,divalproex er 500mg (60 tablets),500mg,1099569,24 HR divalproex sodium 500 MG Extended Release Oral Tablet,78.8,50.0,100.0,100,False,
https://www.goodrx.com/elepsia-xr,elepsia xr 1000mg (60 tablets),1500mg,1605374,24 HR levetiracetam 1500 MG Extended Release Oral Tablet [Elepsia],68.2,0.0,100.0,100,False,
https://www.goodrx.com/elepsia-xr,elepsia xr 1000mg (60 tablets),1000mg,1605368,24 HR levetiracetam 1000 MG Extended Release Oral Tablet [Elepsia],68.2,0.0,100.0,100,False,
https://www.goodrx.com/eliquis,eliquis 5mg (60 tablets),5mg,1364447,apixaban 5 MG Oral Tablet [Eliquis],68.2,0.0,100.0,100,False,
https://www.goodrx.com/enalapril,enalapril 20mg (60 tablets),5mg,,,0.0,0.0,0.0,0,True,NO MATCH FOUND
https://www.goodrx.com/enalapril,enalapril 20mg (60 tablets),2.5mg,,,0.0,0.0,0.0,0,True,NO MATCH FOUND
https://www.goodrx.com/enalapril,enalapril 20mg (60 tablets),20mg,,,0.0,0.0,0.0,0,True,NO MATCH FOUND
https://www.goodrx.com/enalapril,enalapril 20mg (60 tablets),10mg,,,0.0,0.0,0.0,0,True,NO MATCH FOUND
https://www.goodrx.com/ergoloid-mesylates,ergoloid mesylates 1mg (60 tablets),1mg,,,0.0,0.0,0.0,0,True,NO MATCH FOUND
https://www.goodrx.com/ethambutol,ethambutol 400mg (60 tablets),400mg,995607,ethambutol hydrochloride 400 MG Oral Tablet,78.8,50.0,100.0,100,False,
https://www.goodrx.com/ethambutol,ethambutol 400mg (60 tablets),100mg,995599,ethambutol hydrochloride 100 MG Oral Tablet,78.8,50.0,100.0,100,False,
https://www.goodrx.com/etodolac,etodolac 400mg (60 tablets),500mg,199390,etodolac 500 MG Oral Tablet,78.8,50.0,100.0,100,False,
https://www.goodrx.com/etodolac,etodolac 400mg (60 tablets),400mg,197686,etodolac 400 MG Oral Tablet,78.8,50.0,100.0,100,False,
https://www.goodrx.com/everolimus,everolimus 0.5mg (60 tablets),1mg,2056895,everolimus 1 MG Oral Tablet,78.8,50.0,100.0,100,False,
https://www.goodrx.com/everolimus,everolimus 0.5mg (60 tablets),7.5mg,1119400,everolimus 7.5 MG Oral Tablet,78.8,50.0,100.0,100,False,
https://www.goodrx.com/everolimus,everolimus 0.5mg (60 tablets),0.75mg,977438,everolimus 0.75 MG Oral Tablet,78.8,50.0,100.0,100,False,
https://www.goodrx.com/everolimus,everolimus 0.5mg (60 tablets),0.25mg,977427,everolimus 0.25 MG Oral Tablet,78.8,50.0,100.0,100,False,
https://www.goodrx.com/everolimus,everolimus 0.5mg (60 tablets),0.5mg,977434,everolimus 0.5 MG Oral Tablet,78.8,50.0,100.0,100,False,
https://www.goodrx.com/pepcid,famotidine 20mg (60 tablets),20mg,2609246,famotidine 20 MG Oral Tablet [Zantac Reformulated Aug 2022],67.3,50.0,100.0,100,False,
https://www.goodrx.com/pepcid,famotidine 20mg (60 tablets),40mg,104095,famotidine 40 MG Oral Tablet [Pepcid],66.9,50.0,100.0,100,False,
https://www.goodrx.com/pepcid-ac,famotidine ac original strength (60 tablets),maximum strength,688892,calcium carbonate 800 MG / famotidine 10 MG / magnesium hydroxide 165 MG Chewable Tablet [Pepcid Complete],62.8,66.7,50.0,100,True,2607015:famotidine 10 MG Oral Tablet [Zantac Reformulated (62.3); 2609246:famotidine 20 MG Oral Tablet [Zantac Reformulated (62.3)
https://www.goodrx.com/pepcid-ac,famotidine ac original strength (60 tablets),original strength,688892,calcium carbonate 800 MG / famotidine 10 MG / magnesium hydroxide 165 MG Chewable Tablet [Pepcid Complete],62.8,66.7,50.0,100,True,2607015:famotidine 10 MG Oral Tablet [Zantac Reformulated (62.3); 2609246:famotidine 20 MG Oral Tablet [Zantac Reformulated (62.3)
https://www.goodrx.com/prolixin,fluphenazine 5mg (60 tablets),2.5mg,1247576,fluorescein sodium 2.5 MG/ML / proparacaine hydrochloride 5 MG/ML Ophthalmic Solution [Flucaine],60.4,0.0,100.0,100,True,865123:fluphenazine hydrochloride 2.5 MG Oral Tablet(57.5); 865129:fluphenazine hydrochloride 2.5 MG/ML Injectable So(57.5)
https://www.goodrx.com/prolixin,fluphenazine 5mg (60 tablets),1mg,865117,fluphenazine hydrochloride 1 MG Oral Tablet,57.5,50.0,100.0,100,False,
https://www.goodrx.com/prolixin,fluphenazine 5mg (60 tablets),5mg,1247576,fluorescein sodium 2.5 MG/ML / proparacaine hydrochloride 5 MG/ML Ophthalmic Solution [Flucaine],60.4,0.0,100.0,100,True,861848:fluphenazine hydrochloride 5 MG/ML Oral Solution(57.5); 860918:fluphenazine hydrochloride 5 MG Oral Tablet(57.5)
https://www.goodrx.com/prolixin,fluphenazine 5mg (60 tablets),10mg,859841,fluphenazine hydrochloride 10 MG Oral Tablet,57.5,50.0,100.0,100,False,
https://www.goodrx.com/ansaid,flurbiprofen 100mg (60 tablets),50mg,197725,flurbiprofen 50 MG Oral Tablet,57.5,50.0,100.0,100,True,2712492:flurbiprofen 100 MG Oral Tablet [Lurbipr](53.5)
https://www.goodrx.com/razadyne,galantamine 4mg (60 tablets),12mg,602734,galantamine 12 MG Oral Tablet [Razadyne],71.4,50.0,100.0,100,False,
https://www.goodrx.com/razadyne,galantamine 4mg (60 tablets),8mg,602737,galantamine 8 MG Oral Tablet [Razadyne],71.4,50.0,100.0,100,False,
https://www.goodrx.com/razadyne,galantamine 4mg (60 tablets),4mg,310436,galantamine 4 MG Oral Tablet,57.5,50.0,100.0,100,True,860901:galantamine hydrobromide 4 MG/ML Oral Solution(57.5)
https://www.goodrx.com/corlanor,ivabradine 5mg (60 tablets),5mg,1649491,ivabradine 5 MG Oral Tablet [Corlanor],69.1,50.0,100.0,100,False,
https://www.goodrx.com/corlanor,ivabradine 5mg (60 tablets),7.5mg,1649495,ivabradine 7.5 MG Oral Tablet [Corlanor],69.1,50.0,100.0,100,False,
https://www.goodrx.com/combivir,lamivudine/zidovudine 150mg/300mg (60 tablets),150mg/300mg,285028,abacavir 300 MG / lamivudine 150 MG / zidovudine 300 MG Oral Tablet [Trizivir],73.1,60.0,100.0,100,True,213088:lamivudine 150 MG / zidovudine 300 MG Oral Tablet (71.3)
https://www.goodrx.com/eskalith,lithium carbonate 300mg (60 tablets),300mg,197889,lithium carbonate 300 MG Oral Capsule,57.5,50.0,100.0,100,True,197890:lithium carbonate 300 MG Oral Tablet(57.5)
https://www.goodrx.com/eskalith-cr,lithium er 300mg (60 tablets),300mg,206786,lithium carbonate 300 MG Extended Release Oral Tablet [Lithobid],75.0,50.0,100.0,100,False,
https://www.goodrx.com/neptazane,methazolamide 50mg (60 tablets),25mg,197939,methazolamide 25 MG Oral Tablet,57.5,50.0,100.0,100,False,
https://www.goodrx.com/neptazane,methazolamide 50mg (60 tablets),50mg,197940,methazolamide 50 MG Oral Tablet,57.5,50.0,100.0,100,False,
https://www.goodrx.com/pamine,methscopolamine 2.5mg (60 tablets),2.5mg,207086,methscopolamine bromide 2.5 MG Oral Tablet [Pamine],81.5,66.7,100.0,100,False,
https://www.goodrx.com/pamine-forte,methscopolamine 5mg (60 tablets),5mg,404640,methscopolamine bromide 5 MG Oral Tablet [Pamine],75.4,50.0,100.0,100,False,
https://www.goodrx.com/dynacin,minocycline 100mg (60 tablets),100mg,207356,minocycline 100 MG Oral Capsule [Minocin],80.8,50.0,100.0,100,True,207358:minocycline 100 MG Injection [Minocin](80.8)
https://www.goodrx.com/dynacin,minocycline 100mg (60 tablets),50mg,207353,minocycline 50 MG Oral Capsule [Minocin],80.8,50.0,100.0,100,False,
https://www.goodrx.com/dynacin,minocycline 100mg (60 tablets),75mg,403840,minocycline 75 MG Oral Tablet,57.5,50.0,100.0,100,True,314108:minocycline 75 MG Oral Capsule(57.5); 207356:minocycline 100 MG Oral Capsule [Minocin](54.5); 207353:minocycline 50 MG Oral Capsule [Minocin](54.5)
https://www.goodrx.com/oramorph-sr,morphine er 15mg (60 tablets),60mg,894813,morphine sulfate 60 MG Extended Release Oral Tablet [MS Contin],68.2,50.0,100.0,100,False,
https://www.goodrx.com/oramorph-sr,morphine er 15mg (60 tablets),15mg,892574,morphine sulfate 15 MG Extended Release Oral Tablet [MS Contin],68.2,50.0,100.0,100,False,
https://www.goodrx.com/oramorph-sr,morphine er 15mg (60 tablets),200mg,892648,morphine sulfate 200 MG Extended Release Oral Tablet [MS Contin],68.2,50.0,100.0,100,False,
https://www.goodrx.com/oramorph-sr,morphine er 15mg (60 tablets),100mg,892560,morphine sulfate 100 MG Extended Release Oral Tablet [MS Contin],68.2,50.0,100.0,100,False,
https://www.goodrx.com/oramorph-sr,morphine er 15mg (60 tablets),30mg,892660,morphine sulfate 30 MG Extended Release Oral Tablet [MS Contin],68.2,50.0,100.0,100,True,892658:morphine sulfate 30 MG Extended Release Oral Capsu(66.6)
https://www.goodrx.com/relafen,nabumetone 750mg (60 tablets),750mg,206959,nabumetone 750 MG Oral Tablet [Relafen],69.6,50.0,100.0,100,False,
https://www.goodrx.com/ec-naprosyn,naproxen dr 500mg (60 tablets),500mg,835560,naproxen 500 MG Delayed Release Oral Tablet [Naprosyn],77.0,50.0,100.0,100,False,
https://www.goodrx.com/ec-naprosyn,naproxen dr 500mg (60 tablets),375mg,608793,naproxen 375 MG Delayed Release Oral Tablet [Naprosyn],77.0,50.0,100.0,100,False,
https://www.goodrx.com/aleve,naproxen non-prescription 220mg (60 tablets),220mg,1550963,diphenhydramine hydrochloride 25 MG / naproxen sodium 220 MG Oral Tablet [Aleve PM],55.7,20.0,100.0,100,True,1112233:naproxen sodium 220 MG Oral Capsule [Aleve](54.6); 849728:naproxen sodium 220 MG Oral Tablet [Aleve](54.6); 105899:naproxen 500 MG Oral Tablet [Naprosyn](51.4)
https://www.goodrx.com/nicazel,nicazel 600mg/5mg/500mcg (60 tablets),600mg/5mg/500mcg,1145114,azelaic acid 5 MG / cupric oxide 1.5 MG / folic acid 0.5 MG / niacinamide 600 MG / pyridoxine 5 MG / zinc oxide 10 MG Oral Tablet [NicAzel],68.2,0.0,100.0,100,False,
https://www.goodrx.com/nicomide,nicomide 0.5mg/750mg/25mg (60 tablets),0.5mg/750mg/25mg,1246066,cupric oxide 1.5 MG / folic acid 0.5 MG / niacinamide 750 MG / zinc oxide 25 MG Oral Tablet [Nicomide],68.2,0.0,100.0,100,False,
https://www.goodrx.com/nicotinamide,nicotinamide 750mg/27mg/850mcg (60 tablets),750mg/27mg/850mcg,1246066,cupric oxide 1.5 MG / folic acid 0.5 MG / niacinamide 750 MG / zinc oxide 25 MG Oral Tablet [Nicomide],94.5,100.0,80.0,100,False,
https://www.goodrx.com/nucynta-er,nucynta er 50mg (60 tablets),100mg,1149367,12 HR tapentadol 100 MG Extended Release Oral Tablet [Nucynta],68.2,0.0,100.0,100,False,
https://www.goodrx.com/nucynta-er,nucynta er 50mg (60 tablets),50mg,1149378,12 HR tapentadol 50 MG Extended Release Oral Tablet [Nucynta],68.2,0.0,100.0,100,False,
https://www.goodrx.com/oxaprozin,oxaprozin 600mg (60 tablets),600mg,,,0.0,0.0,0.0,0,True,NO MATCH FOUND
https://www.goodrx.com/oxcarbazepine,oxcarbazepine 300mg (60 tablets),300mg,312137,oxcarbazepine 300 MG Oral Tablet,78.8,50.0,100.0,100,False,
https://www.goodrx.com/oxcarbazepine,oxcarbazepine 300mg (60 tablets),600mg,312138,oxcarbazepine 600 MG Oral Tablet,78.8,50.0,100.0,100,False,
https://www.goodrx.com/oxcarbazepine,oxcarbazepine 300mg (60 tablets),150mg,312136,oxcarbazepine 150 MG Oral Tablet,78.8,50.0,100.0,100,False,
https://www.goodrx.com/oxycontin,oxycodone er 10mg (60 tablets),40mg,1049586,Abuse-Deterrent 12 HR oxycodone hydrochloride 40 MG Extended Release Oral Tablet [Oxycontin],75.4,50.0,100.0,100,False,
https://www.goodrx.com/oxycontin,oxycodone er 10mg (60 tablets),20mg,1049565,Abuse-Deterrent 12 HR oxycodone hydrochloride 20 MG Extended Release Oral Tablet [Oxycontin],75.4,50.0,100.0,100,False,
https://www.goodrx.com/oxycontin,oxycodone er 10mg (60 tablets),80mg,1049601,Abuse-Deterrent 12 HR oxycodone hydrochloride 80 MG Extended Release Oral Tablet [Oxycontin],75.4,50.0,100.0,100,False,
https://www.goodrx.com/oxycodone-er,oxycodone er 10mg (60 tablets),20mg,1049565,Abuse-Deterrent 12 HR oxycodone hydrochloride 20 MG Extended Release Oral Tablet [Oxycontin],75.0,50.0,100.0,100,False,
https://www.goodrx.com/oxycodone-er,oxycodone er 10mg (60 tablets),15mg,1049543,12 HR oxycodone hydrochloride 15 MG Extended Release Oral Tablet,78.8,50.0,100.0,100,True,1049545:Abuse-Deterrent 12 HR oxycodone hydrochloride 15 M(75.0)
https://www.goodrx.com/oxycodone-er,oxycodone er 10mg (60 tablets),60mg,1049593,12 HR oxycodone hydrochloride 60 MG Extended Release Oral Tablet,78.8,50.0,100.0,100,True,1049595:Abuse-Deterrent 12 HR oxycodone hydrochloride 60 M(75.0)
https://www.goodrx.com/oxycodone-er,oxycodone er 10mg (60 tablets),40mg,1049586,Abuse-Deterrent 12 HR oxycodone hydrochloride 40 MG Extended Release Oral Tablet [Oxycontin],75.0,50.0,100.0,100,False,
https://www.goodrx.com/oxycodone-er,oxycodone er 10mg (60 tablets),30mg,1049574,12 HR oxycodone hydrochloride 30 MG Extended Release Oral Tablet,78.8,50.0,100.0,100,True,1049576:Abuse-Deterrent 12 HR oxycodone hydrochloride 30 M(75.0)
https://www.goodrx.com/oxycodone-er,oxycodone er 10mg (60 tablets),10mg,1049504,Abuse-Deterrent 12 HR oxycodone hydrochloride 10 MG Extended Release Oral Tablet [Oxycontin],75.0,50.0,100.0,100,False,
https://www.goodrx.com/oxycontin,oxycodone er 10mg (60 tablets),10mg,1049504,Abuse-Deterrent 12 HR oxycodone hydrochloride 10 MG Extended Release Oral Tablet [Oxycontin],75.4,50.0,100.0,100,False,
https://www.goodrx.com/opana,oxymorphone 10mg (60 tablets),10mg,977942,oxymorphone hydrochloride 10 MG Oral Tablet,57.5,50.0,100.0,100,False,
https://www.goodrx.com/oxymorphone,oxymorphone 10mg (60 tablets),10mg,977942,oxymorphone hydrochloride 10 MG Oral Tablet,78.8,50.0,100.0,100,False,
https://www.goodrx.com/opana,oxymorphone 10mg (60 tablets),5mg,977939,oxymorphone hydrochloride 5 MG Oral Tablet,57.5,50.0,100.0,100,False,
https://www.goodrx.com/oxymorphone,oxymorphone 10mg (60 tablets),5mg,977939,oxymorphone hydrochloride 5 MG Oral Tablet,78.8,50.0,100.0,100,False,
https://www.goodrx.com/oxymorphone-er,oxymorphone er 10mg (60 tablets),20mg,977902,12 HR oxymorphone hydrochloride 20 MG Extended Release Oral Tablet,75.0,100.0,100.0,100,False,
https://www.goodrx.com/oxymorphone-er,oxymorphone er 10mg (60 tablets),15mg,977894,12 HR oxymorphone hydrochloride 15 MG Extended Release Oral Tablet,75.0,100.0,100.0,100,False,
https://www.goodrx.com/oxymorphone-er,oxymorphone er 10mg (60 tablets),5mg,977923,12 HR oxymorphone hydrochloride 5 MG Extended Release Oral Tablet,75.0,100.0,100.0,100,False,
https://www.goodrx.com/oxymorphone-er,oxymorphone er 10mg (60 tablets),30mg,977909,12 HR oxymorphone hydrochloride 30 MG Extended Release Oral Tablet,75.0,100.0,100.0,100,False,
https://www.goodrx.com/oxymorphone-er,oxymorphone er 10mg (60 tablets),10mg,977874,12 HR oxymorphone hydrochloride 10 MG Extended Release Oral Tablet,75.0,100.0,100.0,100,False,
https://www.goodrx.com/oyster-shell-calcium-with-d,oyster shell calcium with d 500mg (60 tablets),500mg,829759,calcium carbonate 1250 MG / cholecalciferol 500 UNT / vitamin K1 0.04 MG Chewable Tablet,78.8,50.0,100.0,100,True,403826:calcium carbonate 500 MG / simethicone 125 MG Chew(78.8); 1094022:calcium carbonate 1500 MG / cholecalciferol 500 UN(78.8); 242623:calcium carbonate 550 MG / magnesium hydroxide 110(78.8)
https://www.goodrx.com/oysco-500-plus-d,oyster shell calcium with d 500mg (60 tablets),500mg,404507,calcium carbonate 500 MG / simethicone 125 MG Chewable Tablet [Gas-X with Maalox],71.1,50.0,100.0,100,True,998704:calcium carbonate 500 MG Chewable Tablet [Cal Gest(70.9); 1087285:boron 1.5 MG / calcium carbonate 500 MG / cholecal(67.5)
https://www.goodrx.com/etrafon,perphenazine/amitriptyline 2mg/25mg (60 tablets),4mg/50mg,856840,amitriptyline hydrochloride 50 MG / perphenazine 4 MG Oral Tablet,61.0,60.0,100.0,100,False,
https://www.goodrx.com/perphenazine-amitriptyline,perphenazine/amitriptyline 2mg/25mg (60 tablets),2mg/10mg,,,0.0,0.0,0.0,0,True,NO MATCH FOUND
https://www.goodrx.com/etrafon,perphenazine/amitriptyline 2mg/25mg (60 tablets),4mg/10mg,856720,amitriptyline hydrochloride 10 MG / perphenazine 4 MG Oral Tablet,61.0,60.0,100.0,100,False,
https://www.goodrx.com/perphenazine-amitriptyline,perphenazine/amitriptyline 2mg/25mg (60 tablets),4mg/25mg,,,0.0,0.0,0.0,0,True,NO MATCH FOUND
https://www.goodrx.com/etrafon,perphenazine/amitriptyline 2mg/25mg (60 tablets),2mg/25mg,856797,amitriptyline hydrochloride 25 MG / perphenazine 2 MG Oral Tablet,61.0,60.0,100.0,100,False,
https://www.goodrx.com/perphenazine-amitriptyline,perphenazine/amitriptyline 2mg/25mg (60 tablets),4mg/50mg,,,0.0,0.0,0.0,0,True,NO MATCH FOUND
https://www.goodrx.com/perphenazine-amitriptyline,perphenazine/amitriptyline 2mg/25mg (60 tablets),4mg/10mg,,,0.0,0.0,0.0,0,True,NO MATCH FOUND
https://www.goodrx.com/perphenazine-amitriptyline,perphenazine/amitriptyline 2mg/25mg (60 tablets),2mg/25mg,,,0.0,0.0,0.0,0,True,NO MATCH FOUND
https://www.goodrx.com/phenobarbital,phenobarbital 64.8mg (60 tablets),64.8mg,199168,phenobarbital 64.8 MG Oral Tablet,87.5,66.7,100.0,100,True,198089:phenobarbital 60 MG Oral Tablet(87.5); 198368:phenobarbital 65 MG/ML Injectable Solution(87.5); 2671207:1 ML phenobarbital sodium 65 MG/ML Injection(87.5)
https://www.goodrx.com/phenobarbital,phenobarbital 64.8mg (60 tablets),30mg,312362,phenobarbital 30 MG Oral Tablet,87.5,66.7,100.0,100,True,199167:phenobarbital 32.4 MG Oral Tablet(87.5)
https://www.goodrx.com/phenobarbital,phenobarbital 64.8mg (60 tablets),15mg,1046815,atropine sulfate 0.0194 MG / hyoscyamine sulfate 0.1037 MG / phenobarbital 16.2 MG / scopolamine hydrobromide 0.0065 MG Oral Tablet,87.5,66.7,100.0,100,True,312357:phenobarbital 15 MG Oral Tablet(87.5); 198085:phenobarbital 16 MG Oral Tablet(87.5); 198086:phenobarbital 16.2 MG Oral Tablet(87.5)
https://www.goodrx.com/phenobarbital,phenobarbital 64.8mg (60 tablets),97.2mg,198083,phenobarbital 100 MG Oral Tablet,87.5,66.7,100.0,100,True,2624719:phenobarbital sodium 100 MG Injection(87.5); 199164:phenobarbital 97.2 MG Oral Tablet(87.5)
https://www.goodrx.com/phenobarbital,phenobarbital 64.8mg (60 tablets),60mg,199168,phenobarbital 64.8 MG Oral Tablet,87.5,66.7,100.0,100,True,198089:phenobarbital 60 MG Oral Tablet(87.5); 198368:phenobarbital 65 MG/ML Injectable Solution(87.5); 2671207:1 ML phenobarbital sodium 65 MG/ML Injection(87.5)
https://www.goodrx.com/phenobarbital,phenobarbital 64.8mg (60 tablets),32.4mg,312362,phenobarbital 30 MG Oral Tablet,87.5,66.7,100.0,100,True,199167:phenobarbital 32.4 MG Oral Tablet(87.5)
https://www.goodrx.com/phenobarbital,phenobarbital 64.8mg (60 tablets),16.2mg,1046815,atropine sulfate 0.0194 MG / hyoscyamine sulfate 0.1037 MG / phenobarbital 16.2 MG / scopolamine hydrobromide 0.0065 MG Oral Tablet,87.5,66.7,100.0,100,True,312357:phenobarbital 15 MG Oral Tablet(87.5); 198085:phenobarbital 16 MG Oral Tablet(87.5); 198086:phenobarbital 16.2 MG Oral Tablet(87.5)
https://www.goodrx.com/orap,pimozide 2mg (60 tablets),2mg,198103,pimozide 2 MG Oral Tablet,57.5,50.0,100.0,100,False,
https://www.goodrx.com/orap,pimozide 2mg (60 tablets),1mg,312439,pimozide 1 MG Oral Tablet,57.5,50.0,100.0,100,False,
https://www.goodrx.com/pimozide,pimozide 2mg (60 tablets),2mg,198103,pimozide 2 MG Oral Tablet,78.8,50.0,100.0,100,False,
https://www.goodrx.com/pimozide,pimozide 2mg (60 tablets),1mg,312439,pimozide 1 MG Oral Tablet,78.8,50.0,100.0,100,False,
https://www.goodrx.com/propranolol,propranolol 10mg (60 tablets),80mg,856578,propranolol hydrochloride 80 MG Oral Tablet,78.8,50.0,100.0,100,True,856429:hydrochlorothiazide 25 MG / propranolol hydrochlor(78.8)
https://www.goodrx.com/propranolol,propranolol 10mg (60 tablets),10mg,856448,propranolol hydrochloride 10 MG Oral Tablet,78.8,50.0,100.0,100,False,
https://www.goodrx.com/propranolol,propranolol 10mg (60 tablets),60mg,856556,propranolol hydrochloride 60 MG Oral Tablet,78.8,50.0,100.0,100,False,
https://www.goodrx.com/propranolol,propranolol 10mg (60 tablets),20mg,856457,propranolol hydrochloride 20 MG Oral Tablet,78.8,50.0,100.0,100,False,
https://www.goodrx.com/propranolol,propranolol 10mg (60 tablets),40mg,856422,hydrochlorothiazide 25 MG / propranolol hydrochloride 40 MG Oral Tablet,78.8,50.0,100.0,100,True,856519:propranolol hydrochloride 40 MG Oral Tablet(78.8)
https://www.goodrx.com/pseudoephedrine,pseudoephedrine 120mg (60 tablets),30mg,1313298,dextromethorphan hydrobromide 30 MG / pseudoephedrine hydrochloride 60 MG Oral Capsule,78.8,50.0,100.0,100,True,1293344:acetaminophen 325 MG / chlorpheniramine maleate 2 (78.8); 1089058:codeine phosphate 10 MG / guaifenesin 400 MG / pse(78.8); 1300017:dextromethorphan hydrobromide 20 MG / guaifenesin (78.8)
https://www.goodrx.com/pseudoephedrine,pseudoephedrine 120mg (60 tablets),60mg,1298443,guaifenesin 400 MG / pseudoephedrine hydrochloride 60 MG Oral Tablet,78.8,50.0,100.0,100,True,1313298:dextromethorphan hydrobromide 30 MG / pseudoephedr(78.8); 1427998:dextromethorphan hydrobromide 20 MG / guaifenesin (78.8); 1053741:chlophedianol hydrochloride 25 MG / guaifenesin 40(78.8)
https://www.goodrx.com/pseudoephedrine,pseudoephedrine 120mg (60 tablets),120mg,1298433,dexchlorpheniramine maleate 0.2 MG/ML / dextromethorphan hydrobromide 3 MG/ML / pseudoephedrine hydrochloride 6 MG/ML Oral Solution,42.0,50.0,0.0,100,True,1435143:dextromethorphan hydrobromide 2 MG/ML / guaifenesi(42.0); 1298443:guaifenesin 400 MG / pseudoephedrine hydrochloride(42.0); 1356812:brompheniramine maleate 4 MG / dextromethorphan hy(42.0)
https://www.goodrx.com/duraquin,quinidine gluconate er 324mg (60 tablets),324mg,852920,quinidine gluconate 324 MG Extended Release Oral Tablet,57.5,50.0,100.0,100,False,
https://www.goodrx.com/quinatime,quinidine gluconate er 324mg (60 tablets),324mg,852920,quinidine gluconate 324 MG Extended Release Oral Tablet,57.5,50.0,100.0,100,False,
https://www.goodrx.com/quinidine-gluconate-er,quinidine gluconate er 324mg (60 tablets),324mg,,,0.0,0.0,0.0,0,True,NO MATCH FOUND
https://www.goodrx.com/ranexa,ranolazine 500mg (60 tablets),500mg,2594762,ranolazine 500 MG Oral Granules [Aspruzyo],66.2,50.0,100.0,100,False,
https://www.goodrx.com/ranolazine,ranolazine 500mg (60 tablets),500mg,2594760,ranolazine 500 MG Oral Granules,78.8,50.0,100.0,100,False,
https://www.goodrx.com/ranolazine,ranolazine 500mg (60 tablets),1000mg,2594753,ranolazine 1000 MG Oral Granules,78.8,50.0,100.0,100,False,
https://www.goodrx.com/banzel,rufinamide 400mg (60 tablets),400mg,824303,rufinamide 400 MG Oral Tablet [Banzel],66.9,50.0,100.0,100,False,
https://www.goodrx.com/disalcid,salsalate 500mg (60 tablets),500mg,208053,salsalate 500 MG Oral Tablet [Disalcid],69.6,50.0,100.0,100,False,
https://www.goodrx.com/disalcid,salsalate 500mg (60 tablets),750mg,208059,salsalate 750 MG Oral Tablet [Disalcid],69.6,50.0,100.0,100,False,
https://www.goodrx.com/eldepryl,selegiline 5mg (60 tablets),5mg,859188,selegiline hydrochloride 5 MG Oral Capsule [Eldepryl],72.0,50.0,100.0,100,False,
https://www.goodrx.com/ex-lax,sennosides 8.6mg (60 tablets),8.6mg,,,0.0,0.0,0.0,0,True,NO MATCH FOUND
https://www.goodrx.com/ex-lax,sennosides 8.6mg (60 tablets),15mg,213071,"sennosides, USP 15 MG Chewable Tablet [Ex-Lax Chocolated]",47.8,0.0,100.0,100,True,"213072:sennosides, USP 15 MG Oral Tablet [Ex-Lax Regular (47.4)"
https://www.goodrx.com/nexavar,sorafenib 200mg (60 tablets),200mg,615979,sorafenib 200 MG Oral Tablet [Nexavar],63.7,50.0,100.0,100,False,
https://www.goodrx.com/betapace,sotalol 80mg (60 tablets),240mg,904593,sotalol hydrochloride 240 MG Oral Tablet [Sorine],68.5,50.0,100.0,100,False,
https://www.goodrx.com/betapace,sotalol 80mg (60 tablets),80mg,904605,sotalol hydrochloride 80 MG Oral Tablet [Sorine],68.5,50.0,100.0,100,True,1922766:Atrial Fibrillation sotalol hydrochloride 80 MG Or(67.4)
https://www.goodrx.com/betapace,sotalol 80mg (60 tablets),120mg,904571,sotalol hydrochloride 120 MG Oral Tablet [Sorine],68.5,50.0,100.0,100,True,1922721:Atrial Fibrillation sotalol hydrochloride 120 MG O(67.4)
https://www.goodrx.com/artane,trihexyphenidyl 2mg (60 tablets),2mg,905269,trihexyphenidyl hydrochloride 2 MG Oral Tablet,57.5,50.0,100.0,100,False,
https://www.goodrx.com/artane,trihexyphenidyl 2mg (60 tablets),5mg,905283,trihexyphenidyl hydrochloride 5 MG Oral Tablet,57.5,50.0,100.0,100,False,
https://www.goodrx.com/arformoterol,arformoterol 2ml of 15mcg/2ml (60 vials),2ml of 15mcg/2ml,668956,arformoterol 0.0075 MG/ML Inhalation Solution,42.0,50.0,0.0,100,False,
https://www.goodrx.com/brovana,arformoterol 2ml of 15mcg/2ml (60 vials),2ml of 15mcg/2ml,,,0.0,0.0,0.0,0,True,NO MATCH FOUND
https://www.goodrx.com/perforomist,formoterol 2ml of 20mcg/2ml (60 vials),2ml of 20mcg/2ml,1246321,formoterol fumarate 0.01 MG/ML Inhalation Solution [Perforomist],46.6,50.0,0.0,100,False,
https://www.goodrx.com/panheprin,heparin sodium 1ml of 5000 units/ml (60 vials),30ml of 1000 units/ml,284453,sodium chloride 30 MG/ML Nasal Solution [ENTsol],57.8,50.0,50.0,100,False,
https://www.goodrx.com/panheprin,heparin sodium 1ml of 5000 units/ml (60 vials),4ml of 10000 units/ml,1189645,alanine 3.2 MG/ML / arginine 7.3 MG/ML / aspartate 1.9 MG/ML / cysteine 0.2 MG/ML / glutamate 3 MG/ML / glycine 2.2 MG/ML / histidine 2.9 MG/ML / isoleucine 4.9 MG/ML / leucine 8.4 MG/ML / lysine 6.9 MG/ML / methionine 2 MG/ML / phenylalanine 2.9 MG/ML / proline 4.1 MG/ML / serine 2.3 MG/ML / sodium acetate 0.0544 MEQ/ML / sodium chloride 0.003 MEQ/ML / sodium metabisulfite 0.5 MG/ML / taurine 0.15 MG/ML / threonine 2.5 MG/ML / tryptophan 1.2 MG/ML / tyrosine 1.64 MG/ML / valine 4.7 MG/ML Injectable Solution [Trophamine 6 %],54.8,50.0,50.0,100,True,801021:alanine 10.4 MG/ML / arginine 5.75 MG/ML / calcium(54.5); 801031:alanine 10.4 MG/ML / arginine 5.75 MG/ML / calcium(54.5); 1189640:alanine 5.4 MG/ML / arginine 12 MG/ML / aspartate (54.5)
https://www.goodrx.com/panheprin,heparin sodium 1ml of 5000 units/ml (60 vials),5ml of 10000 units/ml,1189629,glucose 50 MG/ML / magnesium chloride 0.00148 MEQ/ML / potassium chloride 0.00497 MEQ/ML / sodium acetate 0.027 MEQ/ML / sodium chloride 0.0899 MEQ/ML / sodium gluconate 5.02 MG/ML Injectable Solution [Normosol-R in 5 % Dextrose],56.4,50.0,50.0,100,True,801112:magnesium chloride 0.00148 MEQ/ML / potassium chlo(55.3); 1189645:alanine 3.2 MG/ML / arginine 7.3 MG/ML / aspartate(54.8); 801021:alanine 10.4 MG/ML / arginine 5.75 MG/ML / calcium(54.5)
https://www.goodrx.com/panheprin,heparin sodium 1ml of 5000 units/ml (60 vials),1ml of 1000 units/ml,801021,alanine 10.4 MG/ML / arginine 5.75 MG/ML / calcium chloride 0.004 MEQ/ML / dibasic potassium phosphate 2.61 MG/ML / glucose 150 MG/ML / glycine 5.15 MG/ML / histidine 2.4 MG/ML / isoleucine 3 MG/ML / leucine 3.65 MG/ML / lysine 2.9 MG/ML / magnesium chloride 0.01 MEQ/ML / methionine 2 MG/ML / phenylalanine 2.8 MG/ML / proline 3.4 MG/ML / serine 2.5 MG/ML / sodium acetate trihydrate 3.4 MG/ML / sodium chloride 0.01 MEQ/ML / threonine 2.1 MG/ML / tryptophan 0.9 MG/ML / tyrosine 0.2 MG/ML / valine 2.9 MG/ML Injectable Solution [Clinimix E 5/15],54.5,50.0,50.0,100,True,801031:alanine 10.4 MG/ML / arginine 5.75 MG/ML / calcium(54.5); 847785:alanine 4.48 MG/ML / arginine 3.43 MG/ML / glycine(54.4); 801012:alanine 5.7 MG/ML / arginine 3.16 MG/ML / calcium (54.0)
https://www.goodrx.com/panheprin,heparin sodium 1ml of 5000 units/ml (60 vials),1ml of 5000 units/ml,801021,alanine 10.4 MG/ML / arginine 5.75 MG/ML / calcium chloride 0.004 MEQ/ML / dibasic potassium phosphate 2.61 MG/ML / glucose 150 MG/ML / glycine 5.15 MG/ML / histidine 2.4 MG/ML / isoleucine 3 MG/ML / leucine 3.65 MG/ML / lysine 2.9 MG/ML / magnesium chloride 0.01 MEQ/ML / methionine 2 MG/ML / phenylalanine 2.8 MG/ML / proline 3.4 MG/ML / serine 2.5 MG/ML / sodium acetate trihydrate 3.4 MG/ML / sodium chloride 0.01 MEQ/ML / threonine 2.1 MG/ML / tryptophan 0.9 MG/ML / tyrosine 0.2 MG/ML / valine 2.9 MG/ML Injectable Solution [Clinimix E 5/15],54.5,50.0,50.0,100,True,801031:alanine 10.4 MG/ML / arginine 5.75 MG/ML / calcium(54.5); 847785:alanine 4.48 MG/ML / arginine 3.43 MG/ML / glycine(54.4); 801012:alanine 5.7 MG/ML / arginine 3.16 MG/ML / calcium (54.0)
https://www.goodrx.com/panheprin,heparin sodium 1ml of 5000 units/ml (60 vials),2ml of 1000 units/ml,1189645,alanine 3.2 MG/ML / arginine 7.3 MG/ML / aspartate 1.9 MG/ML / cysteine 0.2 MG/ML / glutamate 3 MG/ML / glycine 2.2 MG/ML / histidine 2.9 MG/ML / isoleucine 4.9 MG/ML / leucine 8.4 MG/ML / lysine 6.9 MG/ML / methionine 2 MG/ML / phenylalanine 2.9 MG/ML / proline 4.1 MG/ML / serine 2.3 MG/ML / sodium acetate 0.0544 MEQ/ML / sodium chloride 0.003 MEQ/ML / sodium metabisulfite 0.5 MG/ML / taurine 0.15 MG/ML / threonine 2.5 MG/ML / tryptophan 1.2 MG/ML / tyrosine 1.64 MG/ML / valine 4.7 MG/ML Injectable Solution [Trophamine 6 %],54.8,50.0,50.0,100,True,801021:alanine 10.4 MG/ML / arginine 5.75 MG/ML / calcium(54.5); 801031:alanine 10.4 MG/ML / arginine 5.75 MG/ML / calcium(54.5); 1189640:alanine 5.4 MG/ML / arginine 12 MG/ML / aspartate (54.5)
https://www.goodrx.com/panheprin,heparin sodium 1ml of 5000 units/ml (60 vials),1ml of 10000 units/ml,801021,alanine 10.4 MG/ML / arginine 5.75 MG/ML / calcium chloride 0.004 MEQ/ML / dibasic potassium phosphate 2.61 MG/ML / glucose 150 MG/ML / glycine 5.15 MG/ML / histidine 2.4 MG/ML / isoleucine 3 MG/ML / leucine 3.65 MG/ML / lysine 2.9 MG/ML / magnesium chloride 0.01 MEQ/ML / methionine 2 MG/ML / phenylalanine 2.8 MG/ML / proline 3.4 MG/ML / serine 2.5 MG/ML / sodium acetate trihydrate 3.4 MG/ML / sodium chloride 0.01 MEQ/ML / threonine 2.1 MG/ML / tryptophan 0.9 MG/ML / tyrosine 0.2 MG/ML / valine 2.9 MG/ML Injectable Solution [Clinimix E 5/15],54.5,50.0,50.0,100,True,801031:alanine 10.4 MG/ML / arginine 5.75 MG/ML / calcium(54.5); 847785:alanine 4.48 MG/ML / arginine 3.43 MG/ML / glycine(54.4); 801012:alanine 5.7 MG/ML / arginine 3.16 MG/ML / calcium (54.0)
https://www.goodrx.com/panheprin,heparin sodium 1ml of 5000 units/ml (60 vials),10ml of 5000 units/ml,801021,alanine 10.4 MG/ML / arginine 5.75 MG/ML / calcium chloride 0.004 MEQ/ML / dibasic potassium phosphate 2.61 MG/ML / glucose 150 MG/ML / glycine 5.15 MG/ML / histidine 2.4 MG/ML / isoleucine 3 MG/ML / leucine 3.65 MG/ML / lysine 2.9 MG/ML / magnesium chloride 0.01 MEQ/ML / methionine 2 MG/ML / phenylalanine 2.8 MG/ML / proline 3.4 MG/ML / serine 2.5 MG/ML / sodium acetate trihydrate 3.4 MG/ML / sodium chloride 0.01 MEQ/ML / threonine 2.1 MG/ML / tryptophan 0.9 MG/ML / tyrosine 0.2 MG/ML / valine 2.9 MG/ML Injectable Solution [Clinimix E 5/15],54.5,50.0,50.0,100,True,801031:alanine 10.4 MG/ML / arginine 5.75 MG/ML / calcium(54.5); 1189611:alanine 11 MG/ML / arginine 8.5 MG/ML / glycine 11(52.5); 800918:ascorbic acid 4700 MG / polyethylene glycol 3350 1(52.0)
https://www.goodrx.com/panheprin,heparin sodium 1ml of 5000 units/ml (60 vials),10ml of 1000 units/ml,801021,alanine 10.4 MG/ML / arginine 5.75 MG/ML / calcium chloride 0.004 MEQ/ML / dibasic potassium phosphate 2.61 MG/ML / glucose 150 MG/ML / glycine 5.15 MG/ML / histidine 2.4 MG/ML / isoleucine 3 MG/ML / leucine 3.65 MG/ML / lysine 2.9 MG/ML / magnesium chloride 0.01 MEQ/ML / methionine 2 MG/ML / phenylalanine 2.8 MG/ML / proline 3.4 MG/ML / serine 2.5 MG/ML / sodium acetate trihydrate 3.4 MG/ML / sodium chloride 0.01 MEQ/ML / threonine 2.1 MG/ML / tryptophan 0.9 MG/ML / tyrosine 0.2 MG/ML / valine 2.9 MG/ML Injectable Solution [Clinimix E 5/15],54.5,50.0,50.0,100,True,801031:alanine 10.4 MG/ML / arginine 5.75 MG/ML / calcium(54.5); 1189611:alanine 11 MG/ML / arginine 8.5 MG/ML / glycine 11(52.5); 800918:ascorbic acid 4700 MG / polyethylene glycol 3350 1(52.0)
https://www.goodrx.com/panheprin,heparin sodium 1ml of 5000 units/ml (60 vials),1ml of 20000 units/ml,801021,alanine 10.4 MG/ML / arginine 5.75 MG/ML / calcium chloride 0.004 MEQ/ML / dibasic potassium phosphate 2.61 MG/ML / glucose 150 MG/ML / glycine 5.15 MG/ML / histidine 2.4 MG/ML / isoleucine 3 MG/ML / leucine 3.65 MG/ML / lysine 2.9 MG/ML / magnesium chloride 0.01 MEQ/ML / methionine 2 MG/ML / phenylalanine 2.8 MG/ML / proline 3.4 MG/ML / serine 2.5 MG/ML / sodium acetate trihydrate 3.4 MG/ML / sodium chloride 0.01 MEQ/ML / threonine 2.1 MG/ML / tryptophan 0.9 MG/ML / tyrosine 0.2 MG/ML / valine 2.9 MG/ML Injectable Solution [Clinimix E 5/15],54.5,50.0,50.0,100,True,801031:alanine 10.4 MG/ML / arginine 5.75 MG/ML / calcium(54.5); 847785:alanine 4.48 MG/ML / arginine 3.43 MG/ML / glycine(54.4); 801012:alanine 5.7 MG/ML / arginine 3.16 MG/ML / calcium (54.0)
https://www.goodrx.com/octreotide,octreotide 1ml of 100mcg/ml (60 vials),1ml of 50mcg/ml,,,0.0,0.0,0.0,0,True,NO MATCH FOUND
https://www.goodrx.com/octreotide,octreotide 1ml of 100mcg/ml (60 vials),1ml of 100mcg/ml,,,0.0,0.0,0.0,0,True,NO MATCH FOUND
https://www.goodrx.com/octreotide,octreotide 1ml of 100mcg/ml (60 vials),5ml of 1000mcg/ml,,,0.0,0.0,0.0,0,True,NO MATCH FOUND
https://www.goodrx.com/octreotide,octreotide 1ml of 100mcg/ml (60 vials),1ml of 500mcg/ml,,,0.0,0.0,0.0,0,True,NO MATCH FOUND
https://www.goodrx.com/octreotide,octreotide 1ml of 100mcg/ml (60 vials),5ml of 200mcg/ml,,,0.0,0.0,0.0,0,True,NO MATCH FOUND
https://www.goodrx.com/cortenema,hydrocortisone enema 60ml of 100mg/60ml (7 enemas),60ml of 100mg/60ml,1039281,hydrocortisone 10 MG/ML Topical Solution [Cortizone],48.6,50.0,0.0,100,True,206336:hydrocortisone 25 MG/ML Topical Solution [Texacort(45.4)
https://www.goodrx.com/colocort,hydrocortisone enema 60ml of 100mg/60ml (7 enemas),60ml of 100mg/60ml,1039281,hydrocortisone 10 MG/ML Topical Solution [Cortizone],48.6,50.0,0.0,100,True,206336:hydrocortisone 25 MG/ML Topical Solution [Texacort(45.4)
https://www.goodrx.com/avelox,moxifloxacin 400mg (7 tablets),400mg,261339,moxifloxacin 400 MG Oral Tablet [Avelox],69.1,50.0,100.0,100,False,
https://www.goodrx.com/nicorette,nicotine 2mg (72 lozenges),2mg,968849,nicotine 2 MG Oral Lozenge [Nicorette],78.9,50.0,100.0,100,True,209326:nicotine 2 MG Chewing Gum [Nicorette](78.9)
https://www.goodrx.com/amphetamine-er,amphetamine er 1.25mg/ml (75 ml),1.25mg/ml,861238,24 HR amphetamine aspartate 1.25 MG / amphetamine sulfate 1.25 MG / dextroamphetamine saccharate 1.25 MG / dextroamphetamine sulfate 1.25 MG Extended Release Oral Capsule [Adderall],85.9,100.0,100.0,100,False,
https://www.goodrx.com/benefix,benefix single dose of 2000iu (8 kits),single dose of 250iu,1666317,nonacog alfa 1 UNT Injection [BeneFIX],42.0,0.0,0.0,100,False,
https://www.goodrx.com/benefix,benefix single dose of 2000iu (8 kits),single dose of 1000iu,899935,wheat dextrin 1000 MG Chewable Tablet [Benefiber],61.7,0.0,100.0,100,False,
https://www.goodrx.com/benefix,benefix single dose of 2000iu (8 kits),single dose of 2000iu,1666317,nonacog alfa 1 UNT Injection [BeneFIX],42.0,0.0,0.0,100,False,
https://www.goodrx.com/benefix,benefix single dose of 2000iu (8 kits),single dose of 3000iu,1088194,wheat dextrin 3000 MG Powder for Oral Solution [Benefiber],61.7,0.0,100.0,100,False,
https://www.goodrx.com/aralen,chloroquine phosphate 500mg (8 tablets),250mg,1117531,chloroquine phosphate 250 MG Oral Tablet,57.5,50.0,100.0,100,False,
https://www.goodrx.com/aralen,chloroquine phosphate 500mg (8 tablets),500mg,1116758,chloroquine phosphate 500 MG Oral Tablet,57.5,50.0,100.0,100,False,
https://www.goodrx.com/erythrocin,erythrocin 250mg (8 tablets),250mg,598006,erythromycin 250 MG Oral Tablet,75.0,100.0,100.0,100,False,
https://www.goodrx.com/capecitabine,capecitabine 500mg (84 tablets),500mg,200328,capecitabine 500 MG Oral Tablet,78.8,50.0,100.0,100,False,
https://www.goodrx.com/capecitabine,capecitabine 500mg (84 tablets),150mg,200327,capecitabine 150 MG Oral Tablet,78.8,50.0,100.0,100,False,
https://www.goodrx.com/analgesic-balm,analgesic balm 10%/15% (85 tubes),10%/15%,,,0.0,0.0,0.0,0,True,NO MATCH FOUND
https://www.goodrx.com/acebutolol,acebutolol 200mg (90 capsules),400mg,998685,acebutolol 400 MG Oral Capsule,78.8,50.0,100.0,100,False,
https://www.goodrx.com/alli,alli 60mg (90 capsules),60mg,723846,orlistat 60 MG Oral Capsule [Alli],68.2,0.0,100.0,100,False,
https://www.goodrx.com/entocort,budesonide 3mg (90 capsules),3mg,2597670,120 ACTUAT budesonide 0.16 MG/ACTUAT / formoterol fumarate 0.0045 MG/ACTUAT Metered Dose Inhaler [Breyna],44.0,50.0,0.0,100,True,2597673:120 ACTUAT budesonide 0.08 MG/ACTUAT / formoterol (44.0); 1596778:14 ACTUAT budesonide 2 MG/ACTUAT Rectal Foam [Ucer(44.0); 2387328:28 ACTUAT budesonide 0.16 MG/ACTUAT / formoterol f(43.4)
https://www.goodrx.com/evoxac,cevimeline 30mg (90 capsules),30mg,261361,cevimeline hydrochloride 30 MG Oral Capsule [Evoxac],66.9,50.0,100.0,100,False,
https://www.goodrx.com/cevimeline,cevimeline 30mg (90 capsules),30mg,309140,cevimeline hydrochloride 30 MG Oral Capsule,78.8,50.0,100.0,100,False,
https://www.goodrx.com/cholbam,cholbam 50mg (90 capsules),50mg,1608276,cholic acid 50 MG Oral Capsule [Cholbam],92.8,66.7,100.0,100,False,
https://www.goodrx.com/cholbam,cholbam 50mg (90 capsules),250mg,1608274,cholic acid 250 MG Oral Capsule [Cholbam],92.8,66.7,100.0,100,False,
https://www.goodrx.com/dantrolene,dantrolene 25mg (90 capsules),50mg,,,0.0,0.0,0.0,0,True,NO MATCH FOUND
https://www.goodrx.com/dantrium,dantrolene 25mg (90 capsules),50mg,856660,dantrolene sodium 50 MG Oral Capsule,57.5,50.0,100.0,100,False,
https://www.goodrx.com/dantrolene,dantrolene 25mg (90 capsules),100mg,,,0.0,0.0,0.0,0,True,NO MATCH FOUND
https://www.goodrx.com/dantrium,dantrolene 25mg (90 capsules),100mg,856652,dantrolene sodium 100 MG Oral Capsule,57.5,50.0,100.0,100,False,
https://www.goodrx.com/dantrium,dantrolene 25mg (90 capsules),25mg,856658,dantrolene sodium 25 MG Oral Capsule [Dantrium],75.0,50.0,100.0,100,False,
https://www.goodrx.com/dantrolene,dantrolene 25mg (90 capsules),25mg,,,0.0,0.0,0.0,0,True,NO MATCH FOUND
https://www.goodrx.com/diltiazem-er-dilacor-xr,dilt-xr 240mg (90 capsules),120mg,831215,24 HR diltiazem hydrochloride 120 MG Extended Release Oral Capsule [Dilt],62.5,25.0,100.0,100,False,
https://www.goodrx.com/diltiazem-er-dilacor-xr,dilt-xr 240mg (90 capsules),180mg,831252,24 HR diltiazem hydrochloride 180 MG Extended Release Oral Capsule [Dilt],62.5,25.0,100.0,100,False,
https://www.goodrx.com/diltiazem-er-dilacor-xr,dilt-xr 240mg (90 capsules),240mg,831285,24 HR diltiazem hydrochloride 240 MG Extended Release Oral Capsule [Dilt],62.5,25.0,100.0,100,False,
https://www.goodrx.com/northera,droxidopa 100mg (90 capsules),100mg,1490032,droxidopa 100 MG Oral Capsule [Northera],66.6,50.0,100.0,100,False,
https://www.goodrx.com/droxidopa,droxidopa 100mg (90 capsules),200mg,1490034,droxidopa 200 MG Oral Capsule,78.8,50.0,100.0,100,False,
https://www.goodrx.com/droxidopa,droxidopa 100mg (90 capsules),100mg,1490026,droxidopa 100 MG Oral Capsule,78.8,50.0,100.0,100,False,
https://www.goodrx.com/northera,droxidopa 100mg (90 capsules),300mg,1490040,droxidopa 300 MG Oral Capsule [Northera],66.6,50.0,100.0,100,True,213283:hydroxyurea 300 MG Oral Capsule [Droxia](63.0)
https://www.goodrx.com/droxidopa,droxidopa 100mg (90 capsules),300mg,1490038,droxidopa 300 MG Oral Capsule,78.8,50.0,100.0,100,False,
https://www.goodrx.com/northera,droxidopa 100mg (90 capsules),200mg,1490036,droxidopa 200 MG Oral Capsule [Northera],66.6,50.0,100.0,100,True,213282:hydroxyurea 200 MG Oral Capsule [Droxia](63.0)
https://www.goodrx.com/dutasteride-tamsulosin,dutasteride/tamsulosin 0.5mg/0.4mg (90 capsules),0.5mg/0.4mg,996097,dutasteride 0.5 MG / tamsulosin hydrochloride 0.4 MG Oral Capsule,78.8,50.0,100.0,100,False,
https://www.goodrx.com/esomeprazole-non-prescription,esomeprazole non-prescription 20mg (90 capsules),20mg,,,0.0,0.0,0.0,0,True,NO MATCH FOUND
https://www.goodrx.com/nexium-24hr,esomeprazole non-prescription 20mg (90 capsules),20mg,,,0.0,0.0,0.0,0,True,NO MATCH FOUND
https://www.goodrx.com/ezallor,ezallor 20mg (90 capsules),5mg,2167575,rosuvastatin 5 MG Oral Capsule [Ezallor],68.2,0.0,100.0,100,False,
https://www.goodrx.com/ezallor,ezallor 20mg (90 capsules),40mg,2167571,rosuvastatin 40 MG Oral Capsule [Ezallor],68.2,0.0,100.0,100,False,
https://www.goodrx.com/ezallor,ezallor 20mg (90 capsules),10mg,2167563,rosuvastatin 10 MG Oral Capsule [Ezallor],68.2,0.0,100.0,100,False,
https://www.goodrx.com/ezallor,ezallor 20mg (90 capsules),20mg,2167567,rosuvastatin 20 MG Oral Capsule [Ezallor],68.2,0.0,100.0,100,False,
https://www.goodrx.com/antara,fenofibrate 90mg (90 capsules),30mg,1442165,fenofibrate 30 MG Oral Capsule [Antara],75.8,66.7,100.0,100,False,
https://www.goodrx.com/antara,fenofibrate 90mg (90 capsules),90mg,1442170,fenofibrate 90 MG Oral Capsule [Antara],75.8,66.7,100.0,100,False,
https://www.goodrx.com/nicardipine,nicardipine 20mg (90 capsules),20mg,858613,nicardipine hydrochloride 20 MG Oral Capsule,78.8,50.0,100.0,100,False,
https://www.goodrx.com/adalat,nifedipine 10mg (90 capsules),20mg,198033,nifedipine 20 MG Oral Capsule,57.5,50.0,100.0,100,False,
https://www.goodrx.com/adalat,nifedipine 10mg (90 capsules),10mg,198032,nifedipine 10 MG Oral Capsule,57.5,50.0,100.0,100,False,
https://www.goodrx.com/nifedipine,nifedipine 10mg (90 capsules),10mg,,,0.0,0.0,0.0,0,True,NO MATCH FOUND
https://www.goodrx.com/nifedipine,nifedipine 10mg (90 capsules),20mg,,,0.0,0.0,0.0,0,True,NO MATCH FOUND
https://www.goodrx.com/nimodipine,nimodipine 30mg (90 capsules),30mg,207779,nimodipine 30 MG Oral Capsule [Nimotop],94.2,100.0,100.0,100,False,
https://www.goodrx.com/omeprazole-sodium-bicarbonate-otc,omeprazole/sodium bicarbonate otc 20mg/1100mg (90 capsules),20mg/1100mg,,,0.0,0.0,0.0,0,True,NO MATCH FOUND
https://www.goodrx.com/orlistat,orlistat 120mg (90 capsules),120mg,314153,orlistat 120 MG Oral Capsule,78.8,50.0,100.0,100,False,
https://www.goodrx.com/penicillamine,penicillamine 250mg (90 capsules),250mg,,,0.0,0.0,0.0,0,True,NO MATCH FOUND
https://www.goodrx.com/phenytoin,phenytoin 100mg (90 capsules),200mg,,,0.0,0.0,0.0,0,True,NO MATCH FOUND
https://www.goodrx.com/phenytoin,phenytoin 100mg (90 capsules),300mg,,,0.0,0.0,0.0,0,True,NO MATCH FOUND
https://www.goodrx.com/phenytoin,phenytoin 100mg (90 capsules),100mg,,,0.0,0.0,0.0,0,True,NO MATCH FOUND
https://www.goodrx.com/phenytek,phenytoin 200mg (90 capsules),300mg,1313884,phenytoin 25 MG/ML Oral Suspension [Dilantin],46.5,50.0,0.0,100,True,1313887:phenytoin 50 MG Chewable Tablet [Dilantin](46.5)
https://www.goodrx.com/phenytek,phenytoin 200mg (90 capsules),200mg,1313884,phenytoin 25 MG/ML Oral Suspension [Dilantin],46.5,50.0,0.0,100,True,1313887:phenytoin 50 MG Chewable Tablet [Dilantin](46.5)
https://www.goodrx.com/primacare,primacare 25mg/1000iu/15iu (90 capsules),25mg/1000iu/15iu,,,0.0,0.0,0.0,0,True,NO MATCH FOUND
https://www.goodrx.com/purevit-dualfe-plus,purevit dualfe plus 106mg/1mg (90 capsules),106mg/1mg,,,0.0,0.0,0.0,0,True,NO MATCH FOUND
https://www.goodrx.com/altace,ramipril 10mg (90 capsules),5mg,104385,ramipril 5 MG Oral Capsule [Altace],67.9,50.0,100.0,100,False,
https://www.goodrx.com/altace,ramipril 10mg (90 capsules),1.25mg,845489,ramipril 1.25 MG Oral Capsule [Altace],67.9,50.0,100.0,100,False,
https://www.goodrx.com/altace,ramipril 10mg (90 capsules),2.5mg,104384,ramipril 2.5 MG Oral Capsule [Altace],67.9,50.0,100.0,100,False,
https://www.goodrx.com/ramipril,ramipril 10mg (90 capsules),5mg,198189,ramipril 5 MG Oral Capsule,78.8,50.0,100.0,100,False,
https://www.goodrx.com/ramipril,ramipril 10mg (90 capsules),10mg,261962,ramipril 10 MG Oral Capsule,78.8,50.0,100.0,100,False,
https://www.goodrx.com/ramipril,ramipril 10mg (90 capsules),2.5mg,198188,ramipril 2.5 MG Oral Capsule,78.8,50.0,100.0,100,False,
https://www.goodrx.com/ramipril,ramipril 10mg (90 capsules),1.25mg,845488,ramipril 1.25 MG Oral Capsule,78.8,50.0,100.0,100,False,
https://www.goodrx.com/altace,ramipril 10mg (90 capsules),10mg,260333,ramipril 10 MG Oral Capsule [Altace],67.9,50.0,100.0,100,False,
https://www.goodrx.com/dyazide,triamterene/hctz 37.5mg/25mg (90 capsules),50mg/25mg,93252,hydrochlorothiazide 50 MG / triamterene 75 MG Oral Tablet [Maxzide],50.4,40.0,50.0,100,True,93253:hydrochlorothiazide 25 MG / triamterene 37.5 MG Or(50.4); 208124:hydrochlorothiazide 25 MG / triamterene 37.5 MG Or(50.4)
https://www.goodrx.com/dyazide,triamterene/hctz 37.5mg/25mg (90 capsules),37.5mg/25mg,93253,hydrochlorothiazide 25 MG / triamterene 37.5 MG Oral Tablet [Maxzide],63.5,40.0,100.0,100,True,208124:hydrochlorothiazide 25 MG / triamterene 37.5 MG Or(63.5)
https://www.goodrx.com/calcium-carbonate,calcium carbonate 500mg (90 chewable tablets),,998704,calcium carbonate 500 MG Chewable Tablet [Cal Gest],89.2,100.0,100.0,100,True,1087285:boron 1.5 MG / calcium carbonate 500 MG / cholecal(86.5); 404507:calcium carbonate 500 MG / simethicone 125 MG Chew(86.5)
https://www.goodrx.com/pnv-prenatal-plus-iron,pnv prenatal plus iron 120mg/400iu (90 chewable tablets),120mg/400iu,,,0.0,0.0,0.0,0,True,NO MATCH FOUND
https://www.goodrx.com/epiflur,sodium fluoride 0.5mg (90 chewable tablets),0.5mg,656809,sodium fluoride 0.5 MG/ML Mouthwash [ACT Fluoride Rinse],84.8,66.7,100.0,100,False,
https://www.goodrx.com/epiflur,sodium fluoride 0.5mg (90 chewable tablets),0.25mg,800648,"glucose 50 MG/ML / magnesium chloride 0.00361 MEQ/ML / monobasic potassium phosphate 0.15 MG/ML / potassium chloride 0.0189 MEQ/ML / sodium lactate 0.0232 MEQ/ML / sodium phosphate, monobasic 0.25 MG/ML Injectable Solution [Ionosol-MB]",74.9,66.7,100.0,100,True,800812:dibasic potassium phosphate 0.26 MG/ML / glucose 5(73.1); 1189640:alanine 5.4 MG/ML / arginine 12 MG/ML / aspartate (71.8)
https://www.goodrx.com/ob-complete-premier,ob complete premier 30 tablets of 1mg/800iu/100mg (90 packages),30 tablets of 1mg/800iu/100mg,688892,calcium carbonate 800 MG / famotidine 10 MG / magnesium hydroxide 165 MG Chewable Tablet [Pepcid Complete],43.0,0.0,33.3,100,False,
https://www.goodrx.com/abacavir-lamivudine,abacavir/lamivudine 600mg/300mg (90 tablets),600mg/300mg,1546888,abacavir 600 MG / dolutegravir 50 MG / lamivudine 300 MG Oral Tablet,84.0,60.0,100.0,100,True,602393:abacavir 600 MG / lamivudine 300 MG Oral Tablet(84.0)
https://www.goodrx.com/epzicom,abacavir/lamivudine 600mg/300mg (90 tablets),600mg/300mg,1546894,abacavir 600 MG / dolutegravir 50 MG / lamivudine 300 MG Oral Tablet [Triumeq],72.1,60.0,100.0,100,True,602395:abacavir 600 MG / lamivudine 300 MG Oral Tablet [E(68.1)
https://www.goodrx.com/precose,acarbose 25mg (90 tablets),100mg,209248,acarbose 100 MG Oral Tablet [Precose],74.4,50.0,100.0,100,False,
https://www.goodrx.com/precose,acarbose 25mg (90 tablets),25mg,213170,acarbose 25 MG Oral Tablet [Precose],74.4,50.0,100.0,100,False,
https://www.goodrx.com/precose,acarbose 25mg (90 tablets),50mg,209247,acarbose 50 MG Oral Tablet [Precose],74.4,50.0,100.0,100,False,
https://www.goodrx.com/altoprev,altoprev 20mg (90 tablets),20mg,,,0.0,0.0,0.0,0,True,NO MATCH FOUND
https://www.goodrx.com/altoprev,altoprev 20mg (90 tablets),60mg,,,0.0,0.0,0.0,0,True,NO MATCH FOUND
https://www.goodrx.com/altoprev,altoprev 20mg (90 tablets),40mg,,,0.0,0.0,0.0,0,True,NO MATCH FOUND
https://www.goodrx.com/amiloride,amiloride 5mg (90 tablets),5mg,977880,amiloride hydrochloride 5 MG Oral Tablet,78.8,50.0,100.0,100,True,977883:amiloride hydrochloride 5 MG / hydrochlorothiazide(78.8)
https://www.goodrx.com/amiloride-hctz,amiloride/hctz 5mg/50mg (90 tablets),5mg/50mg,,,0.0,0.0,0.0,0,True,NO MATCH FOUND
https://www.goodrx.com/aspirin-omeprazole-dr,aspirin/omeprazole dr 81mg/40mg (90 tablets),81mg/40mg,1811631,aspirin 81 MG / omeprazole 40 MG Delayed Release Oral Tablet,78.8,50.0,100.0,100,False,
https://www.goodrx.com/aspirin-omeprazole-dr,aspirin/omeprazole dr 81mg/40mg (90 tablets),325mg/40mg,1811632,aspirin 325 MG / omeprazole 40 MG Delayed Release Oral Tablet,78.8,50.0,100.0,100,False,
https://www.goodrx.com/atenolol,atenolol 25mg (90 tablets),100mg,197379,atenolol 100 MG Oral Tablet,78.8,50.0,100.0,100,True,197382:atenolol 100 MG / chlorthalidone 25 MG Oral Tablet(78.8)
https://www.goodrx.com/atenolol,atenolol 25mg (90 tablets),25mg,197380,atenolol 25 MG Oral Tablet,78.8,50.0,100.0,100,True,197382:atenolol 100 MG / chlorthalidone 25 MG Oral Tablet(78.8); 197383:atenolol 50 MG / chlorthalidone 25 MG Oral Tablet(78.8)
https://www.goodrx.com/atenolol,atenolol 25mg (90 tablets),50mg,197381,atenolol 50 MG Oral Tablet,78.8,50.0,100.0,100,True,197383:atenolol 50 MG / chlorthalidone 25 MG Oral Tablet(78.8)
https://www.goodrx.com/atenolol-chlorthalidone,atenolol/chlorthalidone 50mg/25mg (90 tablets),50mg/25mg,197383,atenolol 50 MG / chlorthalidone 25 MG Oral Tablet,78.8,50.0,100.0,100,False,
https://www.goodrx.com/atenolol-chlorthalidone,atenolol/chlorthalidone 50mg/25mg (90 tablets),100mg/25mg,197382,atenolol 100 MG / chlorthalidone 25 MG Oral Tablet,78.8,50.0,100.0,100,False,
https://www.goodrx.com/benazepril-hctz,benazepril/hctz 20mg/12.5mg (90 tablets),20mg/12.5mg,,,0.0,0.0,0.0,0,True,NO MATCH FOUND
https://www.goodrx.com/benazepril-hctz,benazepril/hctz 20mg/12.5mg (90 tablets),10mg/12.5mg,,,0.0,0.0,0.0,0,True,NO MATCH FOUND
https://www.goodrx.com/benazepril-hctz,benazepril/hctz 20mg/12.5mg (90 tablets),20mg/25mg,,,0.0,0.0,0.0,0,True,NO MATCH FOUND
https://www.goodrx.com/bentivite,bentivite 35mg/1mg (90 tablets),35mg/1mg,,,0.0,0.0,0.0,0,True,NO MATCH FOUND
https://www.goodrx.com/bethanechol,bethanechol 25mg (90 tablets),25mg,,,0.0,0.0,0.0,0,True,NO MATCH FOUND
https://www.goodrx.com/duvoid,bethanechol 25mg (90 tablets),10mg,857321,bethanechol chloride 10 MG Oral Tablet,57.5,50.0,100.0,100,False,
https://www.goodrx.com/duvoid,bethanechol 25mg (90 tablets),5mg,857336,bethanechol chloride 5 MG Oral Tablet,57.5,50.0,100.0,100,False,
https://www.goodrx.com/duvoid,bethanechol 25mg (90 tablets),25mg,857328,bethanechol chloride 25 MG Oral Tablet,57.5,50.0,100.0,100,False,
https://www.goodrx.com/bethanechol,bethanechol 25mg (90 tablets),5mg,,,0.0,0.0,0.0,0,True,NO MATCH FOUND
https://www.goodrx.com/bethanechol,bethanechol 25mg (90 tablets),10mg,,,0.0,0.0,0.0,0,True,NO MATCH FOUND
https://www.goodrx.com/bisoprolol-hctz,bisoprolol/hctz 5mg/6.25mg (90 tablets),5mg/6.25mg,,,0.0,0.0,0.0,0,True,NO MATCH FOUND
https://www.goodrx.com/calphron,calcium acetate 667mg (90 tablets),667mg,209010,calcium acetate 667 MG Oral Tablet [Calphron],61.1,33.3,100.0,100,False,
https://www.goodrx.com/phoslo,calcium acetate 667mg (90 tablets),667mg,645216,calcium acetate 667 MG Oral Capsule [Phoslo],56.8,33.3,100.0,100,False,
https://www.goodrx.com/eliphos,calcium acetate 667mg (90 tablets),667mg,,,0.0,0.0,0.0,0,True,NO MATCH FOUND
https://www.goodrx.com/candesartan-hctz,candesartan/hctz 16mg/12.5mg (90 tablets),32mg/12.5mg,,,0.0,0.0,0.0,0,True,NO MATCH FOUND
https://www.goodrx.com/atacand-hct,candesartan/hctz 16mg/12.5mg (90 tablets),32mg/12.5mg,805859,candesartan cilexetil 32 MG / hydrochlorothiazide 12.5 MG Oral Tablet [Atacand HCT],72.3,40.0,100.0,100,False,
https://www.goodrx.com/candesartan-hctz,candesartan/hctz 16mg/12.5mg (90 tablets),16mg/12.5mg,,,0.0,0.0,0.0,0,True,NO MATCH FOUND
https://www.goodrx.com/atacand-hct,candesartan/hctz 16mg/12.5mg (90 tablets),32mg/25mg,805855,candesartan cilexetil 32 MG / hydrochlorothiazide 25 MG Oral Tablet [Atacand HCT],72.3,40.0,100.0,100,False,
https://www.goodrx.com/atacand-hct,candesartan/hctz 16mg/12.5mg (90 tablets),16mg/12.5mg,805863,candesartan cilexetil 16 MG / hydrochlorothiazide 12.5 MG Oral Tablet [Atacand HCT],72.3,40.0,100.0,100,False,
https://www.goodrx.com/candesartan-hctz,candesartan/hctz 16mg/12.5mg (90 tablets),32mg/25mg,,,0.0,0.0,0.0,0,True,NO MATCH FOUND
https://www.goodrx.com/carbidopa-levodopa-er,carbidopa/levodopa er 50mg/200mg (90 tablets),50mg/200mg,2690281,carbidopa 52.5 MG / levodopa 210 MG Extended Release Oral Capsule [Crexont],74.0,66.7,100.0,100,True,1600915:8 HR carbidopa 48.75 MG / levodopa 195 MG Extended(72.3)
https://www.goodrx.com/carbidopa-levodopa-er,carbidopa/levodopa er 50mg/200mg (90 tablets),25mg/100mg,1600774,8 HR carbidopa 23.75 MG / levodopa 95 MG Extended Release Oral Capsule [Rytary],72.3,66.7,100.0,100,False,
https://www.goodrx.com/chlorpromazine,chlorpromazine 25mg (90 tablets),25mg,,,0.0,0.0,0.0,0,True,NO MATCH FOUND
https://www.goodrx.com/promapar,chlorpromazine 25mg (90 tablets),200mg,991188,chlorpromazine hydrochloride 200 MG Oral Tablet,57.5,50.0,100.0,100,False,
https://www.goodrx.com/promapar,chlorpromazine 25mg (90 tablets),10mg,1946735,5 ML chloroprocaine hydrochloride 10 MG/ML Injection [Clorotekal],73.5,50.0,100.0,100,True,992803:chloroprocaine hydrochloride 10 MG/ML Injectable S(71.8)
https://www.goodrx.com/chlorpromazine,chlorpromazine 25mg (90 tablets),100mg,,,0.0,0.0,0.0,0,True,NO MATCH FOUND
https://www.goodrx.com/promapar,chlorpromazine 25mg (90 tablets),25mg,1730076,1 ML chlorpromazine hydrochloride 25 MG/ML Injection,57.5,50.0,100.0,100,True,991194:chlorpromazine hydrochloride 25 MG Oral Tablet(57.5); 825425:eltrombopag 25 MG Oral Tablet [Promacta](53.9); 1859501:eltrombopag 25 MG Powder for Oral Suspension [Prom(53.9)
https://www.goodrx.com/parafon-forte-dsc,chlorzoxazone 500mg (90 tablets),500mg,197502,chlorzoxazone 500 MG Oral Tablet,57.5,50.0,100.0,100,True,1189098:chlorzoxazone 375 MG Oral Tablet [Lorzone](52.5); 1189100:chlorzoxazone 750 MG Oral Tablet [Lorzone](52.5)
https://www.goodrx.com/clozapine,clozapine 100mg (90 tablets),25mg,104775,clozapine 25 MG Oral Tablet [Clozaril],66.7,33.3,100.0,100,False,
https://www.goodrx.com/clozaril,clozapine 100mg (90 tablets),100mg,104776,clozapine 100 MG Oral Tablet [Clozaril],78.9,50.0,100.0,100,False,
https://www.goodrx.com/clozaril,clozapine 100mg (90 tablets),25mg,104775,clozapine 25 MG Oral Tablet [Clozaril],78.9,50.0,100.0,100,False,
https://www.goodrx.com/clozapine,clozapine 100mg (90 tablets),200mg,2269079,clozapine 200 MG Oral Tablet [Clozaril],66.7,33.3,100.0,100,False,
https://www.goodrx.com/desipramine,desipramine 25mg (90 tablets),10mg,1099288,desipramine hydrochloride 10 MG Oral Tablet,78.8,50.0,100.0,100,False,
https://www.goodrx.com/desipramine,desipramine 25mg (90 tablets),75mg,1099316,desipramine hydrochloride 75 MG Oral Tablet,78.8,50.0,100.0,100,False,
https://www.goodrx.com/desipramine,desipramine 25mg (90 tablets),25mg,1099300,desipramine hydrochloride 25 MG Oral Tablet,78.8,50.0,100.0,100,False,
https://www.goodrx.com/norpramin,desipramine 25mg (90 tablets),150mg,1099298,desipramine hydrochloride 150 MG Oral Tablet [Norpramin],66.7,33.3,100.0,100,False,
https://www.goodrx.com/desipramine,desipramine 25mg (90 tablets),100mg,1099292,desipramine hydrochloride 100 MG Oral Tablet,78.8,50.0,100.0,100,False,
https://www.goodrx.com/desipramine,desipramine 25mg (90 tablets),50mg,1099304,desipramine hydrochloride 50 MG Oral Tablet,78.8,50.0,100.0,100,False,
https://www.goodrx.com/desipramine,desipramine 25mg (90 tablets),150mg,1099296,desipramine hydrochloride 150 MG Oral Tablet,78.8,50.0,100.0,100,False,
https://www.goodrx.com/dialyvite,dialyvite 1mg (90 tablets),1mg,826653,ascorbic acid 60 MG / biotin 0.3 MG / folic acid 0.8 MG / mecobalamin 0.006 MG / niacinamide 20 MG / pantothenate 10 MG / pyridoxine 10 MG / riboflavin 1.7 MG / thiamine 1.5 MG / zinc citrate 15 MG Oral Tablet [Dialyvite 800 with Zinc],42.0,0.0,0.0,100,True,1114342:ascorbic acid 60 MG / biotin 0.3 MG / folic acid 0(42.0); 1303916:cholecalciferol 1.25 MG Oral Tablet [Dialyvite Vit(42.0); 826860:ascorbic acid 60 MG / biotin 0.3 MG / folic acid 0(42.0)
https://www.goodrx.com/dialyvite-3000,dialyvite 3000 3mg (90 tablets),3mg,,,0.0,0.0,0.0,0,True,NO MATCH FOUND
https://www.goodrx.com/dialyvite-with-zinc,dialyvite with zinc 1mg/50mg (90 tablets),1mg/50mg,1114342,ascorbic acid 60 MG / biotin 0.3 MG / folic acid 0.8 MG / mecobalamin 0.006 MG / niacinamide 20 MG / pantothenate 10 MG / pyridoxine 10 MG / riboflavin 1.7 MG / thiamine 1.5 MG / zinc citrate 50 MG Oral Tablet [Dialyvite 800 with Zinc],91.9,100.0,50.0,100,False,
https://www.goodrx.com/cardizem,diltiazem 30mg (90 tablets),60mg,834393,diltiazem hydrochloride 60 MG Oral Tablet [Cardizem],75.8,50.0,100.0,100,False,
https://www.goodrx.com/cardizem,diltiazem 30mg (90 tablets),90mg,831102,diltiazem hydrochloride 90 MG Oral Tablet,57.5,50.0,100.0,100,True,1791240:diltiazem hydrochloride 100 MG Injection(57.5)
https://www.goodrx.com/dipyridamole,dipyridamole 50mg (90 tablets),25mg,309952,dipyridamole 25 MG Oral Tablet,78.8,50.0,100.0,100,False,
https://www.goodrx.com/dipyridamole,dipyridamole 50mg (90 tablets),75mg,309955,dipyridamole 75 MG Oral Tablet,78.8,50.0,100.0,100,False,
https://www.goodrx.com/dipyridamole,dipyridamole 50mg (90 tablets),50mg,197622,dipyridamole 50 MG Oral Tablet,78.8,50.0,100.0,100,False,
https://www.goodrx.com/doxazosin,doxazosin 4mg (90 tablets),8mg,197628,doxazosin 8 MG Oral Tablet,78.8,50.0,100.0,100,False,
https://www.goodrx.com/cardura,doxazosin 4mg (90 tablets),2mg,104368,doxazosin 2 MG Oral Tablet [Cardura],66.9,50.0,100.0,100,False,
https://www.goodrx.com/doxazosin,doxazosin 4mg (90 tablets),4mg,197627,doxazosin 4 MG Oral Tablet,78.8,50.0,100.0,100,False,
https://www.goodrx.com/cardura,doxazosin 4mg (90 tablets),8mg,205544,doxazosin 8 MG Oral Tablet [Cardura],66.9,50.0,100.0,100,False,
https://www.goodrx.com/doxazosin,doxazosin 4mg (90 tablets),1mg,197625,doxazosin 1 MG Oral Tablet,78.8,50.0,100.0,100,False,
https://www.goodrx.com/cardura,doxazosin 4mg (90 tablets),4mg,104369,doxazosin 4 MG Oral Tablet [Cardura],66.9,50.0,100.0,100,False,
https://www.goodrx.com/cardura,doxazosin 4mg (90 tablets),1mg,104367,doxazosin 1 MG Oral Tablet [Cardura],66.9,50.0,100.0,100,False,
https://www.goodrx.com/doxazosin,doxazosin 4mg (90 tablets),2mg,197626,doxazosin 2 MG Oral Tablet,78.8,50.0,100.0,100,False,
https://www.goodrx.com/efavirenz-lamivudine-tenofovir,efavirenz/lamivudine/tenofovir 600mg/300mg/300mg (90 tablets),400mg/300mg/300mg,2001424,efavirenz 400 MG / lamivudine 300 MG / tenofovir disoproxil fumarate 300 MG Oral Tablet,84.0,60.0,100.0,100,False,
https://www.goodrx.com/efavirenz-lamivudine-tenofovir,efavirenz/lamivudine/tenofovir 600mg/300mg/300mg (90 tablets),600mg/300mg/300mg,864661,efavirenz 600 MG / lamivudine 300 MG / tenofovir disoproxil fumarate 300 MG Oral Tablet,84.0,60.0,100.0,100,False,
https://www.goodrx.com/enalapril-hctz,enalapril/hctz 5mg/12.5mg (90 tablets),5mg/12.5mg,,,0.0,0.0,0.0,0,True,NO MATCH FOUND
https://www.goodrx.com/enalapril-hctz,enalapril/hctz 5mg/12.5mg (90 tablets),10mg/25mg,,,0.0,0.0,0.0,0,True,NO MATCH FOUND
https://www.goodrx.com/comtan,entacapone 200mg (90 tablets),200mg,261318,entacapone 200 MG Oral Tablet [Comtan],70.2,50.0,100.0,100,True,404551:carbidopa 12.5 MG / entacapone 200 MG / levodopa 5(69.6); 404552:carbidopa 25 MG / entacapone 200 MG / levodopa 100(69.6); 404553:carbidopa 37.5 MG / entacapone 200 MG / levodopa 1(69.6)
https://www.goodrx.com/entacapone,entacapone 200mg (90 tablets),200mg,403850,carbidopa 12.5 MG / entacapone 200 MG / levodopa 50 MG Oral Tablet,78.8,50.0,100.0,100,True,403851:carbidopa 25 MG / entacapone 200 MG / levodopa 100(78.8); 403852:carbidopa 37.5 MG / entacapone 200 MG / levodopa 1(78.8); 317094:entacapone 200 MG Oral Tablet(78.8)
https://www.goodrx.com/ery-tab,ery-tab 250mg (90 tablets),333mg,798133,erythromycin 20 MG/ML Medicated Pad [Ery],42.0,0.0,0.0,100,False,
https://www.goodrx.com/ery-tab,ery-tab 250mg (90 tablets),250mg,798133,erythromycin 20 MG/ML Medicated Pad [Ery],42.0,0.0,0.0,100,False,
https://www.goodrx.com/erythromycin-dr,erythromycin dr 250mg (90 tablets),250mg,310154,erythromycin 250 MG Delayed Release Oral Capsule,78.8,50.0,100.0,100,True,310155:erythromycin 250 MG Delayed Release Oral Tablet(78.8)
https://www.goodrx.com/erythromycin-dr,erythromycin dr 250mg (90 tablets),333mg,315090,erythromycin 333 MG Delayed Release Oral Tablet,78.8,50.0,100.0,100,False,
https://www.goodrx.com/estrace,estradiol 1mg (90 tablets),1mg,206101,estradiol 1 MG Oral Tablet [Estrace],76.8,50.0,100.0,100,False,
https://www.goodrx.com/estrace,estradiol 1mg (90 tablets),0.5mg,205909,estradiol 0.5 MG Oral Tablet [Estrace],76.8,50.0,100.0,100,False,
https://www.goodrx.com/ezetimibe,ezetimibe 10mg (90 tablets),40mg,1422096,atorvastatin 40 MG / ezetimibe 10 MG Oral Tablet,78.8,50.0,100.0,100,True,476350:ezetimibe 10 MG / simvastatin 40 MG Oral Tablet(78.8); 2535749:ezetimibe 10 MG / rosuvastatin 40 MG Oral Tablet(78.8)
https://www.goodrx.com/fabb,fabb 2.2mg/1mg/25mg (90 tablets),2.2mg/1mg/25mg,,,0.0,0.0,0.0,0,True,NO MATCH FOUND
https://www.goodrx.com/plendil,felodipine er 10mg (90 tablets),2.5mg,402698,24 HR felodipine 2.5 MG Extended Release Oral Tablet,57.5,50.0,100.0,100,False,
https://www.goodrx.com/plendil,felodipine er 10mg (90 tablets),10mg,402695,24 HR felodipine 10 MG Extended Release Oral Tablet,57.5,50.0,100.0,100,False,
https://www.goodrx.com/plendil,felodipine er 10mg (90 tablets),5mg,402696,24 HR felodipine 5 MG Extended Release Oral Tablet,57.5,50.0,100.0,100,False,
https://www.goodrx.com/proscar,finasteride 5mg (90 tablets),5mg,2587747,finasteride 5 MG / tadalafil 5 MG Oral Capsule [Entadfi],69.1,50.0,100.0,100,True,201961:finasteride 5 MG Oral Tablet [Proscar](66.2)
https://www.goodrx.com/neurontin,gabapentin 600mg (90 tablets),800mg,261281,gabapentin 800 MG Oral Tablet [Neurontin],74.2,50.0,100.0,100,True,2634753:Once-Daily gabapentin 750 MG Oral Tablet [Gralise](69.6)
https://www.goodrx.com/neurontin,gabapentin 600mg (90 tablets),600mg,261280,gabapentin 600 MG Oral Tablet [Neurontin],74.2,50.0,100.0,100,True,1115013:Once-Daily gabapentin 600 MG Oral Tablet [Gralise](69.6)
https://www.goodrx.com/apresoline,hydralazine 25mg (90 tablets),25mg,905225,hydralazine hydrochloride 25 MG Oral Tablet,57.5,50.0,100.0,100,False,
https://www.goodrx.com/apresoline,hydralazine 25mg (90 tablets),100mg,905222,hydralazine hydrochloride 100 MG Oral Tablet,57.5,50.0,100.0,100,False,
https://www.goodrx.com/dralzine,hydralazine 25mg (90 tablets),25mg,905225,hydralazine hydrochloride 25 MG Oral Tablet,75.0,100.0,100.0,100,False,
https://www.goodrx.com/apresoline,hydralazine 25mg (90 tablets),10mg,905199,hydralazine hydrochloride 10 MG Oral Tablet,57.5,50.0,100.0,100,False,
https://www.goodrx.com/apresoline,hydralazine 25mg (90 tablets),50mg,905395,hydralazine hydrochloride 50 MG Oral Tablet,57.5,50.0,100.0,100,False,
https://www.goodrx.com/dralzine,hydralazine 25mg (90 tablets),10mg,905199,hydralazine hydrochloride 10 MG Oral Tablet,75.0,100.0,100.0,100,False,
https://www.goodrx.com/dralzine,hydralazine 25mg (90 tablets),100mg,905222,hydralazine hydrochloride 100 MG Oral Tablet,75.0,100.0,100.0,100,False,
https://www.goodrx.com/norco,hydrocodone/acetaminophen 5mg/325mg (90 tablets),10mg/325mg,857001,acetaminophen 325 MG / hydrocodone bitartrate 10 MG Oral Tablet [Norco],69.1,50.0,100.0,100,False,
https://www.goodrx.com/norco,hydrocodone/acetaminophen 5mg/325mg (90 tablets),10mg/300mg,857001,acetaminophen 325 MG / hydrocodone bitartrate 10 MG Oral Tablet [Norco],69.1,50.0,100.0,100,False,
https://www.goodrx.com/norco,hydrocodone/acetaminophen 5mg/325mg (90 tablets),2.5mg/325mg,1542981,acetaminophen 325 MG / hydrocodone bitartrate 2.5 MG Oral Tablet [Verdrocet],69.6,50.0,100.0,100,False,
https://www.goodrx.com/norco,hydrocodone/acetaminophen 5mg/325mg (90 tablets),5mg/300mg,857004,acetaminophen 325 MG / hydrocodone bitartrate 5 MG Oral Tablet [Norco],69.1,50.0,100.0,100,False,
https://www.goodrx.com/norco,hydrocodone/acetaminophen 5mg/325mg (90 tablets),7.5mg/300mg,857007,acetaminophen 325 MG / hydrocodone bitartrate 7.5 MG Oral Tablet [Norco],69.1,50.0,100.0,100,True,2118734:acetaminophen 325 MG / benzhydrocodone 8.16 MG Ora(65.5)
https://www.goodrx.com/norco,hydrocodone/acetaminophen 5mg/325mg (90 tablets),5mg/325mg,857004,acetaminophen 325 MG / hydrocodone bitartrate 5 MG Oral Tablet [Norco],69.1,50.0,100.0,100,False,
https://www.goodrx.com/norco,hydrocodone/acetaminophen 5mg/325mg (90 tablets),7.5mg/325mg,857007,acetaminophen 325 MG / hydrocodone bitartrate 7.5 MG Oral Tablet [Norco],69.1,50.0,100.0,100,True,2118734:acetaminophen 325 MG / benzhydrocodone 8.16 MG Ora(65.5)
https://www.goodrx.com/cortef,hydrocortisone 10mg (90 tablets),5mg,208680,hydrocortisone 5 MG Oral Tablet [Cortef],73.5,50.0,100.0,100,True,211591:hydrocortisone 5 MG/ML Topical Cream [Cortaid](72.9)
https://www.goodrx.com/cortef,hydrocortisone 10mg (90 tablets),10mg,206352,hydrocortisone 10 MG/ML Topical Cream [Cortizone],78.6,50.0,100.0,100,True,1039279:hydrocortisone 10 MG/ML Topical Lotion [Cortizone](78.6); 1039281:hydrocortisone 10 MG/ML Topical Solution [Cortizon(78.6); 212567:hydrocortisone 10 MG/ML Topical Spray [Cortizone](78.6)
https://www.goodrx.com/duexis,ibuprofen/famotidine 800mg/26.6mg (90 tablets),800mg/26.6mg,1100070,famotidine 26.6 MG / ibuprofen 800 MG Oral Tablet [Duexis],70.1,60.0,100.0,100,False,
https://www.goodrx.com/bidil,isosorbide dinitrate/hydralazine 20mg/37.5mg (90 tablets),20mg/37.5mg,905379,hydralazine hydrochloride 37.5 MG / isosorbide dinitrate 20 MG Oral Tablet [Bidil],75.7,80.0,100.0,100,False,
https://www.goodrx.com/conjupri,levamlodipine 2.5mg (90 tablets),5mg,2377373,levamlodipine 5 MG Oral Tablet [Conjupri],74.0,66.7,100.0,100,False,
https://www.goodrx.com/conjupri,levamlodipine 2.5mg (90 tablets),2.5mg,2377369,levamlodipine 2.5 MG Oral Tablet [Conjupri],74.0,66.7,100.0,100,False,
https://www.goodrx.com/cytomel,liothyronine 5mcg (90 tablets),25mcg,903309,levothyroxine sodium 0.1 MG / liothyronine sodium 0.025 MG Oral Tablet [Thyrolar],73.5,50.0,100.0,100,True,903316:levothyroxine sodium 0.025 MG / liothyronine sodiu(73.5); 2723581:liothyronine sodium 0.025 MG Oral Tablet [Liomny](72.0)
https://www.goodrx.com/cytomel,liothyronine 5mcg (90 tablets),50mcg,903442,levothyroxine sodium 0.05 MG / liothyronine sodium 0.0125 MG Oral Tablet [Thyrolar],73.5,50.0,100.0,100,True,2723583:liothyronine sodium 0.05 MG Oral Tablet [Liomny](72.0)
https://www.goodrx.com/cytomel,liothyronine 5mcg (90 tablets),5mcg,2723585,liothyronine sodium 0.005 MG Oral Tablet [Liomny],72.0,50.0,100.0,100,False,
https://www.goodrx.com/prinzide,lisinopril/hctz 20mg/12.5mg (90 tablets),10mg/12.5mg,,,0.0,0.0,0.0,0,True,NO MATCH FOUND
https://www.goodrx.com/prinzide,lisinopril/hctz 20mg/12.5mg (90 tablets),20mg/12.5mg,,,0.0,0.0,0.0,0,True,NO MATCH FOUND
https://www.goodrx.com/equanil,meprobamate 400mg (90 tablets),200mg,197928,meprobamate 200 MG Oral Tablet,57.5,50.0,100.0,100,False,
https://www.goodrx.com/equanil,meprobamate 400mg (90 tablets),400mg,197929,meprobamate 400 MG Oral Tablet,57.5,50.0,100.0,100,False,
https://www.goodrx.com/purinethol,mercaptopurine 50mg (90 tablets),50mg,197931,mercaptopurine 50 MG Oral Tablet,57.5,50.0,100.0,100,False,
https://www.goodrx.com/asacol-hd,mesalamine dr 800mg (90 tablets),800mg,849383,mesalamine 800 MG Delayed Release Oral Tablet [Asacol],68.7,50.0,100.0,100,False,
https://www.goodrx.com/proamatine,midodrine 5mg (90 tablets),10mg,993462,midodrine hydrochloride 10 MG Oral Tablet,57.5,50.0,100.0,100,False,
https://www.goodrx.com/proamatine,midodrine 5mg (90 tablets),2.5mg,993466,midodrine hydrochloride 2.5 MG Oral Tablet,57.5,50.0,100.0,100,False,
https://www.goodrx.com/proamatine,midodrine 5mg (90 tablets),5mg,993470,midodrine hydrochloride 5 MG Oral Tablet,57.5,50.0,100.0,100,False,
https://www.goodrx.com/nevirapine-er,nevirapine er 400mg (90 tablets),400mg,1095712,24 HR nevirapine 400 MG Extended Release Oral Tablet,78.8,50.0,100.0,100,False,
https://www.goodrx.com/nevirapine-er,nevirapine er 400mg (90 tablets),100mg,1373745,24 HR nevirapine 100 MG Extended Release Oral Tablet,78.8,50.0,100.0,100,False,
https://www.goodrx.com/niacin,niacin 500mg (90 tablets),500mg,311944,niacin 500 MG Oral Tablet [Niacor],96.2,100.0,100.0,100,False,
https://www.goodrx.com/niaspan,niacin er 500mg (90 tablets),500mg,260852,niacin 500 MG Extended Release Oral Tablet [Slo-Niacin],77.0,50.0,100.0,100,False,
https://www.goodrx.com/niaspan,niacin er 500mg (90 tablets),1000mg,1098135,24 HR niacin 1000 MG Extended Release Oral Tablet [Niaspan],73.5,50.0,100.0,100,False,
https://www.goodrx.com/nicazel-forte,nicazel forte 700mg/12mg/8mg/2mg/500mcg (90 tablets),700mg/12mg/8mg/2mg/500mcg,1145114,azelaic acid 5 MG / cupric oxide 1.5 MG / folic acid 0.5 MG / niacinamide 600 MG / pyridoxine 5 MG / zinc oxide 10 MG Oral Tablet [NicAzel],44.9,0.0,11.1,100,False,
https://www.goodrx.com/niva-thyroid,niva thyroid 60mg (90 tablets),15mg,2642818,thyroid (USP) 15 MG Oral Tablet [Niva Thyroid],86.6,50.0,100.0,100,True,1437837:thyroid (USP) 16.25 MG Oral Tablet [WP Thyroid](82.0)
https://www.goodrx.com/nucynta,nucynta 50mg (90 tablets),50mg,854142,tapentadol 50 MG Oral Tablet [Nucynta],68.2,0.0,100.0,100,False,
https://www.goodrx.com/odefsey,odefsey 200mg/25mg/25mg (90 tablets),200mg/25mg/25mg,1741739,emtricitabine 200 MG / rilpivirine 25 MG / tenofovir alafenamide 25 MG Oral Tablet [Odefsey],68.2,0.0,100.0,100,False,
https://www.goodrx.com/oxbryta,oxbryta 500mg (90 tablets),500mg,,,0.0,0.0,0.0,0,True,NO MATCH FOUND
https://www.goodrx.com/oxybutynin,oxybutynin 5mg (90 tablets),5mg,863664,oxybutynin chloride 5 MG Oral Tablet,78.8,50.0,100.0,100,False,
https://www.goodrx.com/oxybutynin,oxybutynin 5mg (90 tablets),2.5mg,863758,oxybutynin chloride 2.5 MG Oral Tablet,78.8,50.0,100.0,100,False,
https://www.goodrx.com/oxycodone,oxycodone 5mg (90 tablets),15mg,1049611,oxycodone hydrochloride 15 MG Oral Tablet,100.0,100.0,100.0,100,False,
https://www.goodrx.com/oxycodone,oxycodone 5mg (90 tablets),30mg,1049618,oxycodone hydrochloride 30 MG Oral Tablet,100.0,100.0,100.0,100,False,
https://www.goodrx.com/oxycodone,oxycodone 5mg (90 tablets),10mg,1049216,acetaminophen 325 MG / oxycodone hydrochloride 10 MG Oral Tablet [Endocet],100.0,100.0,100.0,100,True,1049251:acetaminophen 400 MG / oxycodone hydrochloride 10 (100); 1014599:acetaminophen 300 MG / oxycodone hydrochloride 10 (100); 1049683:oxycodone hydrochloride 10 MG Oral Tablet(100)
https://www.goodrx.com/oxycodone,oxycodone 5mg (90 tablets),5mg,848768,aspirin 325 MG / oxycodone hydrochloride 4.84 MG Oral Tablet,100.0,100.0,100.0,100,True,1049221:acetaminophen 325 MG / oxycodone hydrochloride 5 M(100); 1049621:oxycodone hydrochloride 5 MG Oral Tablet(100)
https://www.goodrx.com/endocet,oxycodone/acetaminophen 5mg/325mg (90 tablets),7.5mg/325mg,1049227,acetaminophen 325 MG / oxycodone hydrochloride 7.5 MG Oral Tablet [Endocet],72.8,60.0,100.0,100,True,2279514:acetaminophen 300 MG / oxycodone hydrochloride 7.5(69.3)
https://www.goodrx.com/oxycodone-acetaminophen,oxycodone/acetaminophen 5mg/325mg (90 tablets),7.5mg/300mg,,,0.0,0.0,0.0,0,True,NO MATCH FOUND
https://www.goodrx.com/endocet,oxycodone/acetaminophen 5mg/325mg (90 tablets),5mg/325mg,1049223,acetaminophen 325 MG / oxycodone hydrochloride 5 MG Oral Tablet [Endocet],72.8,60.0,100.0,100,True,2279512:acetaminophen 300 MG / oxycodone hydrochloride 5 M(69.3)
https://www.goodrx.com/endocet,oxycodone/acetaminophen 5mg/325mg (90 tablets),7.5mg/300mg,1049227,acetaminophen 325 MG / oxycodone hydrochloride 7.5 MG Oral Tablet [Endocet],72.8,60.0,100.0,100,True,2279514:acetaminophen 300 MG / oxycodone hydrochloride 7.5(69.3)
https://www.goodrx.com/oxycodone-acetaminophen,oxycodone/acetaminophen 5mg/325mg (90 tablets),10mg/325mg,,,0.0,0.0,0.0,0,True,NO MATCH FOUND
https://www.goodrx.com/oxycodone-acetaminophen,oxycodone/acetaminophen 5mg/325mg (90 tablets),7.5mg/325mg,,,0.0,0.0,0.0,0,True,NO MATCH FOUND
https://www.goodrx.com/oxycodone-acetaminophen,oxycodone/acetaminophen 5mg/325mg (90 tablets),2.5mg/325mg,,,0.0,0.0,0.0,0,True,NO MATCH FOUND
https://www.goodrx.com/endocet,oxycodone/acetaminophen 5mg/325mg (90 tablets),10mg/325mg,1049216,acetaminophen 325 MG / oxycodone hydrochloride 10 MG Oral Tablet [Endocet],72.8,60.0,100.0,100,True,2279510:acetaminophen 300 MG / oxycodone hydrochloride 10 (69.3)
https://www.goodrx.com/percocet,oxycodone/acetaminophen 5mg/325mg (90 tablets),5mg/325mg,1049223,acetaminophen 325 MG / oxycodone hydrochloride 5 MG Oral Tablet [Endocet],72.8,60.0,100.0,100,True,2279512:acetaminophen 300 MG / oxycodone hydrochloride 5 M(69.3)
https://www.goodrx.com/endocet,oxycodone/acetaminophen 5mg/325mg (90 tablets),2.5mg/300mg,1487288,acetaminophen 325 MG / oxycodone hydrochloride 2.5 MG Oral Tablet [Endocet],72.8,60.0,100.0,100,True,2045500:acetaminophen 300 MG / oxycodone hydrochloride 2.5(71.1)
https://www.goodrx.com/endocet,oxycodone/acetaminophen 5mg/325mg (90 tablets),2.5mg/325mg,1487288,acetaminophen 325 MG / oxycodone hydrochloride 2.5 MG Oral Tablet [Endocet],72.8,60.0,100.0,100,True,2045500:acetaminophen 300 MG / oxycodone hydrochloride 2.5(71.1)
https://www.goodrx.com/paxil,paroxetine 20mg (90 tablets),30mg,207350,paroxetine hydrochloride 30 MG Oral Tablet [Paxil],74.4,50.0,100.0,100,False,
https://www.goodrx.com/paroxetine,paroxetine 20mg (90 tablets),20mg,,,0.0,0.0,0.0,0,True,NO MATCH FOUND
https://www.goodrx.com/paroxetine,paroxetine 20mg (90 tablets),40mg,,,0.0,0.0,0.0,0,True,NO MATCH FOUND
https://www.goodrx.com/paxil,paroxetine 20mg (90 tablets),20mg,207349,paroxetine hydrochloride 20 MG Oral Tablet [Paxil],74.4,50.0,100.0,100,False,
https://www.goodrx.com/paroxetine,paroxetine 20mg (90 tablets),30mg,,,0.0,0.0,0.0,0,True,NO MATCH FOUND
https://www.goodrx.com/paxil,paroxetine 20mg (90 tablets),40mg,211700,paroxetine hydrochloride 40 MG Oral Tablet [Paxil],74.4,50.0,100.0,100,False,
https://www.goodrx.com/perindopril,perindopril 4mg (90 tablets),4mg,854988,perindopril erbumine 4 MG Oral Tablet,78.8,50.0,100.0,100,False,
https://www.goodrx.com/aceon,perindopril 4mg (90 tablets),4mg,854990,perindopril erbumine 4 MG Oral Tablet [Aceon],66.9,50.0,100.0,100,False,
https://www.goodrx.com/aceon,perindopril 4mg (90 tablets),2mg,854986,perindopril erbumine 2 MG Oral Tablet [Aceon],66.9,50.0,100.0,100,False,
https://www.goodrx.com/aceon,perindopril 4mg (90 tablets),8mg,854927,perindopril erbumine 8 MG Oral Tablet [Aceon],66.9,50.0,100.0,100,False,
https://www.goodrx.com/perindopril,perindopril 4mg (90 tablets),2mg,854984,perindopril erbumine 2 MG Oral Tablet,78.8,50.0,100.0,100,False,
https://www.goodrx.com/perphenazine,perphenazine 4mg (90 tablets),8mg,198078,perphenazine 8 MG Oral Tablet,78.8,50.0,100.0,100,False,
https://www.goodrx.com/perphenazine,perphenazine 4mg (90 tablets),2mg,856706,amitriptyline hydrochloride 10 MG / perphenazine 2 MG Oral Tablet,78.8,50.0,100.0,100,True,198076:perphenazine 2 MG Oral Tablet(78.8); 856797:amitriptyline hydrochloride 25 MG / perphenazine 2(78.8)
https://www.goodrx.com/perphenazine,perphenazine 4mg (90 tablets),4mg,856840,amitriptyline hydrochloride 50 MG / perphenazine 4 MG Oral Tablet,78.8,50.0,100.0,100,True,856720:amitriptyline hydrochloride 10 MG / perphenazine 4(78.8); 198077:perphenazine 4 MG Oral Tablet(78.8); 856825:amitriptyline hydrochloride 25 MG / perphenazine 4(78.8)
https://www.goodrx.com/perphenazine,perphenazine 4mg (90 tablets),16mg,198075,perphenazine 16 MG Oral Tablet,78.8,50.0,100.0,100,False,
https://www.goodrx.com/bontril-pdm,phendimetrazine 35mg (90 tablets),35mg,979549,phendimetrazine tartrate 35 MG Oral Tablet,57.5,50.0,100.0,100,False,
https://www.goodrx.com/phendimetrazine,phendimetrazine 35mg (90 tablets),35mg,979549,phendimetrazine tartrate 35 MG Oral Tablet,78.8,50.0,100.0,100,False,
https://www.goodrx.com/phenelzine,phenelzine 15mg (90 tablets),15mg,312347,phenelzine 15 MG Oral Tablet,78.8,50.0,100.0,100,False,
https://www.goodrx.com/pilocarpine,pilocarpine 5mg (90 tablets),7.5mg,,,0.0,0.0,0.0,0,True,NO MATCH FOUND
https://www.goodrx.com/pilocarpine,pilocarpine 5mg (90 tablets),5mg,,,0.0,0.0,0.0,0,True,NO MATCH FOUND
https://www.goodrx.com/esbriet,pirfenidone 801mg (90 tablets),267mg,1868016,pirfenidone 267 MG Oral Tablet [Esbriet],69.1,50.0,100.0,100,True,1592285:pirfenidone 267 MG Oral Capsule [Esbriet](69.1)
https://www.goodrx.com/pirfenidone,pirfenidone 801mg (90 tablets),801mg,1868018,pirfenidone 801 MG Oral Tablet,78.8,50.0,100.0,100,False,
https://www.goodrx.com/esbriet,pirfenidone 801mg (90 tablets),801mg,1868020,pirfenidone 801 MG Oral Tablet [Esbriet],69.1,50.0,100.0,100,False,
https://www.goodrx.com/posaconazole,posaconazole 100mg (90 tablets),100mg,1492043,16.7 ML posaconazole 18 MG/ML Injection,42.0,50.0,0.0,100,True,2558603:posaconazole 300 MG Powder for Oral Suspension(42.0); 665019:posaconazole 40 MG/ML Oral Suspension(42.0)
https://www.goodrx.com/noxafil,posaconazole 100mg (90 tablets),100mg,2558607,posaconazole 300 MG Powder for Oral Suspension [Noxafil],42.4,50.0,0.0,100,True,1492047:16.7 ML posaconazole 18 MG/ML Injection [Noxafil](42.4); 665022:posaconazole 40 MG/ML Oral Suspension [Noxafil](42.4)
https://www.goodrx.com/potassium-citrate-er,potassium citrate er 10meq (90 tablets),15meq,2693253,potassium chloride 15 MEQ Extended Release Oral Tablet,87.5,66.7,100.0,100,False,
https://www.goodrx.com/potassium-citrate-er,potassium citrate er 10meq (90 tablets),10meq,628953,potassium chloride 10 MEQ Extended Release Oral Tablet,87.5,66.7,100.0,100,True,312504:potassium chloride 10 MEQ Extended Release Oral Ca(87.5)
https://www.goodrx.com/potassium-citrate-er,potassium citrate er 10meq (90 tablets),5meq,199376,potassium citrate 5 MEQ Extended Release Oral Tablet,87.5,66.7,100.0,100,False,
https://www.goodrx.com/pravastatin,pravastatin 40mg (90 tablets),40mg,904475,pravastatin sodium 40 MG Oral Tablet,78.8,50.0,100.0,100,False,
https://www.goodrx.com/prenatal-plus-iron,prenatal plus iron 29mg/1mg (90 tablets),29mg/1mg,,,0.0,0.0,0.0,0,True,NO MATCH FOUND
https://www.goodrx.com/primidone,primidone 50mg (90 tablets),50mg,198150,primidone 50 MG Oral Tablet,78.8,50.0,100.0,100,False,
https://www.goodrx.com/primidone,primidone 50mg (90 tablets),250mg,96304,primidone 250 MG Oral Tablet,78.8,50.0,100.0,100,False,
https://www.goodrx.com/primidone,primidone 50mg (90 tablets),125mg,328176,primidone 125 MG Oral Tablet,78.8,50.0,100.0,100,False,
https://www.goodrx.com/probenecid-colchicine,probenecid/colchicine 500mg/0.5mg (90 tablets),500mg/0.5mg,,,0.0,0.0,0.0,0,True,NO MATCH FOUND
https://www.goodrx.com/proben-c,probenecid/colchicine 500mg/0.5mg (90 tablets),500mg/0.5mg,198153,colchicine 0.5 MG / probenecid 500 MG Oral Tablet,61.0,60.0,100.0,100,False,
https://www.goodrx.com/colbenemid,probenecid/colchicine 500mg/0.5mg (90 tablets),500mg/0.5mg,198153,colchicine 0.5 MG / probenecid 500 MG Oral Tablet,61.0,60.0,100.0,100,False,
https://www.goodrx.com/prolate,prolate 10mg/300mg (90 tablets),10mg/300mg,2279510,acetaminophen 300 MG / oxycodone hydrochloride 10 MG Oral Tablet [Prolate],68.2,0.0,100.0,100,False,
https://www.goodrx.com/prolate,prolate 10mg/300mg (90 tablets),5mg/300mg,2279512,acetaminophen 300 MG / oxycodone hydrochloride 5 MG Oral Tablet [Prolate],68.2,0.0,100.0,100,False,
https://www.goodrx.com/prolate,prolate 10mg/300mg (90 tablets),7.5mg/300mg,2279514,acetaminophen 300 MG / oxycodone hydrochloride 7.5 MG Oral Tablet [Prolate],68.2,0.0,100.0,100,False,
https://www.goodrx.com/pyrazinamide,pyrazinamide 500mg (90 tablets),500mg,198181,pyrazinamide 500 MG Oral Tablet,78.8,50.0,100.0,100,False,
https://www.goodrx.com/pyridostigmine,pyridostigmine 60mg (90 tablets),60mg,903857,pyridostigmine bromide 60 MG Oral Tablet,78.8,50.0,100.0,100,False,
https://www.goodrx.com/pyridostigmine,pyridostigmine 60mg (90 tablets),30mg,903841,pyridostigmine bromide 30 MG Oral Tablet,78.8,50.0,100.0,100,False,
https://www.goodrx.com/quinora,quinidine sulfate 200mg (90 tablets),200mg,852877,quinidine sulfate 200 MG Oral Tablet,57.5,50.0,100.0,100,False,
https://www.goodrx.com/quinidine-sulfate,quinidine sulfate 200mg (90 tablets),200mg,,,0.0,0.0,0.0,0,True,NO MATCH FOUND
https://www.goodrx.com/quinora,quinidine sulfate 200mg (90 tablets),300mg,997012,quinine sulfate 324 MG Oral Capsule [Qualaquin],68.5,50.0,100.0,100,False,
https://www.goodrx.com/quinidine-sulfate,quinidine sulfate 200mg (90 tablets),300mg,,,0.0,0.0,0.0,0,True,NO MATCH FOUND
https://www.goodrx.com/evista,raloxifene 60mg (90 tablets),60mg,1490067,raloxifene hydrochloride 60 MG Oral Tablet [Evista],63.7,50.0,100.0,100,False,
https://www.goodrx.com/raloxifene,raloxifene 60mg (90 tablets),60mg,1490065,raloxifene hydrochloride 60 MG Oral Tablet,78.8,50.0,100.0,100,False,
https://www.goodrx.com/azilect,rasagiline 1mg (90 tablets),1mg,637185,rasagiline 1 MG Oral Tablet [Azilect],72.7,50.0,100.0,100,False,
https://www.goodrx.com/azilect,rasagiline 1mg (90 tablets),0.5mg,637218,rasagiline 0.5 MG Oral Tablet [Azilect],72.7,50.0,100.0,100,False,
https://www.goodrx.com/prandin,repaglinide 2mg (90 tablets),0.5mg,200257,repaglinide 0.5 MG Oral Tablet,57.5,50.0,100.0,100,False,
https://www.goodrx.com/prandin,repaglinide 2mg (90 tablets),2mg,200258,repaglinide 2 MG Oral Tablet,57.5,50.0,100.0,100,False,
https://www.goodrx.com/prandin,repaglinide 2mg (90 tablets),1mg,213219,repaglinide 1 MG Oral Tablet [Prandin],72.0,50.0,100.0,100,False,
https://www.goodrx.com/actonel,risedronate 5mg (90 tablets),5mg,905043,risedronate sodium 5 MG Oral Tablet [Actonel],69.1,50.0,100.0,100,False,
https://www.goodrx.com/actonel,risedronate 5mg (90 tablets),30mg,905034,risedronate sodium 30 MG Oral Tablet [Actonel],69.1,50.0,100.0,100,False,
https://www.goodrx.com/aldactazide,spironolactone/hctz 25mg/25mg (90 tablets),25mg/25mg,200820,spironolactone 25 MG Oral Tablet [Aldactone],77.2,60.0,100.0,100,True,208112:hydrochlorothiazide 25 MG / spironolactone 25 MG O(72.8)
https://www.goodrx.com/proloprim,trimethoprim 100mg (90 tablets),100mg,198332,trimethoprim 100 MG Oral Tablet,57.5,50.0,100.0,100,False,
https://www.goodrx.com/absorica,isotretinoin (absorica) 40mg (30 capsules),1 dose,1300016,isotretinoin 40 MG Oral Capsule [Absorica],66.7,33.3,100.0,100,False,
https://www.goodrx.com/adalat-cc,nifedipine er (adalat cc) 30mg (30 tablets),90mg,,,0.0,0.0,0.0,0,True,NO MATCH FOUND
https://www.goodrx.com/nifediac-cc,nifedipine er (adalat cc) 30mg (30 tablets),30mg,198034,24 HR nifedipine 30 MG Extended Release Oral Tablet,78.8,50.0,100.0,100,False,
https://www.goodrx.com/nifedipine-er-adalat-cc,nifedipine er (adalat cc) 30mg (30 tablets),30mg,198034,24 HR nifedipine 30 MG Extended Release Oral Tablet,87.5,66.7,100.0,100,False,
https://www.goodrx.com/nifedipine-er-adalat-cc,nifedipine er (adalat cc) 30mg (30 tablets),60mg,198035,24 HR nifedipine 60 MG Extended Release Oral Tablet,87.5,66.7,100.0,100,False,
https://www.goodrx.com/afeditab-cr,nifedipine er (adalat cc) 30mg (30 tablets),60mg,198035,24 HR nifedipine 60 MG Extended Release Oral Tablet,78.8,50.0,100.0,100,False,
https://www.goodrx.com/adalat-cc,nifedipine er (adalat cc) 30mg (30 tablets),30mg,,,0.0,0.0,0.0,0,True,NO MATCH FOUND
https://www.goodrx.com/afeditab-cr,nifedipine er (adalat cc) 30mg (30 tablets),30mg,198034,24 HR nifedipine 30 MG Extended Release Oral Tablet,78.8,50.0,100.0,100,False,
https://www.goodrx.com/adalat-cc,nifedipine er (adalat cc) 30mg (30 tablets),60mg,,,0.0,0.0,0.0,0,True,NO MATCH FOUND
https://www.goodrx.com/nifedipine-er-adalat-cc,nifedipine er (adalat cc) 30mg (30 tablets),90mg,198036,24 HR nifedipine 90 MG Extended Release Oral Tablet,87.5,66.7,100.0,100,False,
https://www.goodrx.com/adcirca,tadalafil (adcirca) 20mg (30 tablets),20mg,402097,tadalafil 20 MG Oral Tablet [Cialis],70.9,50.0,100.0,100,False,
https://www.goodrx.com/alyq,tadalafil (adcirca) 20mg (30 tablets),20mg,2677765,macitentan 10 MG / tadalafil 20 MG Oral Tablet,78.8,50.0,100.0,100,True,402019:tadalafil 20 MG Oral Tablet(78.8)
https://www.goodrx.com/amphetamine-salt-combo-xr-adderall-xr,amphetamine salt combo xr (adderall xr) 20mg (30 capsules),15mg,1739813,24 HR amphetamine 15.7 MG Extended Release Oral Tablet,87.5,66.7,100.0,100,True,2585462:24 HR amphetamine 15 MG Extended Release Oral Tabl(87.5)
https://www.goodrx.com/amphetamine-salt-combo-xr-adderall-xr,amphetamine salt combo xr (adderall xr) 20mg (30 capsules),10mg,1739837,24 HR amphetamine 9.4 MG Extended Release Oral Tablet,87.5,66.7,100.0,100,True,2585460:24 HR amphetamine 10 MG Extended Release Oral Tabl(87.5); 1927637:3-Bead 24 HR amphetamine aspartate 9.375 MG / amph(87.5)
https://www.goodrx.com/adderall-xr,amphetamine salt combo xr (adderall xr) 20mg (30 capsules),30mg,861222,24 HR amphetamine aspartate 2.5 MG / amphetamine sulfate 2.5 MG / dextroamphetamine saccharate 2.5 MG / dextroamphetamine sulfate 2.5 MG Extended Release Oral Capsule [Adderall],49.2,66.7,0.0,100,True,861224:24 HR amphetamine aspartate 3.75 MG / amphetamine (49.2); 861228:24 HR amphetamine aspartate 6.25 MG / amphetamine (49.2); 861226:24 HR amphetamine aspartate 5 MG / amphetamine sul(49.2)
https://www.goodrx.com/adderall-xr,amphetamine salt combo xr (adderall xr) 20mg (30 capsules),15mg,1739815,24 HR amphetamine 15.7 MG Extended Release Oral Tablet [Adzenys],72.2,66.7,100.0,100,True,2585465:24 HR amphetamine 15 MG Extended Release Oral Tabl(72.1)
https://www.goodrx.com/amphetamine-salt-combo-xr-adderall-xr,amphetamine salt combo xr (adderall xr) 20mg (30 capsules),5mg,861225,24 HR amphetamine aspartate 5 MG / amphetamine sulfate 5 MG / dextroamphetamine saccharate 5 MG / dextroamphetamine sulfate 5 MG Extended Release Oral Capsule,87.5,66.7,100.0,100,True,2585473:24 HR amphetamine 5 MG Extended Release Oral Table(87.5)
https://www.goodrx.com/adderall-xr,amphetamine salt combo xr (adderall xr) 20mg (30 capsules),25mg,861222,24 HR amphetamine aspartate 2.5 MG / amphetamine sulfate 2.5 MG / dextroamphetamine saccharate 2.5 MG / dextroamphetamine sulfate 2.5 MG Extended Release Oral Capsule [Adderall],49.2,66.7,0.0,100,True,861224:24 HR amphetamine aspartate 3.75 MG / amphetamine (49.2); 861228:24 HR amphetamine aspartate 6.25 MG / amphetamine (49.2); 861226:24 HR amphetamine aspartate 5 MG / amphetamine sul(49.2)
https://www.goodrx.com/adderall-xr,amphetamine salt combo xr (adderall xr) 20mg (30 capsules),5mg,861226,24 HR amphetamine aspartate 5 MG / amphetamine sulfate 5 MG / dextroamphetamine saccharate 5 MG / dextroamphetamine sulfate 5 MG Extended Release Oral Capsule [Adderall],75.4,66.7,100.0,100,True,2585476:24 HR amphetamine 5 MG Extended Release Oral Table(72.1)
https://www.goodrx.com/amphetamine-salt-combo-xr-adderall-xr,amphetamine salt combo xr (adderall xr) 20mg (30 capsules),20mg,1739819,24 HR amphetamine 18.8 MG Extended Release Oral Tablet,87.5,66.7,100.0,100,True,2585468:24 HR amphetamine 20 MG Extended Release Oral Tabl(87.5)
https://www.goodrx.com/adderall-xr,amphetamine salt combo xr (adderall xr) 20mg (30 capsules),10mg,1739839,24 HR amphetamine 9.4 MG Extended Release Oral Tablet [Adzenys],72.2,66.7,100.0,100,True,2585461:24 HR amphetamine 10 MG Extended Release Oral Tabl(72.1); 1927639:3-Bead 24 HR amphetamine aspartate 9.375 MG / amph(71.1)
https://www.goodrx.com/amphetamine-salt-combo-xr-adderall-xr,amphetamine salt combo xr (adderall xr) 20mg (30 capsules),30mg,1739803,24 HR amphetamine 12.5 MG Extended Release Oral Tablet,50.8,66.7,0.0,100,True,1739813:24 HR amphetamine 15.7 MG Extended Release Oral Ta(50.8); 861223:24 HR amphetamine aspartate 3.75 MG / amphetamine (50.8); 861225:24 HR amphetamine aspartate 5 MG / amphetamine sul(50.8)
https://www.goodrx.com/adderall-xr,amphetamine salt combo xr (adderall xr) 20mg (30 capsules),20mg,1739821,24 HR amphetamine 18.8 MG Extended Release Oral Tablet [Adzenys],72.2,66.7,100.0,100,True,2585471:24 HR amphetamine 20 MG Extended Release Oral Tabl(72.1)
https://www.goodrx.com/amphetamine-salt-combo-xr-adderall-xr,amphetamine salt combo xr (adderall xr) 20mg (30 capsules),25mg,1739803,24 HR amphetamine 12.5 MG Extended Release Oral Tablet,50.8,66.7,0.0,100,True,1739813:24 HR amphetamine 15.7 MG Extended Release Oral Ta(50.8); 861223:24 HR amphetamine aspartate 3.75 MG / amphetamine (50.8); 861225:24 HR amphetamine aspartate 5 MG / amphetamine sul(50.8)
https://www.goodrx.com/epinephrine-adrenaclick,epinephrine (adrenaclick) 2 auto-injectors of 0.3mg (1 package),2 auto-injectors of 0.15mg,1010688,20 ML epinephrine 0.005 MG/ML / lidocaine hydrochloride 20 MG/ML Injection,50.8,66.7,0.0,100,True,1010745:epinephrine 0.005 MG/ML / lidocaine hydrochloride (50.8); 1010751:epinephrine 0.01 MG/ML / lidocaine hydrochloride 1(50.8); 1010759:epinephrine 0.01 MG/ML / lidocaine hydrochloride 2(50.8)
https://www.goodrx.com/epinephrine-adrenaclick,epinephrine (adrenaclick) 2 auto-injectors of 0.3mg (1 package),2 auto-injectors of 0.3mg,1010688,20 ML epinephrine 0.005 MG/ML / lidocaine hydrochloride 20 MG/ML Injection,50.8,66.7,0.0,100,True,1010745:epinephrine 0.005 MG/ML / lidocaine hydrochloride (50.8); 1010751:epinephrine 0.01 MG/ML / lidocaine hydrochloride 1(50.8); 1010759:epinephrine 0.01 MG/ML / lidocaine hydrochloride 2(50.8)
https://www.goodrx.com/epinephrine-adrenalin,epinephrine (adrenalin) 10ml of 1mg/ml (1 vial),30ml of 1mg/ml,313967,epinephrine 1 MG/ML Nasal Solution,69.1,66.7,50.0,100,True,310132:epinephrine 1 MG/ML Injectable Solution(69.1)
https://www.goodrx.com/epinephrine-adrenalin,epinephrine (adrenalin) 10ml of 1mg/ml (1 vial),10ml of 1mg/ml,1010751,epinephrine 0.01 MG/ML / lidocaine hydrochloride 10 MG/ML Injectable Solution,69.1,66.7,50.0,100,True,313967:epinephrine 1 MG/ML Nasal Solution(69.1); 310132:epinephrine 1 MG/ML Injectable Solution(69.1)
https://www.goodrx.com/cardizem-cd,diltiazem er (cardizem cd) 120mg (30 capsules),,830863,24 HR diltiazem hydrochloride 120 MG Extended Release Oral Capsule [Cardizem],60.0,20.0,100.0,100,True,830876:24 HR diltiazem hydrochloride 120 MG Extended Rele(60.0)
https://www.goodrx.com/cardizem-la,diltiazem er (cardizem la) 240mg (90 tablets),360mg,830798,24 HR diltiazem hydrochloride 360 MG Extended Release Oral Capsule [Cardizem],86.6,50.0,100.0,100,True,830898:24 HR diltiazem hydrochloride 360 MG Extended Rele(86.6)
https://www.goodrx.com/cardizem-la,diltiazem er (cardizem la) 240mg (90 tablets),420mg,830902,24 HR diltiazem hydrochloride 420 MG Extended Release Oral Tablet [Cardizem],86.6,50.0,100.0,100,False,
https://www.goodrx.com/cardizem-la,diltiazem er (cardizem la) 240mg (90 tablets),240mg,830839,24 HR diltiazem hydrochloride 240 MG Extended Release Oral Capsule [Cardizem],86.6,50.0,100.0,100,True,830880:24 HR diltiazem hydrochloride 240 MG Extended Rele(86.6)
https://www.goodrx.com/cardizem-la,diltiazem er (cardizem la) 240mg (90 tablets),300mg,830803,24 HR diltiazem hydrochloride 300 MG Extended Release Oral Capsule [Cardizem],86.6,50.0,100.0,100,True,830883:24 HR diltiazem hydrochloride 300 MG Extended Rele(86.6)
https://www.goodrx.com/epinephrine-epipen,epinephrine (epipen) 2 auto-injectors of 0.3mg (1 package),2 auto-injectors of 0.3mg,1010688,20 ML epinephrine 0.005 MG/ML / lidocaine hydrochloride 20 MG/ML Injection,50.8,66.7,0.0,100,True,1010745:epinephrine 0.005 MG/ML / lidocaine hydrochloride (50.8); 1010751:epinephrine 0.01 MG/ML / lidocaine hydrochloride 1(50.8); 1010759:epinephrine 0.01 MG/ML / lidocaine hydrochloride 2(50.8)
https://www.goodrx.com/epipen,epinephrine (epipen) 2 auto-injectors of 0.3mg (1 package),2 auto-injectors of 0.3mg,727347,NDA019430 0.3 ML epinephrine 1 MG/ML Auto-Injector [Epipen],66.5,66.7,0.0,100,True,727386:NDA019430 0.3 ML epinephrine 0.5 MG/ML Auto-Inject(66.5)
https://www.goodrx.com/epinephrine-epipen-jr,epinephrine (epipen jr) 2 auto-injectors of 0.15mg (1 package),2 auto-injectors of 0.15mg,1010688,20 ML epinephrine 0.005 MG/ML / lidocaine hydrochloride 20 MG/ML Injection,50.8,66.7,0.0,100,True,1010745:epinephrine 0.005 MG/ML / lidocaine hydrochloride (50.8); 1010751:epinephrine 0.01 MG/ML / lidocaine hydrochloride 1(50.8); 1010759:epinephrine 0.01 MG/ML / lidocaine hydrochloride 2(50.8)
https://www.goodrx.com/epipen-jr,epinephrine (epipen jr) 2 auto-injectors of 0.15mg (1 package),2 auto-injectors of 0.15mg,727347,NDA019430 0.3 ML epinephrine 1 MG/ML Auto-Injector [Epipen],66.5,66.7,0.0,100,True,727386:NDA019430 0.3 ML epinephrine 0.5 MG/ML Auto-Inject(66.5)
https://www.goodrx.com/adalimumab-fkjp-hulio,adalimumab-fkjp (hulio) 2 pens of 40mg/0.8ml (1 carton),2 syringes of 20mg/0.4ml,1855524,0.8 ML adalimumab 100 MG/ML Prefilled Syringe [Humira],47.5,66.7,0.0,100,True,1872980:0.4 ML adalimumab 100 MG/ML Auto-Injector [Humira](47.5); 727705:0.8 ML adalimumab 50 MG/ML Prefilled Syringe [Humi(47.5)
https://www.goodrx.com/adalimumab-fkjp-hulio,adalimumab-fkjp (hulio) 2 pens of 40mg/0.8ml (1 carton),2 syringes of 40mg/0.8ml,1855524,0.8 ML adalimumab 100 MG/ML Prefilled Syringe [Humira],47.5,66.7,0.0,100,True,1872980:0.4 ML adalimumab 100 MG/ML Auto-Injector [Humira](47.5); 727705:0.8 ML adalimumab 50 MG/ML Prefilled Syringe [Humi(47.5)
https://www.goodrx.com/adalimumab-fkjp-hulio,adalimumab-fkjp (hulio) 2 pens of 40mg/0.8ml (1 carton),2 pens of 40mg/0.8ml,1855524,0.8 ML adalimumab 100 MG/ML Prefilled Syringe [Humira],47.5,66.7,0.0,100,True,1872980:0.4 ML adalimumab 100 MG/ML Auto-Injector [Humira](47.5); 727705:0.8 ML adalimumab 50 MG/ML Prefilled Syringe [Humi(47.5)
https://www.goodrx.com/adalimumab-adaz-hyrimoz,adalimumab-adaz (hyrimoz) 2 pens of 40mg/0.4ml (1 carton),2 syringes of 40mg/0.4ml,1855524,0.8 ML adalimumab 100 MG/ML Prefilled Syringe [Humira],47.0,66.7,0.0,100,True,1872980:0.4 ML adalimumab 100 MG/ML Auto-Injector [Humira](47.0); 727705:0.8 ML adalimumab 50 MG/ML Prefilled Syringe [Humi(47.0)
https://www.goodrx.com/adalimumab-adaz-hyrimoz,adalimumab-adaz (hyrimoz) 2 pens of 40mg/0.4ml (1 carton),2 pens of 40mg/0.4ml,1855524,0.8 ML adalimumab 100 MG/ML Prefilled Syringe [Humira],47.0,66.7,0.0,100,True,1872980:0.4 ML adalimumab 100 MG/ML Auto-Injector [Humira](47.0); 727705:0.8 ML adalimumab 50 MG/ML Prefilled Syringe [Humi(47.0)
https://www.goodrx.com/adalimumab-aacf-idacio,adalimumab-aacf (idacio) 2 pens of 40mg/0.8ml (1 carton),2 syringes of 40mg/0.8ml,1855524,0.8 ML adalimumab 100 MG/ML Prefilled Syringe [Humira],45.5,66.7,0.0,100,True,1872980:0.4 ML adalimumab 100 MG/ML Auto-Injector [Humira](45.5); 727705:0.8 ML adalimumab 50 MG/ML Prefilled Syringe [Humi(45.5)
https://www.goodrx.com/adalimumab-aacf-idacio,adalimumab-aacf (idacio) 2 pens of 40mg/0.8ml (1 carton),2 pens of 40mg/0.8ml,1855524,0.8 ML adalimumab 100 MG/ML Prefilled Syringe [Humira],45.5,66.7,0.0,100,True,1872980:0.4 ML adalimumab 100 MG/ML Auto-Injector [Humira](45.5); 727705:0.8 ML adalimumab 50 MG/ML Prefilled Syringe [Humi(45.5)
https://www.goodrx.com/adalimumab-aacf-idacio,adalimumab-aacf (idacio) 2 pens of 40mg/0.8ml (1 carton),plaque psoriasis starter pack of 40mg/0.8ml,1855524,0.8 ML adalimumab 100 MG/ML Prefilled Syringe [Humira],45.5,66.7,0.0,100,True,1872980:0.4 ML adalimumab 100 MG/ML Auto-Injector [Humira](45.5); 727705:0.8 ML adalimumab 50 MG/ML Prefilled Syringe [Humi(45.5)
https://www.goodrx.com/bimatoprost-latisse,bimatoprost (latisse) 5ml of 0.03% (1 bottle of topical solution),3ml of 0.03%,1041497,bimatoprost 0.3 MG/ML Topical Solution [Latisse],91.9,100.0,50.0,100,False,
https://www.goodrx.com/bimatoprost-latisse,bimatoprost (latisse) 5ml of 0.03% (1 bottle of topical solution),5ml of 0.03%,1041497,bimatoprost 0.3 MG/ML Topical Solution [Latisse],91.9,100.0,50.0,100,False,
https://www.goodrx.com/amphetamine-salt-combo-xr-mydayis,amphetamine salt combo xr (mydayis) 50mg (30 capsules),50mg,1739803,24 HR amphetamine 12.5 MG Extended Release Oral Tablet,50.8,66.7,0.0,100,True,1739813:24 HR amphetamine 15.7 MG Extended Release Oral Ta(50.8); 861223:24 HR amphetamine aspartate 3.75 MG / amphetamine (50.8); 861225:24 HR amphetamine aspartate 5 MG / amphetamine sul(50.8)
https://www.goodrx.com/amphetamine-salt-combo-xr-mydayis,amphetamine salt combo xr (mydayis) 50mg (30 capsules),25mg,1739803,24 HR amphetamine 12.5 MG Extended Release Oral Tablet,50.8,66.7,0.0,100,True,1739813:24 HR amphetamine 15.7 MG Extended Release Oral Ta(50.8); 861223:24 HR amphetamine aspartate 3.75 MG / amphetamine (50.8); 861225:24 HR amphetamine aspartate 5 MG / amphetamine sul(50.8)
https://www.goodrx.com/amphetamine-salt-combo-xr-mydayis,amphetamine salt combo xr (mydayis) 50mg (30 capsules),12.5mg,1739803,24 HR amphetamine 12.5 MG Extended Release Oral Tablet,87.5,66.7,100.0,100,True,1927610:3-Bead 24 HR amphetamine aspartate 12.5 MG / amphe(87.5)
https://www.goodrx.com/amphetamine-salt-combo-xr-mydayis,amphetamine salt combo xr (mydayis) 50mg (30 capsules),37.5mg,1739803,24 HR amphetamine 12.5 MG Extended Release Oral Tablet,50.8,66.7,0.0,100,True,1739813:24 HR amphetamine 15.7 MG Extended Release Oral Ta(50.8); 861223:24 HR amphetamine aspartate 3.75 MG / amphetamine (50.8); 861225:24 HR amphetamine aspartate 5 MG / amphetamine sul(50.8)
https://www.goodrx.com/nifedical-xl,nifedipine er (procardia xl) 30mg (30 tablets),30mg,198034,24 HR nifedipine 30 MG Extended Release Oral Tablet,78.8,50.0,100.0,100,False,
https://www.goodrx.com/nifedipine-er-procardia-xl,nifedipine er (procardia xl) 30mg (30 tablets),90mg,198036,24 HR nifedipine 90 MG Extended Release Oral Tablet,87.5,66.7,100.0,100,False,
https://www.goodrx.com/nifedipine-er-procardia-xl,nifedipine er (procardia xl) 30mg (30 tablets),30mg,198034,24 HR nifedipine 30 MG Extended Release Oral Tablet,87.5,66.7,100.0,100,False,
https://www.goodrx.com/nifedical-xl,nifedipine er (procardia xl) 30mg (30 tablets),90mg,198036,24 HR nifedipine 90 MG Extended Release Oral Tablet,78.8,50.0,100.0,100,False,
https://www.goodrx.com/nifedical-xl,nifedipine er (procardia xl) 30mg (30 tablets),60mg,198035,24 HR nifedipine 60 MG Extended Release Oral Tablet,78.8,50.0,100.0,100,False,
https://www.goodrx.com/procardia-xl,nifedipine er (procardia xl) 30mg (30 tablets),90mg,207774,Osmotic 24 HR nifedipine 90 MG Extended Release Oral Tablet [Procardia],80.5,33.3,100.0,100,False,
https://www.goodrx.com/nifedipine-er-procardia-xl,nifedipine er (procardia xl) 30mg (30 tablets),60mg,198035,24 HR nifedipine 60 MG Extended Release Oral Tablet,87.5,66.7,100.0,100,False,
https://www.goodrx.com/procardia-xl,nifedipine er (procardia xl) 30mg (30 tablets),30mg,207772,Osmotic 24 HR nifedipine 30 MG Extended Release Oral Tablet [Procardia],80.5,33.3,100.0,100,False,
https://www.goodrx.com/adalimumab-ryvk-simlandi,adalimumab-ryvk (simlandi) 2 prefilled syringes of 40mg/0.4ml (1 carton),2 prefilled syringes of 40mg/0.4ml,1855524,0.8 ML adalimumab 100 MG/ML Prefilled Syringe [Humira],45.2,66.7,0.0,100,True,1872980:0.4 ML adalimumab 100 MG/ML Auto-Injector [Humira](45.2); 727705:0.8 ML adalimumab 50 MG/ML Prefilled Syringe [Humi(45.2)
https://www.goodrx.com/adalimumab-ryvk-simlandi,adalimumab-ryvk (simlandi) 2 prefilled syringes of 40mg/0.4ml (1 carton),2 autoinjectors of 40mg/0.4ml,1855524,0.8 ML adalimumab 100 MG/ML Prefilled Syringe [Humira],45.2,66.7,0.0,100,True,1872980:0.4 ML adalimumab 100 MG/ML Auto-Injector [Humira](45.2); 727705:0.8 ML adalimumab 50 MG/ML Prefilled Syringe [Humi(45.2)
https://www.goodrx.com/diltiazem-er-tiazac,diltiazem er (tiazac) 240mg (30 capsules),240mg,830837,24 HR diltiazem hydrochloride 240 MG Extended Release Oral Capsule,87.5,66.7,100.0,100,True,830879:24 HR diltiazem hydrochloride 240 MG Extended Rele(87.5)
https://www.goodrx.com/diltzac,diltiazem er (tiazac) 240mg (30 capsules),120mg,830861,24 HR diltiazem hydrochloride 120 MG Extended Release Oral Capsule,78.8,50.0,100.0,100,True,830874:24 HR diltiazem hydrochloride 120 MG Extended Rele(78.8)
https://www.goodrx.com/diltzac,diltiazem er (tiazac) 240mg (30 capsules),300mg,830801,24 HR diltiazem hydrochloride 300 MG Extended Release Oral Capsule,78.8,50.0,100.0,100,True,830882:24 HR diltiazem hydrochloride 300 MG Extended Rele(78.8)
https://www.goodrx.com/diltzac,diltiazem er (tiazac) 240mg (30 capsules),420mg,831359,24 HR diltiazem hydrochloride 420 MG Extended Release Oral Capsule,78.8,50.0,100.0,100,True,830900:24 HR diltiazem hydrochloride 420 MG Extended Rele(78.8)
https://www.goodrx.com/diltzac,diltiazem er (tiazac) 240mg (30 capsules),240mg,830837,24 HR diltiazem hydrochloride 240 MG Extended Release Oral Capsule,78.8,50.0,100.0,100,True,830879:24 HR diltiazem hydrochloride 240 MG Extended Rele(78.8)
https://www.goodrx.com/diltiazem-er-tiazac,diltiazem er (tiazac) 240mg (30 capsules),420mg,831359,24 HR diltiazem hydrochloride 420 MG Extended Release Oral Capsule,87.5,66.7,100.0,100,True,830900:24 HR diltiazem hydrochloride 420 MG Extended Rele(87.5)
https://www.goodrx.com/diltzac,diltiazem er (tiazac) 240mg (30 capsules),360mg,830795,24 HR diltiazem hydrochloride 360 MG Extended Release Oral Capsule,78.8,50.0,100.0,100,True,830897:24 HR diltiazem hydrochloride 360 MG Extended Rele(78.8)
https://www.goodrx.com/diltiazem-er-tiazac,diltiazem er (tiazac) 240mg (30 capsules),120mg,830861,24 HR diltiazem hydrochloride 120 MG Extended Release Oral Capsule,87.5,66.7,100.0,100,True,830874:24 HR diltiazem hydrochloride 120 MG Extended Rele(87.5)
https://www.goodrx.com/diltiazem-er-tiazac,diltiazem er (tiazac) 240mg (30 capsules),300mg,830801,24 HR diltiazem hydrochloride 300 MG Extended Release Oral Capsule,87.5,66.7,100.0,100,True,830882:24 HR diltiazem hydrochloride 300 MG Extended Rele(87.5)
https://www.goodrx.com/diltiazem-er-tiazac,diltiazem er (tiazac) 240mg (30 capsules),180mg,830845,24 HR diltiazem hydrochloride 180 MG Extended Release Oral Capsule,87.5,66.7,100.0,100,True,830877:24 HR diltiazem hydrochloride 180 MG Extended Rele(87.5)
https://www.goodrx.com/diltiazem-er-tiazac,diltiazem er (tiazac) 240mg (30 capsules),360mg,830795,24 HR diltiazem hydrochloride 360 MG Extended Release Oral Capsule,87.5,66.7,100.0,100,True,830897:24 HR diltiazem hydrochloride 360 MG Extended Rele(87.5)
https://www.goodrx.com/diltzac,diltiazem er (tiazac) 240mg (30 capsules),180mg,830845,24 HR diltiazem hydrochloride 180 MG Extended Release Oral Capsule,78.8,50.0,100.0,100,True,830877:24 HR diltiazem hydrochloride 180 MG Extended Rele(78.8)
https://www.goodrx.com/adalimumab-aaty-yuflyma,adalimumab-aaty (yuflyma) 1 auto-injector of 40mg/0.4ml (2 cartons),2 syringes of 40mg/0.4ml,1855524,0.8 ML adalimumab 100 MG/ML Prefilled Syringe [Humira],47.0,66.7,0.0,100,True,1872980:0.4 ML adalimumab 100 MG/ML Auto-Injector [Humira](47.0); 727705:0.8 ML adalimumab 50 MG/ML Prefilled Syringe [Humi(47.0)
https://www.goodrx.com/adalimumab-aaty-yuflyma,adalimumab-aaty (yuflyma) 1 auto-injector of 40mg/0.4ml (2 cartons),1 auto-injector of 80mg/0.8ml,1855524,0.8 ML adalimumab 100 MG/ML Prefilled Syringe [Humira],47.0,66.7,0.0,100,True,1872980:0.4 ML adalimumab 100 MG/ML Auto-Injector [Humira](47.0); 727705:0.8 ML adalimumab 50 MG/ML Prefilled Syringe [Humi(47.0)
https://www.goodrx.com/buproban,bupropion (zyban) 150mg (60 tablets),150mg,993687,bupropion hydrochloride 100 MG Oral Tablet,42.0,50.0,0.0,100,True,993691:bupropion hydrochloride 75 MG Oral Tablet(42.0)
