hospital_id,npi_id,note
nyc_002,1669440327,
nyc_002,1417925181,
nyc_002,1568601342,
nyc_002,1033186093,
nyc_002,1669440327,
nyc_002,1932103413,
nyc_002,1033206362,
nyc_002,1568601342,
nyc_002,1053721563,
nyc_002,1225295512,
nyc_002,1528519014,
nyc_002,1083200695,
nyc_003,1972863249,
nyc_003,1659470276,
nyc_003,1366541989,
nyc_003,1598864118,
nyc_003,1134393911,
nyc_003,1801992631,
nyc_003,1790975944,
nyc_004,1013177435,"MEMORIAL SLOAN KETTERING CANCER CENTER | 1275 YORK AVE | HOWARD 10 | NEW YORK | NY"
nyc_004,1013365733,"MEMORIAL SLOAN KETTERING CANCER CENTER | 1275 YORK AVE | | NEW YORK | NY"
nyc_004,1043281512,"MEMORIAL CLINICAL PHYSIOLOGY GROUP | 1275 YORK AVE | | NEW YORK | NY"
nyc_004,1053364539,"MEMORIAL URGENT CARE GROUP | 1275 YORK AVE | | NEW YORK | NY"
nyc_004,1053382523,"MEMORIAL MEDICAL CONSULTATION GROUP | 1275 YORK AVE | | NEW YORK | NY"
nyc_004,1073640744,"MEMORIAL SLOAN KETTERING CANCER CENTER | 1275 YORK AVE | DEPT. OF RADIATION ONCOLOGY, SM03 | NEW YORK | NY"
nyc_004,1124378278,"MEMORIAL SLOAN-KETTERING CANCER CENTER | 1275 YORK AVE | | NEW YORK | NY"
nyc_004,1134306855,"MEMORIAL SLOAN KETTERING CANCER CENTER | 1275 YORK AVE | MEMORIAL 7 | NEW YORK | NY"
nyc_004,1134472277,"MEMORIAL SLOAN KETTERING CANCER CENTER | 1275 YORK AVE | | NEW YORK | NY"
nyc_004,1194702282,"MEMORIAL NUCLEAR MEDICINE GROUP | 1275 YORK AVE | | NEW YORK | NY"
nyc_004,1194975474,"MSKCC CLINICAL PRACTICE PLAN | 1275 YORK AVE | | NEW YORK | NY"
nyc_004,1235100793,"MEMORIAL DERMATOLOGY GROUP | 1275 YORK AVE | | NEW YORK | NY"
nyc_004,1235109224,"MEMORIAL RADIATION ONCOLOGY GROUP | 1275 YORK AVE | | NEW YORK | NY"
nyc_004,1235394099,"MEMORIAL SLOAN-KETTERING CANCER CENTER | 1275 YORK AVENUE, BOX 435 | | NEW YORK | NY"
nyc_004,1265694897,"MEMORIAL SLOAN KETTERING CANCER CENTER | 1275 YORK AVE | | NEW YORK | NY"
nyc_004,1285871814,"MEMORIAL SLOAN KETTERING CANCER CENTER | 1275 YORK AVE | | NEW YORK | NY"
nyc_004,1295706869,"MEMORIAL CLINICAL IMMUNOLOGY GROUP | 1275 YORK AVE | | NEW YORK | NY"
nyc_004,1306096508,"MSKCC CLINICAL PRACTICE PLAN | 1275 YORK AVE | | NEW YORK | NY"
nyc_004,1316368830,"MEMORIAL SLOAN KETTERING CANCER CENTER | 1275 YORK AVE | | NEW YORK | NY"
nyc_004,1336285923,"MEMORIAL SLOAN-KETTERING CANCER CENTER | 1275 YORK AVE | | NEW YORK | NY"
nyc_004,1386834869,"MSKCC | 1275 YORK AVE | | NEW YORK | NY"
nyc_004,1467423020,"MEMORIAL ANESTHESIOLOGY GROUP | 1275 YORK AVE | | NEW YORK | NY"
nyc_004,1467424705,"MEMORIAL CRITICAL CARE GROUP | 1275 YORK AVE | | NEW YORK | NY"
nyc_004,1467768002,"MEMORIAL SLOAN KETTERING CANCER CENTER | 1275 YORK AVE | | NEW YORK | NY"
nyc_004,1497006258,"MEMORIAL SLOAN KETTERING CANCER CENTER | 1275 YORK AVE | | NEW YORK | NY"
nyc_004,1508046764,"MEMORIAL SLOAN-KETTERING CANCER CENTER | 1275 YORK AVE | M1443 | NEW YORK | NY"
nyc_004,1528220340,"MEMORIAL SLOAN-KETTERING CANCER CENTER | 1275 YORK AVE | | NEW YORK | NY"
nyc_004,1538130190,"MEMORIAL NEUROLOGY GROUP | 1275 YORK AVE | | NEW YORK | NY"
nyc_004,1538463278,"MEMORIAL SLOAN KETTERING CANCER CENTER | 1275 YORK AVE | | NEW YORK | NY"
nyc_004,1548517097,"MEMORIAL SLOAN KETTERING CANCER CENTER | 1275 YORK AVE | | NEW YORK | NY"
nyc_004,1558332023,"MEMORIAL ENDOCRINE GROUP | 1275 YORK AVE | | NEW YORK | NY"
nyc_004,1558332189,"MSKCC INTEGRATIVE MEDICINE GROUP | 1275 YORK AVE | | NEW YORK | NY"
nyc_004,1568403996,"MEMORIAL SLOAN KETTERING CANCER CENTER | 1275 YORK AVE RM C164 | | NEW YORK | NY"
nyc_004,1568621548,"MEMORIAL SLOAN KETTERING CANCER CENTER | 1275 YORK AVE | | NEW YORK | NY"
nyc_004,1588789341,"MSKCC CLINICAL PRACTICE PLAN | 1275 YORK AVE | | NEW YORK | NY"
nyc_004,1598942211,"MEMORIAL SLOAN KETTERING CANCER CENTER | 1275 YORK AVE | | NEW YORK | NY"
nyc_004,1609174390,"MEMORIAL SLOAN KETTERING | 1275 YORK AVE | S308 | NEW YORK | NY"
nyc_004,1619948189,"MEMORIAL INFECTIOUS DISEASE GROUP | 1275 YORK AVE | | NEW YORK | NY"
nyc_004,1629049192,"MEMORIAL GASTROENTEROLOGY GROUP | 1275 YORK AVE | | NEW YORK | NY"
nyc_004,1629200035,"MSKCC | 1275 YORK AVE | | NEW YORK | NY"
nyc_004,1639159692,"MSKCC RADIOLOGY GROUP | 1275 YORK AVE | | NEW YORK | NY"
nyc_004,1679544241,"MEMORIAL CARDIOPULMONARY GROUP | 1275 YORK AVE | | NEW YORK | NY"
nyc_004,1689645244,"MEMORIAL PSYCHIATRY GROUP | 1275 YORK AVE | | NEW YORK | NY"
nyc_004,1699737882,"MEMORIAL HOSPITAL FOR CANCER & ALLIED DISEASES | 1275 YORK AVE | | NEW YORK | NY"
nyc_004,1699746172,"MEMORIAL SOLID TUMOR GROUP | 1275 YORK AVE | | NEW YORK | NY"
nyc_004,1699766261,"MSKCC SURGERY GROUP | 1275 YORK AVE | | NEW YORK | NY"
nyc_004,1700035094,"MEMORIAL SLOAN KETTERING CANCER CENTER | 1275 YORK AVE | | NEW YORK | NY"
nyc_004,1700887411,"MEMORIAL HOSPITAL FOR CANCER AND ALLIED DISEASES | 1275 YORK AVE | | NEW YORK | NY"
nyc_004,1710135025,"MEMORIAL SLOAN KETTERING CANCER CENTER | 1275 YORK AVE | DEPT OF PEDIATRICS | NEW YORK | NY"
nyc_004,1710967369,"MEMORIAL PATHOLOGY GROUP | 1275 YORK AVE | | NEW YORK | NY"
nyc_004,1720330616,"MEMORIAL SLOAN KETTERING CANCER CENTER | 1275 YORK AVE | | NEW YORK | NY"
nyc_004,1720466469,"MEMORIAL SLOAN KETTERING CANCER CENTER | 1275 YORK AVE | | NEW YORK | NY"
nyc_004,1750352381,"MEMORIAL PEDIATRIC GROUP | 1275 YORK AVE | | NEW YORK | NY"
nyc_004,1760726582,"MEMORIAL SLOAN-KETTERING CANCER CENTER | 1275 YORK AVE | S722 | NEW YORK | NY"
nyc_004,1770554230,"MEMORIAL CLINICAL NUTRITION GROUP | 1275 YORK AVE | | NEW YORK | NY"
nyc_004,1821255365,"MEMORIAL SLOAN KETTERING CANCER CENTER | 1275 YORK AVE | BOX 435 | NEW YORK | NY"
nyc_004,1831360163,"MEMORIAL SLOAN KETTERING CANCER CENTER | 1275 YORK AVE | 5THE FLR RM 513 | NEW YORK | NY"
nyc_004,1841791647,"MEMORIAL SLOAN KETTERING CANCER CENTER | 1275 YORK AVE | | NEW YORK | NY"
nyc_004,1851344337,"MEMORIAL CLINICAL GENETICS GROUP | 1275 YORK AVE | | NEW YORK | NY"
nyc_004,1861657470,"MEMORIAL SLOAN KETTERING CANCER CENTER | 1275 YORK AVE | | NEW YORK | NY"
nyc_004,1871564344,"MEMORIAL PULMONARY FUNCTION GROUP | 1275 YORK AVE | | NEW YORK | NY"
nyc_004,1891766366,"MEMORIAL HEMATOLOGY LYMPHOMA GROUP | 1275 YORK AVE | | NEW YORK | NY"
nyc_004,1912151127,"MEMORIAL SLOAN-KETTERING CANCER CENTER | 1275 YORK AVE | | NEW YORK | NY"
nyc_004,1912978487,"MEMORIAL DEVELOPMENTAL CHEMO GROUP | 1275 YORK AVE | | NEW YORK | NY"
nyc_004,1922262955,"MEMORIAL SLOAN KETTERING CANCER CENTER | 1275 YORK AVE | | NEW YORK | NY"
nyc_004,1952569360,"MEMORIAL SLOAN KETTERING CANCER CENTER | 1275 YORK AVE | | NEW YORK | NY"
nyc_004,1962851832,"MEMORIAL SLOAN KETTERING CANCER CENTER | 1275 YORK AVE | | NEW YORK | NY"
nyc_004,1972930642,"MEMORIAL SLOAN-KETTERING CANCER CENTER | 1275 YORK AVE | | NEW YORK | NY"
nyc_005,1053614966,"NEW YORK SOCIETY FOR THE RELIEF OF THE RUPTURED AND CRIPPLED MAINTAINI | 535 E 70TH ST | | NEW YORK | NY"
nyc_005,1093143687,"HSS NON PAR PROVIDERS | 535 E 70TH ST | | NEW YORK | NY"
nyc_005,1093969511,"NEW YORK SOCIETY FOR THE RELIEF OF THE RUPTURED AND CRIPPLED MAINTAINI | 535 E 70TH ST | | NEW YORK | NY"
nyc_005,1134139116,"NEW YORK SOCIETY FOR THE RELIEF OF RUPTURED & CRIPPLED MAINTAINING | 535 E 70TH ST | | NEW YORK | NY"
nyc_005,1164087334,"NEW YORK SOCIETY FOR THE RELIEF OF THE RUPTURED & CRIPPLED MAINTAINING | 535 E 70TH ST | | NEW YORK | NY"
nyc_005,1174903959,"NEW YORK SOCIETY FOR THE RELIEF OF THE RUPTURED AND CRIPPLED MAINTAINI | 535 E 70TH ST | | NEW YORK | NY"
nyc_005,1205181120,"HOSPITAL FOR SPECIAL SURGERY- NP | 535 E 70TH ST | ATT: WALTER WENCAK | NEW YORK | NY"
nyc_005,1215317003,"NY SOCIETY FOR THE RELIEF OF THE RUPTURED AND CRIPPLED MAINTAINING THE | 535 E 70TH ST | | NEW YORK | NY"
nyc_005,1225320674,"NY SOCIETY FOR THE RELIEF OF THE RUPTURED AND CRIPPLED MAINTAINING THE | 535 E 70TH ST | | NEW YORK | NY"
nyc_005,1316327109,"NEW YORK SOCIETY FOR THE RELIEF OF THE RUPTURED AND CRIPPLED MAINTAINI | 535 E 70TH ST | | NEW YORK | NY"
nyc_005,1336387588,"NEW YORK SOCIETY FOR RELIEF OF THE RUPTURED AND CRIPPLED MAINTAINING T | 535 E 70TH ST | | NEW YORK | NY"
nyc_005,1396234530,"NEW YORK SOCIETY FOR THE RELIEF OF THE RUPTURED & CRIPPLED MAINTAINING | 535 E 70TH ST | | NEW YORK | NY"
nyc_005,1407086531,"NEW YORK SOCIETY FOR THE RELIEF OF THE RUPTURED AND CRIPPLED MAINTAINI | 535 E 70TH ST | | NEW YORK | NY"
nyc_005,1427496652,"NEW YORK SOCIETY FOR THE RELIEF OF RUPTURED & CRIPPLED MAINTAINING | 535 E 70TH ST | HSS DEPARTMENT OF MEDICINE | NEW YORK | NY"
nyc_005,1467539494,"HOSPITAL FOR SPECIAL SURGERY | 535 E 70TH ST | | NEW YORK | NY"
nyc_005,1477988707,"NEW YORK SOCIETY FOR RELEIF OF THE RUPTURED AND CRIPPLED MAINTAINING | 535 E 70TH ST | | NEW YORK | NY"
nyc_005,1487960738,"NEW YORK SOCIETY FOR THE RELIEF OF THE RUPTURED AND CRIPPLED MAINTAINI | 535 E 70TH ST | | NEW YORK | NY"
nyc_005,1497913529,"HOSPITAL FOR SPECIAL SURGERY | 535 E 70TH ST | | NEW YORK | NY"
nyc_005,1568706778,"NEW YORK SOCIETY FOR THE RELIEF OF THE RUPTURED & CRIPPLED MAINTAINING | 535 E 70TH ST | | NEW YORK | NY"
nyc_005,1588002331,"NEW YORK SOCIETY FOR THE RELIEF OF THE RUPTURED AND CRIPPLED MAINTAINI | 535 E 70TH ST | | NEW YORK | NY"
nyc_005,1598703019,"NEW YORK SOCIETY FOR THE RELIEF OF RUPTURED & CRIPPLED MAINTAINING | 535 E 70TH ST | | NEW YORK | NY"
nyc_005,1609246503,"NEW YORK SOCIETY FOR THE RELIEF OF RUPTURED AND CRIPPLED | 535 E 70TH ST | PHARMACY | NEW YORK | NY"
nyc_005,1659446854,"SPECIAL SURGERY ORTHOPEDICS PC | 535 E 70TH ST | | NEW YORK | NY"
nyc_005,1760880405,"HOSPITAL FOR SPECIAL SURGERY | 535 E 70TH ST | | NEW YORK | NY"
nyc_005,1801132840,"NEW YORK SOCIETY FOR THE RELIEF OF RUPTURED AND CRIPPLED MAINTAIN | 535 E 70TH ST | | NEW YORK | NY"
nyc_005,1801282512,"NEW YORK SOCIETY FOR THE RELIEF OF THE RUPTURED AND CRIPPLED MAINTAINI | 535 E 70TH ST | | NEW YORK | NY"
nyc_005,1811121577,"NEW YORK SOCIETY FOR THE RELIEF OF THE RUPTURED AND CRIPPLED MAINTAINI | 535 E 70TH ST | | NEW YORK | NY"
nyc_005,1821499765,"NEW YORK SOCIETY FOR THE RELIEF OF THE RUPTURED AND CRIPPLED | 535 E 70TH ST | ATTENTION: CATHERINE LEE | NEW YORK | NY"
nyc_005,1902243488,"NY SOCIETY FOR THE RELIEF OF RUPTURED & CRIPPLED MAINTAINING | 535 E 70TH ST | | NEW YORK | NY"
nyc_005,1932388170,"HSS MEDICAL ASSOCIATES | 535 E 70TH ST | | NEW YORK | NY"
nyc_005,1932554458,"NEW YORK SOCIETY FOR THE RELIEF OF RUPTURED AND CRIPPLED MAINTAINING T | 535 E 70TH ST | | NEW YORK | NY"
nyc_005,1942423363,"NEW YORK SOCIETY FOR THE RELIEF OF THE RUPTURED & CRIPPLED MAINTAINING | 535 E 70TH ST | | NEW YORK | NY"
nyc_005,1972931624,"HSS NON PAR PROVIDERS | 535 E 70TH ST | | NEW YORK | NY"
nyc_005,1992946776,"HOSPITAL FOR SPECIAL SURGERY | 535 E 70TH ST | | NEW YORK | NY"
nyc_005,1992958425,"NEW YORK SOCIETY FOR THE RELIEF OF THE RUPTURED AND CRIPPLED MAINTAINI | 535 E 70TH ST | | NEW YORK | NY"
nyc_006,1013414069,"LENOX HILL HOSPITAL | 100 E 77TH ST | | NEW YORK | NY"
nyc_006,1023234911,"LENOX HILL HOSPITAL | 100 E 77TH ST | | NEW YORK | NY"
nyc_006,1023468196,"LENOX HILL HOSPITAL DEPARTMENT OF PHARMACY | 100 E 77TH ST | DEPARTMENT OF PHARMACY | NEW YORK | NY"
nyc_006,1053444372,"LENOX HILL HOSPITAL | 100 E 77TH ST | | NEW YORK | NY"
nyc_006,1154379808,"LH EMERGENCY MEDICAL SERVICES PC | 100 E 77TH ST | | NEW YORK | NY"
nyc_006,1245386630,"LENOX HILL HOSPITAL | 100 E 77TH ST | NCCU | NEW YORK | NY"
nyc_006,1265562938,"LENOX HILL HOSPITAL | 100 E 77TH ST | | NEW YORK | NY"
nyc_006,1316093701,"LENOX HILL HOSPITAL | 100 E 77TH ST | 9 URIS | NEW YORK | NY"
nyc_006,1316147176,"LENOX HILL HOSPITAL | 100 E 77TH ST | | NEW YORK | NY"
nyc_006,1386929958,"LENOX HILL HOSPITAL | 100 E 77TH ST | | NEW YORK | NY"
nyc_006,1427175991,"LENOX HILL HOSPITAL | 100 E 77TH ST | | NEW YORK | NY"
nyc_006,1447256573,"LENOX HILL MEDICAL ANESTHESIOLOGY, PLLC | 100 E 77TH ST | | NEW YORK | NY"
nyc_006,1467869420,"LENOX HILL HOSPITAL | 100 E 77TH ST | | NEW YORK | NY"
nyc_006,1477616571,"LENOX HILL HOSPITAL | 100 E 77TH ST | | NEW YORK | NY"
nyc_006,1487780870,"LENOX HILL CARDIOLOGY ASSOCIATES | 100 E 77TH ST | | NEW YORK | NY"
nyc_006,1508838806,"LENOX HILL PATHOLOGY, PC | 100 E 77TH ST | SUITE 12 | NEW YORK | NY"
nyc_006,1619713716,"LENOX HILL FACULTY MEDICAL AFFILIATES, UNIVERSITY FACULTY PRACTICE COR | 100 E 77TH ST | | NEW YORK | NY"
nyc_006,1639225543,"LENOX HILL HOSPITAL | 100 E 77TH ST | | NEW YORK | NY"
nyc_006,1700059326,"LENOX HILL HOSPTIAL | 100 E 77TH ST | | NEW YORK | NY"
nyc_006,1740364314,"ADVANCED IMAGING & RADIOLOGY OF LENOX HILL HOSPITAL PC | 100 E 77TH ST | | NEW YORK | NY"
nyc_006,1801134226,"LENOX HILL HOSPITAL | 100 E 77TH ST | | NEW YORK | NY"
nyc_006,1962983775,"LENOX HILL MEDICAL ANESTHESIOLOGY, PLLC | 100 E 77TH ST | | NEW YORK | NY"
nyc_007,1922169689,
nyc_008,1033503354,"NORTH SHORE-LIJ HEALTH SYSTEM | 300 COMMUNITY DR | | MANHASSET | NY"
nyc_008,1043647563,"NORTH SHORE LIJ | 300 COMMUNITY DR | | MANHASSET | NY"
nyc_008,1154682185,"INPATIENT MEDICINE SPECIALISTS PC | 300 COMMUNITY DRIVE | NORTH SHORE UNIVERSITY HOSPITAL MANHASSET | MANHASSET | NY"
nyc_008,1164042156,"NORTH SHORE COMPLETE MEDICAL PC | 300 COMMUNITY DR | | MANHASSET | NY"
nyc_008,1205062502,"NORTH SHORE UNIVERSITY HOSPITAL | 300 COMMUNITY DR | VIVO HEALTH PHARMACY AT MANHASSET | MANHASSET | NY"
nyc_008,1245784008,"NORTH SHORE - LIJ MEDICAL GROUP URGENT MEDICAL CARE, PC | 300 COMMUNITY DR | | MANHASSET | NY"
nyc_008,1285928044,"NORTH SHORE UNIVERSITY HOSPITAL | 300 COMMUNITY DR | DEPARTMENT OF RADIOLOGY | MANHASSET | NY"
nyc_008,1366459570,"NORTH SHORE UNIVERSITY HOSPITAL | 300 COMMUNITY DRIVE | | MANHASSET | NY"
nyc_008,1376389312,"NORTH SHORE FACULTY MEDICAL AFFILIATES, UNIVERSITY FACULTY PRACTICE CO | 300 COMMUNITY DR | | MANHASSET | NY"
nyc_008,1417965278,"NORTH SHORE UNIVERSITY HOSPITAL | 300 COMMUNITY DR | | MANHASSET | NY"
nyc_008,1467695023,"NORTH SHORE UNIVERSITY HOSPITAL | 300 COMMUNITY DR | | MANHASSET | NY"
nyc_008,1477863587,"NORTH SHORE- LONG ISLAND JEWISH | 300 COMMUNITY DR | | MANHASSET | NY"
nyc_008,1497084016,"NORTH SHORE UNIVERSITY HOSPITAL | 300 COMMUNITY DR | 4 LEVITT | MANHASSET | NY"
nyc_008,1558107656,"NORTH SHORE FACULTY MEDICAL AFFILIATES, UNIVERSITY FACULTY PRACTICE CO | 300 COMMUNITY DR | | MANHASSET | NY"
nyc_008,1609146174,"NORTH SHORE UNIVERSITY HOSPITAL | 300 COMMUNITY DR | PRE-ADMISSION TESTING | MANHASSET | NY"
nyc_008,1629312293,"NORTH SHORE UNIVERSITY HOSPITAL | 300 COMMUNITY DR | | MANHASSET | NY"
nyc_008,1639333982,"NORTH SHORE UNIVERSITY HOSPITAL | 300 COMMUNITY DR | | MANHASSET | NY"
nyc_008,1942588223,"NORTH-SHORE HOSPITAL | 300 COMMUNITY DR | | MANHASSET | NY"
nyc_008,1942666557,"NORTH SHORE-LIJ MEDICAL GROUP P.C. | 300 COMMUNITY DR | | MANHASSET | NY"
nyc_008,1952317711,"NORTH SHORE UNIVERSITY HOSPITAL | 300 COMMUNITY DR | | MANHASSET | NY"
nyc_009,1467842393,"LONG ISLAND JEWISH MEDICAL CENTER | 7559 263RD STREET @ 74TH AVENUE | | GLEN OAKS | NY"
nyc_009,1740872365,"LONG ISLAND JEWISH MEDICAL CENTER | 7559 263RD ST | | GLEN OAKS | NY"
nyc_009,1841320967,"LONG ISLAND JEWISH MEDICAL CENTER | 7559 263 STREET | LOWENSTEIN PAVILION 140 | GLEN OAKS | NY"
nyc_009,1871024455,"LONG ISLAND JEWISH MEDICAL CENTER | 7559 263RD ST | VIVO HEALTH PHARMACY AT ZUCKER HILLSIDE HOSPITAL | GLEN OAKS | NY"
nyc_009,1881838209,"LIJ/NS HEALTH SYSTEM | 7559 263RD ST | | GLEN OAKS | NY"
nyc_009,1932363660,"NORTH SHORE LONG ISLAND JEWISH HEALTH SYSTEM | 7559 263RD ST | | GLEN OAKS | NY"
nyc_010,1972828564,
nyc_010,1770502635,
nyc_010,1083633036,
nyc_010,1174628473,
nyc_010,1144504044,
nyc_010,1952332801,
nyc_010,1568676880,
nyc_010,1073765566,
nyc_010,1790969269,
nyc_011,1194832477,
nyc_011,1770768202,
nyc_011,1326287566,
nyc_011,1609970011,
nyc_011,1518061928,
nyc_013,1073805990,"SLRHC FACULTY PRACTICE | 1000 10TH AVE | SUITE 10G | NEW YORK | NY"
nyc_013,1093221244,"MOUNT SINAI | 1000 10TH AVE | | NEW YORK | NY"
nyc_013,1104366871,"ICAHN SCHOOL OF MEDICINE AT MOUNT SINAI | 1000 10TH AVE | | NEW YORK | NY"
nyc_013,1104982917,"ST LUKES ROOSEVELT HOSPITAL CENTER | 1000 10TH AVE | ROOSEVELT DIVISION | NEW YORK | NY"
nyc_013,1124550280,"ICAHN SCHOOL OF MEDICINE AT MOUNT SINAI | 1000 10TH AVE | | NEW YORK | NY"
nyc_013,1134184377,"ST LUKES ROOSEVELT HOSPITAL CENTER | 1000 10TH AVE | SUITE 11G | NEW YORK | NY"
nyc_013,1134211717,"ST LUKES ROOSEVELT HOSPITAL CENTER | 1000 10TH AVE | | NEW YORK | NY"
nyc_013,1174508360,"ST LUKES ROOSEVELT HOSPITAL CENTER | PRIMARY 1000 10TH AVENUE, STE 11A-61 | | NEW YORK | NY"
nyc_013,1184893257,"SLRHC FACULTY PRACTICE | 1000 10TH AVE | SUITE 5G-80 | NEW YORK | NY"
nyc_013,1255515375,"SLRHC FACULTY PRACTICE - ORTHOPEDICS | 1000 10TH AVE | | NEW YORK | NY"
nyc_013,1285600106,"ST LUKES ROOSEVELT HOSPITAL CENTER | 1000 10TH AVE STE 10C | | NEW YORK | NY"
nyc_013,1306994173,"SLR DIAGNOSTIC RADIOLOGY, P.C. | 1000 10TH AVE | DEPT OF RADIOLOGY | NEW YORK | NY"
nyc_013,1316265671,"ST. LUKES - ROOSEVELT HOSPITAL | 1000 10TH AVE | | NEW YORK | NY"
nyc_013,1457684235,"SLRHC FACULTY PRACTICE | 1000 10TH AVE | SUITE 4H | NEW YORK | NY"
nyc_013,1497780019,"SAINT LUKES ROOSEVELT HOSPITAL LAB | 1000 10TH AVE | | NEW YORK | NY"
nyc_013,1538313309,"SLRHC FACULTY PRACTICE | 1000 10TH AVE | SUITE 5G-80 | NEW YORK | NY"
nyc_013,1538538152,"ICAHN SCHOOL OF MEDICINE AT MOUNT SINAI | 1000 10TH AVENUE | | NEW YORK | NY"
nyc_013,1558807859,"MOUNT SINAI WEST | 1000 10TH AVE | SUITE 11A | NEW YORK | NY"
nyc_013,1568664928,"SLRHC FACULTY PRACTICE | 1000 10TH AVE | | NEW YORK | NY"
nyc_013,1609476357,"ST. LUKES ROOSEVELT HOSPITAL CENTER | 1000 10TH AVE | | NEW YORK | NY"
nyc_013,1740469246,"ST LUKES ROOSEVELT COMMUNITY CARE | 1000 10TH AVE | | NEW YORK | NY"
nyc_013,1740659390,"ICAHN SCHOOL OF MEDICINE AT MOUNT SINAI | 1000 10TH AVENUE | | NEW YORK | NY"
nyc_013,1740659424,"ICAHN SCHOOL OF MEDICINE AT MOUNT SINAI | 1000 10TH AVENUE | | NEW YORK | NY"
nyc_013,1790116077,"SLRHC FACULTY PRACTICE | 1000 10TH AVE | SUITE 3B 20 | NEW YORK | NY"
nyc_013,1801802137,"SAINT LUKES ROOSEVELT HOSPITAL - PATHOLOGY DEPT | 1000 10TH AVE | | NEW YORK | NY"
nyc_013,1811293301,"OBGYN ASSOCIATES OF ST LUKES ROOSEVELT HOSPITAL | 1000 10TH AVE | | NEW YORK | NY"
nyc_013,1811974330,"DEPARTMENT OF NEUROLOGY PROFESSIONAL SERVICES GROUP/SLRHC | 1000 10TH AVE | SUITE 3B20 | NEW YORK | NY"
nyc_013,1821136979,"ST LUKES ROOSEVELT HOSPITAL CENTER | 1000 10TH AVE | 2T CLINIC | NEW YORK | NY"
nyc_013,1861527731,"WESTSIDE PEDIATRIC ASSOSOATES | 1000 10TH AVE | | NEW YORK | NY"
nyc_013,1861684433,"SLRHC FACULTY PRACTICE | 1000 10TH AVE | | NEW YORK | NY"
nyc_013,1871792101,"ST LUKES ROOSEVELT HOSPITAL | 1000 10TH AVE | | NEW YORK | NY"
nyc_013,1881926426,"ST.LUKES-ROOSEVELT HOSPITAL | 1000 10TH AVE # 2T | | NEW YORK | NY"
nyc_013,1902052392,"SLRHC FACULTY PRACTICE | 1000 10TH AVE | SUIT 11G | NEW YORK | NY"
nyc_013,1902180011,"ST. LUKE'S ROOSEVELT HOSPITAL | 1000 10TH AVE | 3A-02 | NEW YORK | NY"
nyc_013,1922299668,"SLRHC FACULTY PRACTICE NEUROSURGERY IOM/SLR | 1000 10TH AVE | | NEW YORK | NY"
nyc_013,1922411065,"ICAHN SCHOOL OF MEDICINE AT MOUNT SINAI | 1000 10TH AVE | SUITE 10C | NEW YORK | NY"
nyc_013,1922477538,"ICAHN SCHOOL OF MEDICINE AT MOUNT SINAI | 1000 10TH AVENUE | | NEW YORK | NY"
nyc_014,1043413446,"SLRHC FACULTY PRACTICE | 1111 AMSTERDAM AVE | | NEW YORK | NY"
nyc_014,1063671352,"ST.LUKES-ROOSEVELT HOSPITAL CENTER | 1111 AMSTERDAM AVE | C/O OUTPATIENT PHARMACY 3RD FLOOR | NEW YORK | NY"
nyc_014,1124177159,"SLR DIAGNOSTIC RADIOLOGY, P.C. | 1111 AMSTERDAM AVE | DEPT OF RADIOLOGY | NEW YORK | NY"
nyc_014,1124497912,"ICAHN SCHOOL OF MEDICINE AT MOUNT SINAI | 1111 AMSTERDAM AVENUE | | NEW YORK | NY"
nyc_014,1225069149,"SLR DIAGNOSTIC RADIOLOGY, P.C. | 1111 AMSTERDAM AVE | DEPT OF RADIOLOGY | NEW YORK | NY"
nyc_014,1225441710,"ST LUKES HOSPITAL | 1111 AMSTERDAM AVE | | NEW YORK | NY"
nyc_014,1295029346,"ST. LUKE'S ROOSEVELT HOSPITAL CENTER | 1111 AMSTERDAM AVE | | NEW YORK | NY"
nyc_014,1356754824,"ST LUKES HOSPITAL | 1111 AMSTERDAM AVE | | NEW YORK | NY"
nyc_014,1356754857,"ST LUKES HOSPITAL | 1111 AMSTERDAM AVE | | NEW YORK | NY"
nyc_014,1417192311,"ST LUKES ROOSEVELT HOSPITAL CENTER | 1111 AMSTERDAM AVE | | NEW YORK | NY"
nyc_014,1447663943,"ST LUKES HOSPITAL | 1111 AMSTERDAM AVE | | NEW YORK | NY"
nyc_014,1457405896,"SLR OPHTHALMOLOGY ASSOCIATES, PC | 1111 AMSTERDAM AVE | | NEW YORK | NY"
nyc_014,1477958007,"ST LUKES-ROOSEVELT HOSPITAL CENTER | 1111 AMSTERDAM AVENUE | | NEW YORK | NY"
nyc_014,1487996583,"SLRHC FACULTY PRACTICE | 1111 AMSTERDAM AVE | | NEW YORK | NY"
nyc_014,1508001405,"ST. LUKES ROOSEVELT HOSPITAL CENTER | 1111 AMSTERDAM AVENUE | | NEW YORK | NY"
nyc_014,1578610838,"WEST SIDE RADIOLOGY ASSOCIATES, P.C. | 1111 AMSTERDAM AVE | | NEW YORK | NY"
nyc_014,1578765954,"SLRHC FACULTY PRACTICE | 1111 AMSTERDAM AVE | | NEW YORK | NY"
nyc_014,1619745601,"ST LUKES ROOSEVELT HOSPITAL CENTER | 1111 AMSTERDAM AVE | | NEW YORK | NY"
nyc_014,1639127913,"SLR FPP UNIVERSITY MEDICAL PRACTICE ASSOCIATES | 1111 AMSTERDAM AVE | | NEW YORK | NY"
nyc_014,1679221980,"ST LUKES ROOSEVELT HOSPITAL CENTER | 1111 AMSTERDAM AVE | | NEW YORK | NY"
nyc_014,1679952691,"ST.LUKE'S ROOSEVELT HOSPITAL | 1111 AMSTERDAM AVE | | NEW YORK | NY"
nyc_014,1710239025,"SLRHC FACULTY PRACTICE | 1111 AMSTERDAM AVE | | NEW YORK | NY"
nyc_014,1720123243,"ST LUKES-ROOSEVELT HOSPITAL CENTER | 1111 AMSTERDAM AVE | | NEW YORK | NY"
nyc_014,1750336764,"SLR MEDICAL ANESTHESIOLOGY, PC | 1111 AMSTERDAM AVE | | NEW YORK | NY"
nyc_014,1780358234,"MOUNT SINAI MORNINGSIDE HOSPITAL WEIGHT LOSS PROGRAM | 1111 AMSTERDAM AVE # WH1020 | | NEW YORK | NY"
nyc_014,1821789959,"MORNINGSIDE PODIATRY PLLC | 1080 AMSTERDAM AVE APT 101 | | NEW YORK | NY"
nyc_014,1871962738,"ICAHN SCHOOL OF MEDICINE AT MOUNT SINAI | 1111 AMSTERDAM AVENUE | | NEW YORK | NY"
nyc_014,1891900775,"ST. LUKES ROOSEVELT HOSPITAL CENTER | 1111 AMSTERDAM AVE | | NEW YORK | NY"
nyc_014,1922255488,"WESTSIDE ANESTHESIOLOGY PC | 1111 AMSTERDAM AVE | | NEW YORK | NY"
nyc_014,1942433891,"SLRHC FACULTY PRACTICE | 1111 AMSTERDAM AVE | | NEW YORK | NY"
nyc_015,1134405368,"LUTHERAN HOSPTAL | 150 55TH ST | ROOM 3-37 | BROOKLYN | NY"
nyc_015,1154644292,"LUTHERAN MEDICAL CENTER | 150 55TH ST | | BROOKLYN | NY"
nyc_015,1194002121,"LUTHERAN MEDICAL CENTER | 150 55TH ST | | BROOKLYN | NY"
nyc_015,1235233859,"LUTHERAN MEDICAL CENTER | 150 55TH ST | | BROOKLYN | NY"
nyc_015,1245635200,"NYU LUTHERAN MEDICAL CENTER | 150 55TH ST | | BROOKLYN | NY"
nyc_015,1346256104,"LMC PHYSICIAN SERVICES, PC | 150 55TH ST | | BROOKLYN | NY"
nyc_015,1346614443,"NYU LANGONE HOSPITALS | 150 55TH ST | | BROOKLYN | NY"
nyc_015,1427281682,"LMC PHYSICIAN SERVICES, PC | 150 55TH ST | | BROOKLYN | NY"
nyc_015,1427426824,"NYU LUTHERAN | 150 55TH ST | | BROOKLYN | NY"
nyc_015,1437523537,"NYU LANGONE HOSPITALS | 150 55TH ST | | BROOKLYN | NY"
nyc_015,1497043673,"LUTHERAN MEDICAL CENTER | 150, 55TH STREET | LUTHERAN MEDICAL CENTER-DEPARTMENT OF FAMILY MEDICINE | BROOKLYN | NY"
nyc_015,1528013695,"NYU LUTHERAN MEDICAL CENTER | 150 55TH ST | | BROOKLYN | NY"
nyc_015,1528432622,"NYU LANGONE HOSPITALS | 150 55TH ST | | BROOKLYN | NY"
nyc_015,1538111653,"NYU LUTHERAN MEDICAL CENTER | 150 55TH ST | | BROOKLYN | NY"
nyc_015,1558436360,"LUTHERAN MEDICAL CENTER | 150 55TH ST | | BROOKLYN | NY"
nyc_015,1568720738,"BROOKLYN PHYSICIAN SERVICES PC | 150 55TH STREET | LUTHERAN MEDICAL CENTER | BROOKLYN | NY"
nyc_015,1619341716,"NYU LANGONE HOSPITALS | 150 55TH ST | | BROOKLYN | NY"
nyc_015,1649527516,"LUTHERAN MEDICAL CENTER | 150 55TH ST | DENTAL DEPARTMENT | BROOKLYN | NY"
nyc_015,1801991914,"LUTHERAN MEDICAL CENTER | 150 55TH ST | | BROOKLYN | NY"
nyc_015,1811936529,"NYU LUTHERAN MEDICAL CENTER | 150 55TH ST | | BROOKLYN | NY"
nyc_015,1831549559,"NYU LANGONE HOSPITALS | 150 55TH ST | | BROOKLYN | NY"
nyc_015,1891112868,"LUTHERAN MEDICAL CENTER-NES | 150 55TH STREET STATION 3-03 | OFFICE OF EMERGENCY DEPT-- REBECCA TURNER | BROOKLYN | NY"
nyc_015,1982875183,"NYU LUTHERAN MEDICAL CENTER | 150 55TH ST | | BROOKLYN | NY"
nyc_016,1033437363,"WINTHROP UNIVERSITY HOSPITAL | 259 1ST ST | | MINEOLA | NY"
nyc_016,1093752628,"WINTHROP UNIVERSITY HOSPITAL EMERGENCY ROOM PHYSICIANS | 259 1ST ST | | MINEOLA | NY"
nyc_016,1114925567,"NYU LANGONE HOSPITALS | 259 1ST STREET | | MINEOLA | NY"
nyc_016,1114960853,"WINTHROP RADIOLOGY ASSOCIATES PC | 259 1ST ST | RADIOLOGY DEPT | MINEOLA | NY"
nyc_016,1124371091,"WINTHROP HOSPITALIST ASSOCIATES PC | 259 1ST ST | | MINEOLA | NY"
nyc_016,1134460249,"WINTHROP FIRST CARE MEDICAL SERVICES PC | 259 1ST ST | | MINEOLA | NY"
nyc_016,1174781900,"WINTHROP UNIVERSITY HOSPITAL | 259 1ST ST | | MINEOLA | NY"
nyc_016,1174907547,"WINTHROP FACULTY MEDICAL AFFILIATES UNIVERSITY FACULTY PRACTICE CORP | 259 1ST ST | | MINEOLA | NY"
nyc_016,1245649466,"WINTHROP-UNIVERSITY HOSPITAL PHARMACY DEPT | 259 1ST ST | | MINEOLA | NY"
nyc_016,1316216542,"WINTHROP UNIVERSITY HOSPITAL ASSOCIATION | 259 1ST ST | DEPARTMENT OF RADIOLOGY | MINEOLA | NY"
nyc_016,1326081605,"WINTHROP UNIVERSITY HOSPITAL EEG | 259 1ST ST | | MINEOLA | NY"
nyc_016,1386924439,"WINTHROP FACULTY MEDICAL AFFILIATES UNIVERSITY FACULTY PRACTICE CORPOR | 259 1ST ST | | MINEOLA | NY"
nyc_016,1386929867,"WINTHROP UNIVERSITY HOSPITAL | 259 FIRST STREET | | MINEOLA | NY"
nyc_016,1427616002,"NYU LANGONE HOSPITALS | 259 1ST ST | | MINEOLA | NY"
nyc_016,1447564034,"WINTHROP UNIVERSITY HOSPITAL | 259 1ST ST | | MINEOLA | NY"
nyc_016,1477913069,"WINTHROP FACULTY MEDICAL AFFILIATES UNIVERSITY FACULTY PRACTICE CORPOR | 259 1ST ST | | MINEOLA | NY"
nyc_016,1629011911,"WINTHROP UNIVERSITY HOSPITAL EKG | 259 1ST ST | | MINEOLA | NY"
nyc_016,1699933432,"WINTHROP UNIVERSITY HOSPITAL | 259 1ST ST | PEDIATRIC DEPARTMENT | MINEOLA | NY"
nyc_016,1861435141,"WINTHROP UNIVERSITY HOSPITAL PA/NP SERVICES | 259 1ST ST | | MINEOLA | NY"
nyc_016,1891954939,"WINTHROP UNIVERSITY HOSPITAL | 259 1ST ST | | MINEOLA | NY"
nyc_016,1952578577,"WINTHROP UNIVERSITY HOSPITAL | 259 1ST ST | 3 MAIN-NEURO PA OFFICE | MINEOLA | NY"
nyc_016,1952663379,"WINTHROP UNIVERSITY HOSPITAL | 259 1ST ST | | MINEOLA | NY"
nyc_017,1063894822,"NEW YORK PRESBYTERIAN HOSPITAL | 5141 BROADWAY | | NEW YORK | NY"
nyc_017,1194942201,"NEW YORK PRESBYTERIAN HOSPITAL | 5141 BROADWAY | | NEW YORK | NY"
nyc_017,1396921839,"NEW YORK PRESBYTERIAN MEDICAL CENTER | 5141 BROADWAY | | NEW YORK | NY"
nyc_017,1457498834,"NEW YORK-PRESBYTERIAN HOSPITAL | 5141 BROADWAY | RM 2-095 | NEW YORK | NY"
nyc_017,1922406628,"TRUSTEES OF COLUMBIA UNIVERSITY IN THE CITY OF NEW YORK | 5141 BROADWAY | 3RD FLOOR | NEW YORK | NY"
nyc_018,1003830589,"DOWNTOWN NUCLEAR CARDIOLOGY, P.C. | 170 WILLIAM ST | SUITE 814 | NEW YORK | NY"
nyc_018,1053413989,"NEW YORK DOWNTOWN HOSPITAL | 170 WILLIAM ST | | NEW YORK | NY"
nyc_018,1083778831,"NEW YORK DOWNTOWN HOSPITAL | 170 WILLIAM ST | 3RD FL | NEW YORK | NY"
nyc_018,1144669862,"NY PRESBYTERIAN HOSPITAL | 170 WILLIAM ST | | NEW YORK | NY"
nyc_018,1174861322,"NEW YORK DOWNTOWN HOSPITAL | 170 WILLIAM ST | DEPT. OF OB/GYN | NEW YORK | NY"
nyc_018,1396780581,"NY DOWNTOWN FACULTY PRACTICE OPD | 170 WILLIAM ST | | NEW YORK | NY"
nyc_018,1427095652,"NEW YORK DOWNTOWN MEDICAL ASSOCIATES | 170 WILLIAM ST | | NEW YORK | NY"
nyc_018,1457417701,"NEW YORK DOWNTOWN PEDIATRICS | 170 WILLIAM ST | | NEW YORK | NY"
nyc_018,1497778476,"BEEKMAN MEDICAL SPECIALTY ASSOCIATES, P.C. | 170 WILLIAM ST | SUITE 814 | NEW YORK | NY"
nyc_018,1629036751,"NEW YORK DOWNTOWN HOSPITAL FPP | 170 WILLIAM ST | NEW YORK DOWNTOWN HOSPITAL | NEW YORK | NY"
nyc_018,1699921494,"NY DOWNTOWN HOSPITAL RADIOLOGY FACULTY PRACTICE | 170 WILLIAM ST | RADIOLOGY | NEW YORK | NY"
nyc_018,1821437906,"NEW YORK DOWNTOWN HOSPITAL | 170 WILLIAM ST | | NEW YORK | NY"
nyc_018,1841446390,"NY DOWNTOWN HOSPITAL | 170 WILLIAM ST | OB/GYN MOMS | NEW YORK | NY"
nyc_018,1891903258,"NEW YORK DOWNTOWN PATHOLOGY | 170 WILLIAM ST # 706 | | NEW YORK | NY"
nyc_018,1902961816,"NEW YORK DOWNTOWN HOSPITAL | 170 WILLIAM ST | | NEW YORK | NY"
nyc_018,1902963465,"NY DOWNTOWN OB GYN ASSOCIATES | 170 WILLIAM ST FL 5 | | NEW YORK | NY"
nyc_019,1275632895,"NYU LANGONE HOSPITALS | 301 E 17TH ST | | NEW YORK | NY"
nyc_019,1326201575,"HOSPITAL FOR JOINT DISEASES NYU LAGONE MEDICAL CENTER | 301 E 17TH ST | | NEW YORK | NY"
nyc_019,1336442862,"NEW YORK UNIVERSITY | 301 E 17TH ST | | NEW YORK | NY"
nyc_019,1518314400,"NYU-HOSPITAL FOR JOINT DISEASES | 301 E 17TH ST | | NEW YORK | NY"
nyc_019,1659127082,"NYU LANGONE HOSPITALS | 301 EAST 17TH | | NEW YORK | NY"
nyc_019,1669578324,"NYU LANGONE HOSPITALS | 301 E 17TH ST | | NEW YORK | NY"
nyc_019,1710040787,"NYU HOSPITAL FOR JIONT DISEASES | 301 E 17TH ST | | NEW YORK | NY"
nyc_019,1710132790,"NEW YORK UNIVERSITY | 301 E 17TH ST | SUITE 544 | NEW YORK | NY"
nyc_019,1730417353,"NEW YORK UNIVERSITY | 301 E 17TH ST | | NEW YORK | NY"
nyc_019,1912220153,"NYU HOSPITAL FOR JOINT DISEASES | 300 E 17TH ST | | NEW YORK | NY"
nyc_019,1942450804,"NEW YORK UNIVERSITY | 301 E 17TH ST | 10TH FL | NEW YORK | NY"
sf_001,1013366269,"UCSF MEDICAL CENTER | 505 PARNASSUS AVE | | SAN FRANCISCO | CA"
sf_001,1023117983,"UNIVERSITY OF CALIFORNIA SAN FRANCISCO MEDICAL CENTER | 505 PARNASSUS AVE | | SAN FRANCISCO | CA"
sf_001,1023188695,"REGENTS OF THE UNIVERSITY OF CALIFORNIA | 505 PARNASSUS AVE | | SAN FRANCISCO | CA"
sf_001,1033289608,"REGENTS OF THE UNIVERSITY OF CALIFORNIA | 505 PARNASSUS AVE | | SAN FRANCISCO | CA"
sf_001,1043303241,"UNIVERSITY OF CALIFORNIA, SAN FRANCISCO | 505 PARNASSUS AVENUE | | SAN FRANCISCO | CA"
sf_001,1043318967,"UNIVERSITY OF CALIFORNIA, SAN FRANCISCO | 505 PARNASSUS AVE | | SAN FRANCISCO | CA"
sf_001,1043356298,"UNIVERSITY OF CALIFORNIA SAN FRANCISCO MEDICAL CENTER | 505 PARNASSUS AVE | | SAN FRANCISCO | CA"
sf_001,1053588640,"UNIVERSITY OF CALIFORNIA SAN FRANCISCO MEDICAL CENTER | 505 PARNASSUS AVE | | SAN FRANCISCO | CA"
sf_001,1053631788,"UCSF MEDICAL CENTER | 505 PARNASSUS AVE | BOX 0810 | SAN FRANCISCO | CA"
sf_001,1063510998,"UNIVERSITY OF CALIFORNIA, SAN FRANCISCO | 505 PARNASSUS AVE | | SAN FRANCISCO | CA"
sf_001,1083713788,"UNIVERSITY OF CALIFORNIA SAN FRANCISCO MEDICAL CENTER | 505 PARNASSUS AVE | | SAN FRANCISCO | CA"
sf_001,1083818033,"UCSF MEDICAL CENTER | 505 PARNASSUS AVE | | SAN FRANCISCO | CA"
sf_001,1083938104,"UC SAN FRANCISCO | 505 PARNASSUS AVE | M691, 0110 | SAN FRANCISCO | CA"
sf_001,1093045478,"UCSF MEDICAL CENTER | 505 PARNASSUS AVE | | SAN FRANCISCO | CA"
sf_001,1104919208,"UNIVERSITY OF CALIFORNIA, SAN FRANCISCO | 505 PARNASSUS AVENUE | | SAN FRANCISCO | CA"
sf_001,1114097789,"REGENTS OF THE UNIVERSITY OF CALIFORNIA | 505 PARNASSUS AVE | | SAN FRANCISCO | CA"
sf_001,1114104429,"UCSF MEDICAL GROUP BUSINESS SERVICES | 505 PARNASSUS AVE | | SAN FRANCISCO | CA"
sf_001,1114646833,"UNIVERSITY OF CALIFORNIA SAN FRANCISCO | 505 PARNASSUS AVE # M39 | | SAN FRANCISCO | CA"
sf_001,1124396999,"UCSF MEDICAL CENTER | 505 PARNASSUS AVE | | SAN FRANCISCO | CA"
sf_001,1124439807,"REGENTS UNIV OF CALIFORNIA UCSF | 505 PARNASSUS AVE | | SAN FRANCISCO | CA"
sf_001,1134227044,"UNIVERSITY OF CALIFORNIA SAN FRANCISCO MEDICAL CENTER | 505 PARNASSUS AVE | | SAN FRANCISCO | CA"
sf_001,1134306194,"UCSF | 505 PARNASSUS | | SAN FRANCISCO | CA"
sf_001,1144325440,"UNIVERSITY OF CALIFORNIA SAN FRANCISCO MEDICAL CENTER | 505 PARNASSUS AVE | | SAN FRANCISCO | CA"
sf_001,1144544586,"UCSF DEPARTMENT OF PEDIATRICS | 505 PARNASSUS AVE | UC SAN FRANCISCO, M691 BOX 0110 | SAN FRANCISCO | CA"
sf_001,1144697046,"UCSF MEDICAL CENTER | 505 PARNASSUS AVE | 11 LONG | SAN FRANCISCO | CA"
sf_001,1164568309,"UNIVERSITY OF CALIFORNIA SAN FRANCISCO MEDICAL CENTER | 505 PARNASSUS AVE | | SAN FRANCISCO | CA"
sf_001,1184722167,"UNIVERSITY OF CALIFORNIA, SAN FRANCISCO | 505 PARNASSUS AVE | | SAN FRANCISCO | CA"
sf_001,1184728701,"UNIVERSITY OF CALIFORNIA SAN FRANCISCO MEDICAL CENTER | 505 PARNASSUS AVE | | SAN FRANCISCO | CA"
sf_001,1184794752,"REGENTS OF THE UNIVERSITY OF CALIFORNIA | 505 PARNASSUS AVE | | SAN FRANCISCO | CA"
sf_001,1194824813,"UNIVERSITY OF CALIFORNIA SAN FRANCISCO MEDICAL CENTER | 505 PARNASSUS AVE | | SAN FRANCISCO | CA"
sf_001,1235206046,"UNIVERSITY OF CALIFORNIA SAN FRANCISCO MEDICAL CENTER | 505 PARNASSUS AVE | | SAN FRANCISCO | CA"
sf_001,1245335686,"UNIVERSITY OF CALIFORNIA SAN FRANCISCO MEDICAL CENTER | 505 PARNASSUS AVE | | SAN FRANCISCO | CA"
sf_001,1255423968,"UNIVERSITY OF CALIFORNIA SAN FRANCISCO MEDICAL CENTER | 505 PARNASSUS AVE | | SAN FRANCISCO | CA"
sf_001,1265481089,"UNIVERSITY OF CALIFORNIA SAN FRANCISCO | 505 PARNASSUS AVE | RM M39 | SAN FRANCISCO | CA"
sf_001,1265530240,"UNIVERSITY OF CALIFORNIA, SAN FRANCISCO | 505 PARNASSUS AVE | | SAN FRANCISCO | CA"
sf_001,1265702302,"UCSF | 505 PARNASSUS AVE, SUITE M1201 | UCSF, CTSI - | SAN FRANCISCO | CA"
sf_001,1265890263,"REGENTS OF THE UNIVERSITY OF CALIFORNIA - UCSF | 505 PARNASSUS AVE | | SAN FRANCISCO | CA"
sf_001,1275767683,"UCSF MEDICAL CENTER | 505 PARNASSUS AVE RM 1319B | | SAN FRANCISCO | CA"
sf_001,1285725440,"UNIVERSITY OF CALIFORNIA SAN FRANCISCO MEDICAL CENTER | 505 PARNASSUS AVE | | SAN FRANCISCO | CA"
sf_001,1285818112,"UNIVERSITY OF CALIFORNIA - SAN FRANCISCO | 505 PARNASSUS AVE | BOX 0106 | SAN FRANCISCO | CA"
sf_001,1295828390,"UNIVERSITY OF CALIFORNIA, SAN FRANCISCO | 505 PARNASSUS AVENUE | | SAN FRANCISCO | CA"
sf_001,1295971950,"UCSF MEDICAL CENTER | 505 PARNASSUS AVE | BOX 0810 | SAN FRANCISCO | CA"
sf_001,1316194657,"UCSF MEDICAL CENTER | 505 PARNASSUS AVE # M-391 | | SAN FRANCISCO | CA"
sf_001,1326118043,"UCSF MEDICAL GROUP BUSINESS SERVICES | 505 PARNASSUS AVE | M1490 | SAN FRANCISCO | CA"
sf_001,1326349333,"UNIVERSITY OF CALIFORNIA, SAN FRANCISCO | 505 PARNASSUS AVE | | SAN FRANCISCO | CA"
sf_001,1326566050,"UCSF MEDICAL CENTER | 505 PARNASSUS AVE | | SAN FRANCISCO | CA"
sf_001,1336244474,"UNIVERSITY OF CALIFORNIA, SAN FRANCISCO | 505 PARNASSUS AVE | | SAN FRANCISCO | CA"
sf_001,1346344801,"UNIVERSITY OF CALIFORNIA SAN FRANCISCO MEDICAL CENTER | 505 PARNASSUS AVE | | SAN FRANCISCO | CA"
sf_001,1346345477,"UNIVERSITY OF CALIFORNIA, SAN FRANCISCO | 505 PARNASSUS AVE | | SAN FRANCISCO | CA"
sf_001,1376613943,"REGENTS OF THE UNIVERSITY OF CALIFORNIA | 505 PARNASSUS AVE | | SAN FRANCISCO | CA"
sf_001,1376614016,"UCSF PEDIATRICS ASSOCIATES | 505 PARNASSUS AVE | | SAN FRANCISCO | CA"
sf_001,1376642108,"UNIVERSITY OF CALIFORNIA, SAN FRANCISCO | 505 PARNASSUS AVE | | SAN FRANCISCO | CA"
sf_001,1376648642,"UNIVERSITY OF CALIFORNIA SAN FRANCISCO MEDICAL CENTER | 505 PARNASSUS AVE | | SAN FRANCISCO | CA"
sf_001,1376733923,"UCSF | 505 PARNASSUS AVE | BOX 0226 | SAN FRANCISCO | CA"
sf_001,1396074910,"UCSF MEDICAL CENTER | 505 PARNASSUS AVE | | SAN FRANCISCO | CA"
sf_001,1407023096,"UNIVERSITY OF CALIFORNIA SAN FRANCISCO MEDICAL CENTER | 505 PARNASSUS AVE | | SAN FRANCISCO | CA"
sf_001,1437254562,"UNIVERSITY OF CALIFORNIA, SAN FRANCISCO | 505 PARNASSUS AVE | | SAN FRANCISCO | CA"
sf_001,1447396684,"UNIVERSITY OF CALIFORNIA SAN FRANCISCO MEDICAL CENTER | 505 PARNASSUS AVE | | SAN FRANCISCO | CA"
sf_001,1457450116,"UNIVERSITY OF CALIFORNIA SAN FRANCISCO MEDICAL CENTER | 505 PARNASSUS AVE | | SAN FRANCISCO | CA"
sf_001,1457555328,"UCSF MEDICAL CENTER | 505 PARNASSUS AVE | | SAN FRANCISCO | CA"
sf_001,1457604498,"UCSF PEDIATRIC ASSOCIATES | 505 PARNASSUS AVE # M647 | UCSF BENIOFF CHILDRENS HOSPITAL | SAN FRANCISCO | CA"
sf_001,1467522037,"REGENTS OF THE UNIVERSITY OF CALIFORNIA | 505 PARNASSUS AVE | | SAN FRANCISCO | CA"
sf_001,1467559997,"UNIVERSITY OF CALIFORNIA SAN FRANCISCO MEDICAL CENTER | 505 PARNASSUS AVE | | SAN FRANCISCO | CA"
sf_001,1477626042,"REGENTS OF THE UNIVERSITY OF CALIFORNIA | 505 PARNASSUS AVE | | SAN FRANCISCO | CA"
sf_001,1477627537,"UCSF DEPT OF SURGERY | 505 PARNASSUS AVE | | SAN FRANCISCO | CA"
sf_001,1477703783,"UCSF MEDICAL CENTER | 505 PARNASSUS AVE | | SAN FRANCISCO | CA"
sf_001,1497847552,"UNIVERSITY OF CALIFORNIA SAN FRANCISCO MEDICAL CENTER | 505 PARNASSUS AVE | | SAN FRANCISCO | CA"
sf_001,1508002288,"UCSF MEDICAL CENTER | 505 PARNASSUS AVE | BOX 0810 | SAN FRANCISCO | CA"
sf_001,1538263546,"UNIVERSITY OF CALIFORNIA, SAN FRANCISCO | 505 PARNASSUS AVE | | SAN FRANCISCO | CA"
sf_001,1548421837,"UNIVERSITY OF CALIFORNIA SAN FRANCISCO MEDICAL CENTER | 505 PARNASSUS AVE | | SAN FRANCISCO | CA"
sf_001,1558431122,"REGENTS OF THE UNIVERSITY OF CALIFORNIA | 505 PARNASSUS AVE | | SAN FRANCISCO | CA"
sf_001,1558595470,"UNIVERSITY OF CALIFORNIA, SAN FRANCISCO | 505 PARNASSUS AVE | ROOM M-987 | SAN FRANCISCO | CA"
sf_001,1588712285,"UCSF DEPARTMENT OF LABORATORY MEDICINE | 505 PARNASSUS AVE | | SAN FRANCISCO | CA"
sf_001,1588809016,"UCSF | 505 PARNASSUS AVE # M-391 | | SAN FRANCISCO | CA"
sf_001,1598996225,"UNIVERSITY OF CALIFORNIA, SAN FRANCISCO | 505 PARNASSUS AVE M691 | | SAN FRANCISCO | CA"
sf_001,1609933605,"UNIVERSITY OF CALIFORNIA SAN FRANCISCO | 505 PARNASSUS AVE | BOX 0132 | SAN FRANCISCO | CA"
sf_001,1619071263,"UNIVERSITY OF CALIFORNIA SAN FRANCISCO MEDICAL CENTER | 505 PARNASSUS AVE | | SAN FRANCISCO | CA"
sf_001,1639274764,"UNIVERSITY OF CALIFORNIA SAN FRANCISCO MEDICAL CENTER | 505 PARNASSUS AVE | | SAN FRANCISCO | CA"
sf_001,1639278369,"UNIVERSITY OF CALIFORNIA SAN FRANCISCO MEDICAL CENTER | 505 PARNASSUS AVE | | SAN FRANCISCO | CA"
sf_001,1679882245,"UCSF PACKAGE PRICING PROGRAM | 505 PARNASSUS AVE | | SAN FRANCISCO | CA"
sf_001,1689766727,"UNIVERSITY OF CALIFORNIA SAN FRANCISCO MEDICAL CENTER | 505 PARNASSUS AVE | | SAN FRANCISCO | CA"
sf_001,1689771123,"UNIVERSITY OF CALIFORNIA, SAN FRANCISCO | 505 PARNASSUS AVE | | SAN FRANCISCO | CA"
sf_001,1689772592,"UNIVERSITY OF CALIFORNIA, SAN FRANCISCO | 505 PARNASSUS AVE | | SAN FRANCISCO | CA"
sf_001,1689846404,"UNIVERSITY OF CALIFORNIA, SAN FRANCISCO | 505 PARNASSUS AVE | | SAN FRANCISCO | CA"
sf_001,1700981131,"UNIVERSITY OF CALIFORNIA SAN FRANCISCO MEDICAL CENTER | 505 PARNASSUS AVE | | SAN FRANCISCO | CA"
sf_001,1710231998,"UNIVERSITY OF CALIFORNIA, SAN FRANCISCO | 505 PARNASSUS AVE | SUITE M1291 MAILBOX 0126 | SAN FRANCISCO | CA"
sf_001,1720170889,"UNIVERSITY OF CALIFORNIA SAN FRANCISCO MEDICAL CENTER | 505 PARNASSUS AVE | | SAN FRANCISCO | CA"
sf_001,1720183098,"UNIVERSITY OF CALIFORNIA, SAN FRANCISCO | 505 PARNASSUS AVE | | SAN FRANCISCO | CA"
sf_001,1720183858,"UNIVERSITY OF CALIFORNIA SAN FRANCISCO MEDICAL CENTER | 505 PARNASSUS AVE | | SAN FRANCISCO | CA"
sf_001,1750474953,"UNIVERSITY OF CALIFORNIA SAN FRANCISCO | 505 PARNASSUS AVE | | SAN FRANCISCO | CA"
sf_001,1760552343,"REGENTS OF THE UNIVERSITY OF CALIFORNIA | 505 PARNASSUS AVE | | SAN FRANCISCO | CA"
sf_001,1770650921,"UCSF INTERVENTIONAL RADIOLOGY | 505 PARNASSUS AVE | | SAN FRANCISCO | CA"
sf_001,1770666737,"UNIVERSITY OF CALIFORNIA SAN FRANCISCO MEDICAL CENTER | 505 PARNASSUS AVE | | SAN FRANCISCO | CA"
sf_001,1770680217,"UNIVERSITY OF CALIFORNIA, SAN FRANCISCO | 505 PARNASSUS AVE | | SAN FRANCISCO | CA"
sf_001,1780862854,"UCSF | 505 PARNASSUS AVE | | SAN FRANCISCO | CA"
sf_001,1801991252,"UNIVERSITY OF CALIFORNIA SAN FRANCISCO MEDICAL CENTER | 505 PARNASSUS AVE | | SAN FRANCISCO | CA"
sf_001,1831282144,"UNIVERSITY OF CALIFORNIA, SAN FRANCISCO | 505 PARNASSUS AVENUE | | SAN FRANCISCO | CA"
sf_001,1871786988,"UCSF MEDICAL CENTER | 505 PARNASSUS AVE | | SAN FRANCISCO | CA"
sf_001,1881763597,"REGENTS OF THE UNIVERSITY OF CALIFORNIA | 505 PARNASSUS AVE | | SAN FRANCISCO | CA"
sf_001,1881917805,"UNIVERSITY OF CALIFORNIA SAN FRANCISCO PEDIATRICS RESIDENCY PROGRAM | 505 PARNASSUS AVE | | SAN FRANCISCO | CA"
sf_001,1891887071,"UNIVERSITY OF CALIFORNIA SAN FRANCISCO MEDICAL CENTER | 505 PARNASSUS AVE | | SAN FRANCISCO | CA"
sf_001,1912043159,"UNIVERSITY OF CALIFORNIA SAN FRANCISCO MEDICAL CENTER | 505 PARNASSUS AVE | | SAN FRANCISCO | CA"
sf_001,1912313313,"UCSF MEDICAL CENTER | 505 PARNASSUS AVE | L171 | SAN FRANCISCO | CA"
sf_001,1942446711,"UCSF MEDICAL CENTER | 505 PARNASSUS AVE | BOX 0810 | SAN FRANCISCO | CA"
sf_001,1952401671,"UNIVERSITY OF CALIFORNIA SAN FRANCISCO MEDICAL CENTER | 505 PARNASSUS AVE | | SAN FRANCISCO | CA"
sf_001,1952706764,"UCSF MEDICAL CENTER | 505 PARNASSUS AVE | NUTRITION AND FOOD SERVICES BOX 0212 | SAN FRANCISCO | CA"
sf_001,1972601656,"UNIVERSITY OF CALIFORNIA SAN FRANCISCO MEDICAL CENTER | 505 PARNASSUS AVE | | SAN FRANCISCO | CA"
sf_001,1972686939,"UNIVERSITY OF CALIFORNIA SAN FRANCISCO MEDICAL CENTER | 505 PARNASSUS AVE | | SAN FRANCISCO | CA"
sf_002,1871543215,
sf_002,1265581086,
sf_002,1982753711,
sf_002,1174698468,
sf_002,1568595080,
sf_003,1043338957,"SUTTER WEST BAY HOSPITALS | 3555 CESAR CHAVEZ | | SAN FRANCISCO | CA"
sf_003,1063531846,"CALIFORNIA PACIFIC MEDICAL CENTER | 3555 CESAR CHAVEZ | | SAN FRANCISCO | CA"
sf_003,1134247281,"SUTTER WEST BAY HOSPITALS | 3555 CESAR CHAVEZ | | SAN FRANCISCO | CA"
sf_003,1164509337,"CALIFORNIA PACIFIC PATHOLOGY MEDICAL GROUP | 3555 CESAR CHAVEZ | | SAN FRANCISCO | CA"
sf_003,1164540217,"CALIFORNIA PACIFIC MEDICAL CENTER | 3555 CESAR CHAVEZ | | SAN FRANCISCO | CA"
sf_003,1225109937,"ST. LUKE'S SUTTER EMERGENCY PHYSICIANS | 3555 CESAR CHAVEZ | | SAN FRANCISCO | CA"
sf_003,1447378591,"CALIFORNIA PACIFIC MEDICAL CENTER | 3555 CESAR CHAVEZ | | SAN FRANCISCO | CA"
sf_003,1679785059,"ST LUKES HOSPITAL | 3555 CESAR CHAVEZ | | SAN FRANCISCO | CA"
sf_003,1730238007,"SUTTER BAY HOSPITALS | 3555 CESAR CHAVEZ | | SAN FRANCISCO | CA"
sf_003,1881712933,"SUTTER WEST BAY HOSPITALS | 3555 CESAR CHAVEZ | | SAN FRANCISCO | CA"
sf_004,1134999212,"UCSF HEALTH | 1975 4TH ST | | SAN FRANCISCO | CA"
sf_004,1164977237,"UCSF BENIOFF CHILDREN'S HOSPITAL | 1975 4TH ST | BOX 550 | SAN FRANCISCO | CA"
sf_004,1396120721,"UCSF BENIOFF CHILDRENS HOSPITAL | 1975 4TH ST | 6TH FLOOR | SAN FRANCISCO | CA"
sf_005,1003929852,"LUCILE PACKARD CHILDRENS HOSPITAL | 725 WELCH RD | | PALO ALTO | CA"
sf_005,1023121878,"LUCILE PACKARD CHILDRENS HOSPITAL | 725 WELCH RD | | PALO ALTO | CA"
sf_005,1033169560,"LUCILE PACKARD CHILDRENS HOSPITAL | 725 WELCH RD | | PALO ALTO | CA"
sf_005,1073564571,"LUCILE PACKARD CHILDRENS HOSPITAL | 725 WELCH RD | | PALO ALTO | CA"
sf_005,1073998647,"STANFORD CHILDREN'S HOSPITAL | 725 WELCH RD | MC 5652 | PALO ALTO | CA"
sf_005,1134170574,"LUCILE PACKARD CHILDRENS HOSPITAL | 725 WELCH RD | | PALO ALTO | CA"
sf_005,1144271636,"STANFORD HOSPITAL AND CLINICS | 725 WELCH RD | | PALO ALTO | CA"
sf_005,1194838946,"LUCILE PACKARD CHILDRENS HOSPITAL | 725 WELCH RD | | PALO ALTO | CA"
sf_005,1205887783,"STANFORD HOSPITAL AND CLINICS | 725 WELCH RD | | PALO ALTO | CA"
sf_005,1225089667,"STANFORD HOSPITAL AND CLINICS | 725 WELCH RD | | PALO ALTO | CA"
sf_005,1285684712,"STANFORD HOSPITAL AND CLINICS | 725 WELCH RD | | PALO ALTO | CA"
sf_005,1285832634,"LUCILE PACKARD CHILDREN'S HOSPITAL | 725 WELCH RD | | PALO ALTO | CA"
sf_005,1285990135,"LUCILLE PACKARD CHILDREN'S HOSPITAL | 725 WELCH RD | | PALO ALTO | CA"
sf_005,1346699709,"LUCILE PACKARD CHILDREN'S HOSPITAL OUTPATIENT PHARMACY | 725 WELCH RD | | PALO ALTO | CA"
sf_005,1366492894,"STANFORD HOSTPITAL AND CLINICS | 725 WELCH RD | | PALO ALTO | CA"
sf_005,1417907940,"LPCH MEDICAL GROUP DIV OF LUCILE | 725 WELCH RD | | PALO ALTO | CA"
sf_005,1447313770,"LUCILE SALTER PACKARD CHILDREN'S HOSPITAL AT STANFORD | 725 WELCH RD | MAIL CODE 5500 | PALO ALTO | CA"
sf_005,1467442749,"LUCILE SALTER PACKARD CHILDREN'S HOSPITAL AT STANFORD | 725 WELCH RD | MAIL CODE 5500 | PALO ALTO | CA"
sf_005,1508131343,"LUCILE SALTER PACKARD CHILDREN'S HOSPITAL AT STANFORD | 725 WELCH RD | | PALO ALTO | CA"
sf_005,1649345646,"LUCILE SALTER PACKARD CHILDREN'S HOSPITAL AT STANFORD | 725 WELCH RD | | PALO ALTO | CA"
sf_005,1649383498,"LUCILE PACKARD CHILDRENS HOSPITAL | 725 WELCH RD | | PALO ALTO | CA"
sf_005,1700837283,"STANFORD HOSPITAL AND CLINICS | 725 WELCH RD | | PALO ALTO | CA"
sf_005,1730292582,"LUCILE PACKARD CHILDRENS HOSPITAL | 725 WELCH RD | | PALO ALTO | CA"
sf_005,1770855447,"LUCILE PACKARD CHILDREN'S HOSPITAL AT STANFORD | 725 WELCH RD | | PALO ALTO | CA"
sf_005,1821101676,"LUCILE PACKARD CHILDRENS HOSPITAL | 725 WELCH RD | | PALO ALTO | CA"
sf_005,1821499963,"LUCILE PACKARD CHILDREN'S HOSPITAL STANFORD | 725 WELCH RD # MC5652 | | PALO ALTO | CA"
sf_005,1841741675,"LUCILE PACKARD CHILDREN'S HOSPITAL | 725 WELCH RD | | PALO ALTO | CA"
sf_005,1861443285,"STANFORD HOSPITAL AND CLINICS | 725 WELCH RD | | PALO ALTO | CA"
sf_005,1912010760,"LUCILE PACKARD CHLDRENS HOSPITAL | 725 WELCH RD | | PALO ALTO | CA"
sf_005,1932212784,"LUCILE PACKARD CHILDRENS HOSPITAL | 725 WELCH RD | | PALO ALTO | CA"
sf_005,1942251475,"STANFORD HOSPITAL AND CLINICS | 725 WELCH RD | | PALO ALTO | CA"
sf_006,1043368012,"JOHN MUIR HEALTH | 1601 YGNACIO VALLEY RD | | WALNUT CREEK | CA"
sf_006,1093864837,"JOHN MUIR TRAUMA PHYSICIANS BILLING SERVICE | 1601 YGNACIO VALLEY RD | | WALNUT CREEK | CA"
sf_006,1174890305,"JOHN MUIR HEALTH | 1601 YGNACIO VALLEY RD | | WALNUT CREEK | CA"
sf_006,1235184110,"JOHN MUIR MAGNETIC IMAGING CENTER | 1601 YGNACIO VALLEY RD | | WALNUT CREEK | CA"
sf_006,1275753493,"JOHN MUIR HEALTH | 1601 YGNACIO VALLEY RD | | WALNUT CREEK | CA"
sf_006,1306056262,"JOHN MUIR CALL COVERAGE MEDICAL GROUP, INC. | 1601 YGNACIO VALLEY RD | | WALNUT CREEK | CA"
sf_006,1447269303,"JOHN MUIR HEALTH | 1601 YGNACIO VALLEY RD | | WALNUT CREEK | CA"
sf_006,1457400293,"JOHN MUIR TRAUMA PHYSICIANS BILLING SERVICE | 1601 YGNACIO VALLEY RD | | WALNUT CREEK | CA"
sf_006,1699099937,"JOHN MUIR HEALTH | 1601 YGNACIO VALLEY RD | | WALNUT CREEK | CA"
sf_006,1720137565,"JOHN MUIR TRAUMA PHYSICIANS BILLING SERVICE | 1601 YGNACIO VALLEY RD | | WALNUT CREEK | CA"
sf_006,1740215219,"JOHN MUIR HEALTH | 1601 YGNACIO VALLEY RD | | WALNUT CREEK | CA"
sf_006,1801163035,"JOHN MUIR HEALTH | 1601 YGNACIO VALLEY RD | | WALNUT CREEK | CA"
sf_006,1801945647,"JOHN MUIR TRAUMA PHYSICIAN MEDICAL GROUP | 1601 YGNACIO VALLEY RD | | WALNUT CREEK | CA"
sf_006,1962551861,"JOHN MUIR TRAUMA PHYSICIANS BILLING SERVICE | 1601 YGNACIO VALLEY RD | | WALNUT CREEK | CA"
sf_007,1164799391,"JOHN MUIR HEALTH | 2540 EAST ST | | CONCORD | CA"
sf_007,1336416569,"JOHN MUIR HEALTH | 2540 EAST ST | | CONCORD | CA"
sf_007,1720126717,"JOHN MUIR MEDICAL CTR CONCORD CAMPUS | 2540 EAST ST | | CONCORD | CA"
sf_007,1760602726,"JOHN MUIR HEALTH | 2540 EAST ST | | CONCORD | CA"
sf_007,1801821376,"JOHN MUIR HEALTH | 2540 EAST ST | | CONCORD | CA"
sf_007,1841687787,"JOHN MUIR MEDICAL CENTER | 2540 EAST ST | | CONCORD | CA"
sf_008,1023160009,"KAISER FOUNDATION HOSPITALS | 2425 GEARY BLVD | | SAN FRANCISCO | CA"
sf_008,1134299522,"KAISER FOUNDATION HOSPITALS | 2425 GEARY BLVD | | SAN FRANCISCO | CA"
sf_008,1285353102,"KAISER FOUNDATION HEALTH PLAN INC | 2425 GEARY BLVD | LOBBY RM L104 | SAN FRANCISCO | CA"
sf_008,1487722963,"KAISER | 2425 GEARY BLVD | | SAN FRANCISCO | CA"
sf_008,1710052428,"KAISER FOUNDATION HOSPITALS | 2425 GEARY BLVD | | SAN FRANCISCO | CA"
sf_008,1881139475,"KAISER PERMANENTE | 2425 GEARY BLVD | 1ST FL PHARMACY | SAN FRANCISCO | CA"
sf_008,1982955126,"KAISER PERMANENTE | 2425 GEARY BLVD | | SAN FRANCISCO | CA"
sf_009,1043670334,"SUTTER BAY HOSPITALS | 1501 TROUSDALE DR | | BURLINGAME | CA"
sf_009,1518937051,"MILLS-PENINSULA HEALTH SERVICES | 1501 TROUSDALE DR | | BURLINGAME | CA"
sf_009,1598872004,"MILLS-PENINSULA HEALTH SERVICES | 1501 TROUSDALE DR | | BURLINGAME | CA"
sf_010,1235253816,"UCSF HEALTH COMMUNITY HOSPITALS | 900 HYDE ST | | SAN FRANCISCO | CA"
sf_010,1316061997,"UCSF HEALTH COMMUNITY HOSPITALS | 900 HYDE ST | | SAN FRANCISCO | CA"
sf_010,1780708362,"UCSF HEALTH COMMUNITY HOSPITALS | 900 HYDE ST | | SAN FRANCISCO | CA"
sf_010,1861511206,"SAINT FRANCIS MEMORIAL HOSPITAL | 900 HYDE ST | | SAN FRANCISCO | CA"
sf_011,1003917923,"REGENTS OF THE UNIVERSITY OF CALIFORNIA | 1001 POTRERO AVE | BLDG 100, RM 104 | SAN FRANCISCO | CA"
sf_011,1033325493,"UNIVERSITY OF CALIFORNIA SFGH MEDICAL GROUP | 1001 POTRERO AVE | RM. 6D14 | SAN FRANCISCO | CA"
sf_011,1033913959,"UNIVERSITY OF CALIFORNIA SFGH MEDICAL GROUP | 1001 POTRERO AVE RM 3A | | SAN FRANCISCO | CA"
sf_011,1063487122,"UNIVERSITY OF CALIFORNIA SFGH MEDICAL GROUP | 1001 POTRERO AVENUE BLDG 5, 1ST FL | | SAN FRANCISCO | CA"
sf_011,1073836060,"UNIVERSITY OF CALIFORNIA SFGH MEDICAL GROUP | 1001 POTRERO AVE | RM. 5H22 | SAN FRANCISCO | CA"
sf_011,1093060691,"UNIVERSITY OF CALIFORNIA SFGH MEDICAL GROUP | 1001 POTRERO AVE | BLDG 5H ROOM 22 | SAN FRANCISCO | CA"
sf_011,1134296023,"SAN FRANCISCO GENERAL HOSPITAL | 1001 POTRERO AVE | 1C3 | SAN FRANCISCO | CA"
sf_011,1134319882,"UNIVERSITY OF CALIFORNIA, SAN FRANCISCO | 1001 POTRERO AVE | BLDG. 9 TRAILER | SAN FRANCISCO | CA"
sf_011,1154396208,"UNIVERSITY OF CALIFORNIA SFGH MEDICAL GROUP | 1001 POTRERO AVE | RM 3A32 | SAN FRANCISCO | CA"
sf_011,1164497285,"UNIVERSITY OF CALIFORNIA SFGH MEDICAL GROUP | 1001 POTRERO AVENUE | BLDG 90 WARD 92 | SAN FRANCISCO | CA"
sf_011,1174598296,"UNIVERSITY OF CALIFORNIA SFGH MEDICAL GROUP | 1001 POTRERO AVE | BLDG 80 WARD 83 RM 320 | SAN FRANCISCO | CA"
sf_011,1174729065,"UNIVERSITY OF CALIFORNIA, SAN FRANCISCO | 995 POTRERO AVE | BLDG 80, WARD 80, BASEMENT ROOM 8000 S | SAN FRANCISCO | CA"
sf_011,1194918920,"UNIVERSITY OF CALIFORNIA SAN FRANCISCO | 1001 POTRERO AVE | RM. 6D33 | SAN FRANCISCO | CA"
sf_011,1225003346,"UNIVERSITY OF CALIFORNIA SFGH MEDICAL GROUP | 1001 POTRERO AVE | BLDG 3, RM 108 | SAN FRANCISCO | CA"
sf_011,1245325463,"UNIVERSITY OF CALIFORNIA SFGH MEDICAL GROUP | 1001 POTRERO AVENUE | BLDG.100, RM. 342 | SAN FRANCISCO | CA"
sf_011,1306282975,"UNIVERSITY OF CALIFORNIA SFGH MEDICAL GROUP | 1001 POTRERO AVE | RM. 3A35 | SAN FRANCISCO | CA"
sf_011,1306811930,"UNIVERSITY OF CALIFORNIA SFGH MEDICAL GROUP | 1001 POTRERO AVENUE | BLDG 10, WARD 13 | SAN FRANCISCO | CA"
sf_011,1316912439,"UNIVERSITY OF CALIFORNIA SFGH MEDICAL GROUP | 1001 POTRERO AVENUE | BLDG 5 FL 6 RM 6A16 | SAN FRANCISCO | CA"
sf_011,1326013442,"UNIVERSITY OF CALIFORNIA SFGH MEDICAL GROUP | 1001 POTRERO AVENUE | BLDG 80 WARD 84 | SAN FRANCISCO | CA"
sf_011,1336114487,"UNIVERSITY OF CALIFORNIA SFGH MEDICAL GROUP | 1001 POTRERO AVE | BLDG 90, FL 2 WARD 92 | SAN FRANCISCO | CA"
sf_011,1336114495,"UNIVERSITY OF CALIFORNIA SFGH MEDICAL GROUP | 1001 POTRERO AVE | RM 5K1 | SAN FRANCISCO | CA"
sf_011,1346464799,"CITY & COUNTY OF SAN FRANCISCO | 1001 POTRERO AVE | SAN FRANCISCO GENERAL HOSPITAL OUT-PATIENT PHARMACY | SAN FRANCISCO | CA"
sf_011,1356316418,"UNIVERSITY OF CALIFORNIA SFGH MEDICAL GROUP | 1001 POTRERO AVE | BLDG 25, BLDG 5 | SAN FRANCISCO | CA"
sf_011,1356316475,"UNIVERSITY OF CALIFORNIA SFGH MEDICAL GROUP | 1001 POTRERO AVENUE | BLDG 100 RM 342 | SAN FRANCISCO | CA"
sf_011,1356696215,"UNIVERSITY OF CALIFORNIA SFGH MEDICAL GROUP | 995 POTRERO AVE | BLDG.80, RM 229 | SAN FRANCISCO | CA"
sf_011,1366417420,"UNIVERSITY OF CALIFORNIA SFGH MEDICAL GROUP | 1001 POTRERO AVE | RM 3C34 | SAN FRANCISCO | CA"
sf_011,1366417933,"UNIVERSITY OF CALIFORNIA SFGH MEDICAL GROUP | 1001 POTRERO AVENUE | BLDG 80 6TH FLOOR | SAN FRANCISCO | CA"
sf_011,1386182327,"UNIVERSITY OF CALIFORNIA SAN FRANCISCO | 1001 POTRERO AVE | BLDG 3, ROOM 207 | SAN FRANCISCO | CA"
sf_011,1386619344,"UNIVERSITY OF CALIFORNIA SFGH MEDICAL GROUP | 1001 POTRERO AVE | RM 5G1 | SAN FRANCISCO | CA"
sf_011,1386619419,"UNIVERSITY OF CALIFORNIA SFGH MEDICAL GROUP | 1001 POTRERO AVE. BLDG. 80, 6TH FL, WARD 86 | | SAN FRANCISCO | CA"
sf_011,1386834190,"UNIVERSITY OF CALIFORNIA, SAN FRANCISCO | 1001 POTRERO AVE | SFGHMC, BLDG.90, WARD 95 | SAN FRANCISCO | CA"
sf_011,1407046154,"UNIVERSITY OF CALIFORNIA, SAN FRANCISCO | 1001 POTRERO AVE | SFGHMC, BLDG.90, WARD 93 | SAN FRANCISCO | CA"
sf_011,1407821465,"UNIVERSITY OF CALIFORNIA SFGH MEDICAL GROUP | 1001 POTRERO AVE | RM 3A20 | SAN FRANCISCO | CA"
sf_011,1407821523,"UNIVERSITY OF CALIFORNIA SFGH MEDICAL GROUP | 1001 POTRERO AVE | RM 6D14 | SAN FRANCISCO | CA"
sf_011,1447288634,"SAN FRANCISCO GENERAL HOSPITAL OUTPATIENT PHARMACY | 1001 POTRERO AVE | OUTPATIENT PHARMACY | SAN FRANCISCO | CA"
sf_011,1457402380,"SF GENERAL HOSPITAL | 1001 POTRERO AVE | SUITE 7M | SAN FRANCISCO | CA"
sf_011,1477528503,"UNIVERSITY OF CALIFORNIA SFGH MEDICAL GROUP | 1001 POTRERO AVE | RM 3A37 | SAN FRANCISCO | CA"
sf_011,1477704682,"UNIVERSITY OF CALIFORNIA SAN FRANCISCO | 1001 POTRERO AVE. | SAN FRANCISCO GENERAL HOSPITAL, UNIT 7C | SAN FRANCISCO | CA"
sf_011,1487714945,"UNIVERSITY OF CALIFORNIA SFGH MEDICAL GROUP | 1001 POTRERO AVENUE | BLDG 30 5TH FLOOR | SAN FRANCISCO | CA"
sf_011,1497875777,"CITY & COUNTY OF SAN FRANCISCO | 1001 POTRERO AVENUE | SAN FRANCISCO GENERAL HOSPITAL SA PROGAMS WARD 93 | SAN FRANCISCO | CA"
sf_011,1528274453,"UCSF MEDICAL CENTER | 1001 POTRERO AVE | 3C38 | SAN FRANCISCO | CA"
sf_011,1528283371,"UNIVERSITY OF CALIFORNIA SAN FRANCISCO | 995 POTRERO AVE | | SAN FRANCISCO | CA"
sf_011,1578538609,"UNIVERSITY OF CALIFORNIA SFGH MEDICAL GROUP | 1001 POTRERO AVE | RM 305 | SAN FRANCISCO | CA"
sf_011,1578787925,"CITY AND COUNTY OF SAN FRANCISCO | 1001 POTRERO AVENUE | SAN FRANCISCO GENERAL HOSPITAL SA PROGRAMS WARD 93 | SAN FRANCISCO | CA"
sf_011,1598730616,"UNIVERSITY OF CALIFORNIA SFGH MEDICAL GROUP | 1001 POTRERO AVE | RM 4M39 | SAN FRANCISCO | CA"
sf_011,1629550660,"UNIVERSITY OF CALIFORNIA SFGH MEDICAL GROUP | 1001 POTRERO AVE RM 5H22 | | SAN FRANCISCO | CA"
sf_011,1659346708,"UNIVERSITY OF CALIFORNIA SFGH MEDICAL GROUP | 1001 POTRERO AVE | RM 6D37 | SAN FRANCISCO | CA"
sf_011,1659626257,"UNIVERSITY OF CALIFORNIA SFGH MEDICAL GROUP | 1001 POTRERO AVE | BLDG.5, RM 5H24 | SAN FRANCISCO | CA"
sf_011,1710232319,"UNIVERSITY OF CALIFORNIA SFGH MEDICAL GROUP | 1001 POTRERO AVE | BLDG.5, RM 5H17 | SAN FRANCISCO | CA"
sf_011,1710457510,"UNIVERSITY OF CALIFORNIA SFGH MEDICAL GROUP | 1001 POTRERO AVE | BLDG 3 RM 102 | SAN FRANCISCO | CA"
sf_011,1730268657,"UCSF SFGH MAXILLO FACIAL SURGERY CL. #20-4 | 1001 POTRERO AVE | ROOM 1N1 | SAN FRANCISCO | CA"
sf_011,1730434333,"UNIVERSITY OF CALIFORNIA SFGH MEDICAL GROUP | 1001 POTRERO AVE | BLDG.5, RM 5G8 | SAN FRANCISCO | CA"
sf_011,1740486315,"UNIVERSITY OF CALIFORNIA, SAN FRANCISCO | 1001 POTRERO AVE # 6B | | SAN FRANCISCO | CA"
sf_011,1760457816,"UNIVERSITY OF CALIFORNIA SFGH MEDICAL GROUP | 1001 POTRERO AVENUE | RM 3A36 | SAN FRANCISCO | CA"
sf_011,1760790398,"UNIVERSITY OF CALIFORNIA SFGH MEDICAL GROUP | 1001 POTRERO AVE | RM. 1N1 | SAN FRANCISCO | CA"
sf_011,1770558827,"UNIVERSITY OF CALIFORNIA SFGH MEDICAL GROUP | 1001 POTRERO AVENUE | RM 3A | SAN FRANCISCO | CA"
sf_011,1790092526,"UNIVERSITY OF CALIFORNIA SFGH MEDICAL GROUP | 625 POTRERO AVE | | SAN FRANCISCO | CA"
sf_011,1790512606,"UNIVERSITY OF CALIFORNIA SFGH MEDICAL GROUP | 1001 POTRERO AVE. BLDG. 5, MS6E | | SAN FRANCISCO | CA"
sf_011,1801557467,"UNIVERSITY OF CALIFORNIA SFGH MEDICAL GROUP | 1001 POTRERO AVE | | SAN FRANCISCO | CA"
sf_011,1811475759,"UNIVERSITY OF CALIFORNIA SFGH MEDICAL GROUP | 1001 POTRERO AVENUE, BLDG 5, ROOM 1N1 | | SAN FRANCISCO | CA"
sf_011,1841405230,"SAN FRANCSICO GENERAL HOSPITAL RENAL CENTER | 1001 POTRERO AVE | BUILDING 100, ROOM 342 | SAN FRANCISCO | CA"
sf_011,1891760914,"UNIVERSITY OF CALIFORNIA SFGH MEDICAL GROUP | 1001 POTRERO AVENUE | RM 4F4 | SAN FRANCISCO | CA"
sf_011,1902342793,"UCSF | 1001 POTRERO AVE | | SAN FRANCISCO | CA"
sf_011,1912104050,"UNIVERSITY OF CALIFORNIA, SAN FRANCISCO | 1001 POTRERO AVE | EDCM 7TH FLOOR PSYCHIATRY | SAN FRANCISCO | CA"
sf_011,1912333402,"REGENTS OF THE UNIVERSITY OF CALIFORNIA SFGH CLINICAL PRACTICE GROUP | 1001 POTRERO AVE | RM 2M14 | SAN FRANCISCO | CA"
sf_011,1912972027,"UNIVERSITY OF CALIFORNIA SFGH MEDICAL GROUP | 1001 POTRERO AVE | BLDG 1 RM 117 | SAN FRANCISCO | CA"
sf_011,1932329760,"SAN FRANCISCO GENERAL HOSPITAL | 1001 POTRERO AVE | | SAN FRANCISCO | CA"
sf_011,1992420368,"ZUCKERBERG SAN FRANCISCO GENERAL HOSPITAL | 1001 POTRERO AVE | | SAN FRANCISCO | CA"
sf_012,1396813523,"SUTTER BAY HOSPITALS | 601 DUBOCE AVE | | SAN FRANCISCO | CA"
sf_012,1659439834,"SUTTER BAY HOSPITALS | 601 DUBOCE AVE | | SAN FRANCISCO | CA"
sf_012,1811611346,"SUTTER BAY HOSPITALS | 601 DUBOCE AVE | | SAN FRANCISCO | CA"
sf_013,1497307128,"CPMC FOUNDATION | 1101 VAN NESS AVE | | SAN FRANCISCO | CA"
sf_013,1740348929,"SUTTER BAY HOSPITALS | 1101 VAN NESS AVE | | SAN FRANCISCO | CA"
sf_013,1902421571,"CALIFORNIA PACIFIC MEDICAL CENTER | 1101 VAN NESS AVE | | SAN FRANCISCO | CA"
sf_014,1104198670,"ST MARYS MEDICAL CENTER | 450 STANYAN ST | | SAN FRANCISCO | CA"
sf_014,1174667158,"UCSF HEALTH COMMUNITY HOSPITALS | 450 STANYAN ST | | SAN FRANCISCO | CA"
sf_014,1205964285,"LYNN E. SPITLER, MD, A MEDICAL CORPORATION | 450 STANYAN STREET | ST. MARY'S MEDICAL CENTER, NORTHERN CALIFORNIA MELANOMA | SAN FRANCISCO | CA"
sf_014,1235278763,"ST. MARY'S MEDICAL CENTER | 450 STANYAN ST | MCAULEY ADOLESCENT DAY TREATMENT 3N | SAN FRANCISCO | CA"
sf_014,1386891398,"ST. MARYS HOSPITAL AND MEDICAL CENTER | 450 STANYAN ST | | SAN FRANCISCO | CA"
sf_014,1548291784,"ST. MARY'S PATHOLOGY ASSOCIATES | 450 STANYAN ST | | SAN FRANCISCO | CA"
sf_014,1598112351,"ST. MARY'S MEDICAL CENTER | 450 STANYAN ST | | SAN FRANCISCO | CA"
sf_014,1932243003,"UCSF HEALTH COMMUNITY HOSPITALS | 450 STANYAN ST | | SAN FRANCISCO | CA"
sf_014,1952445959,"UCSF HEALTH COMMUNITY HOSPITALS | 450 STANYAN ST | | SAN FRANCISCO | CA"
sfo_015,1003985755,"COUNTY OF SAN MATEO | 222 W 39TH AVE | SAN MATEO | CA"
sfo_015,1114005105,"SAME AS ABOVE"
sfo_015,1114006038,"SAME AS ABOVE"
sfo_015,1144309055,"SAME AS ABOVE"
sfo_015,1194804013,"SAME AS ABOVE"
sfo_015,1215016126,"SAME AS ABOVE"
sfo_015,1306907928,"SAME AS ABOVE"
sfo_015,1346271814,"SAME AS ABOVE"
sfo_015,1386713030,"SAME AS ABOVE"
sfo_015,1417019548,"SAME AS ABOVE"
sfo_015,1437233665,"SAME AS ABOVE"
sfo_015,1437235587,"SAME AS ABOVE"
sfo_015,1477622124,"SAME AS ABOVE"
sfo_015,1528129152,"SAME AS ABOVE"
sfo_015,1568531218,"SAME AS ABOVE"
sfo_015,1659440303,"SAME AS ABOVE"
sfo_015,1679307698,"SAME AS ABOVE"
sfo_015,1679642326,"SAME AS ABOVE"
sfo_015,1700960937,"SAME AS ABOVE"
sfo_015,1710065792,"SAME AS ABOVE"
sfo_015,1710066634,"SAME AS ABOVE"
sfo_015,1740359496,"SAME AS ABOVE"
sfo_015,1740684935,"SAME AS ABOVE"
sfo_015,1750465902,"SAME AS ABOVE"
sfo_015,1780753434,"SAME AS ABOVE"
sfo_015,1821174855,"SAME AS ABOVE"
sfo_015,1831268580,"SAME AS ABOVE"
sfo_015,1841369592,"SAME AS ABOVE"
sfo_015,1861576019,"SAME AS ABOVE"
sfo_015,1871662528,"SAME AS ABOVE"
sfo_015,1902661259,"SAME AS ABOVE"
sfo_015,1932288859,"SAME AS ABOVE"
sfo_015,1942226014,"SAME AS ABOVE"
sfo_015,1952485104,"SAME AS ABOVE"
atl_001,1053869578,"EMORY UNIVERSITY HOSPITAL | 1364 CLIFTON RD NE | | ATLANTA | GA"
atl_001,1780861419,"EMORY UNIVERSITY | 1364 CLIFTON RD NE | DEPARTMENT OF PATHOLOGY G159 | ATLANTA | GA"
atl_001,1871771923,"EMORY UNIVERSITY HOSPITAL | 1364 CLIFTON RD NE | H120 EMORY HOSPITAL | ATLANTA | GA"
atl_001,1396923710,"EMORY UNIVERSITY HOSPITAL | 1364 CLIFTON RD NE | H120 EMORY HOSPITAL | ATLANTA | GA"
atl_001,1710144019,"EMORY UNIVERSITH HOSPITAL | 1364 CLIFTON RD NE | INTERVENTIONAL RADIOLOGY | ATLANTA | GA"
atl_001,1588640692,"EMORY UNIVERSITY | 1364 CLIFTON RD NE | | ATLANTA | GA"
atl_001,1356328199,"EMORY UNIVERSITY | 1364 CLIFTON RD NE | | ATLANTA | GA"
atl_001,1437136918,"EMORY UNIVERSITY | 1364 CLIFTON RD NE | | ATLANTA | GA"
atl_001,1366867830,"EMORY UNIVERSITY HOSPITAL | 1364 CLIFTON RD NE | SOCIAL SERVICES DEPARTMENT | ATLANTA | GA"
atl_001,1669618732,"EMORY HEALTHCARE | 1364 CLIFTON RD NE | HB33 | ATLANTA | GA"
atl_001,1417194184,"EMORY UNIVERSITY HOSPITAL | 1364 CLIFTON RD NE | | ATLANTA | GA"
atl_001,1740689496,"EMORY HEALTHCARE | 1364 CLIFTON RD NE | | ATLANTA | GA"
atl_001,1417157405,"EMORY HEALTHCARE | 1364 CLIFTON RD NE | HOSPITAL MEDICINE BOX M7 | ATLANTA | GA"
atl_001,1235339227,"EMORY HEALTHCARE | 1364 CLIFTON RD NE | HOSPITAL MEDICINE BOX M7 | ATLANTA | GA"
atl_001,1508066598,"EMORY HEALTHCARE | 1364 CLIFTON RD NE | HOSPITAL MEDICINE BOX M7 | ATLANTA | GA"
atl_001,1891907184,"EMORY UNIVERSITY | 1364 CLIFTON RD NE | DEPT OF ANESTHESIOLOGY, EUH 3RD FLOOR | ATLANTA | GA"
atl_001,1154643336,"EMORY HEALTHCARE | 1364 CLIFTON RD NE | | ATLANTA | GA"
atl_001,1053537415,"EMORY CLINIC, INC. | 1365 CLIFTON RD NE | RM A 4309 | ATLANTA | GA"
atl_001,1063801421,"EMORY UNIVERSITY | 1365 CLIFTON RD NE | | ATLANTA | GA"
atl_001,1124361092,"THE EMORY CLINIC, INC | 1365 CLIFTON RD NE | 4TH FLOOR, ROOM #4331 | ATLANTA | GA"
atl_001,1205939691,"EMORY HEALTHCARE, INC. | 1365 CLIFTON RD NE | SUITE A2200 | ATLANTA | GA"
atl_001,1225366826,"EMORY UNIVERSITY | 1365 CLIFTON RD NE | B4302A | ATLANTA | GA"
atl_001,1295748531,"THE EMORY CLINIC INC | 1365 CLIFTON RD NE | | ATLANTA | GA"
atl_001,1356374847,"EMORY EYE CENTER | 1365 CLIFTON RD NE | SUITE B-3402 | ATLANTA | GA"
atl_001,1396798229,"THE EMORY CLINIC INC | 1365 CLIFTON RD NE | | ATLANTA | GA"
atl_001,1497814057,"EMORY UNIVERSITY | 1365 CLIFTON RD NE BLDG B | | ATLANTA | GA"
atl_001,1578834008,"EMORY HEALTHCARE | 1365 CLIFTON RD NE | | ATLANTA | GA"
atl_001,1588784391,"THE EMORY CLINIC, INC | 1365 CLIFTON RD NE | | ATLANTA | GA"
atl_001,1629255419,"EMORY UNIVERSITY SCHOOL OF MEDICINE DEPARTMENT OF OPHTHALMOLOGY | 1365 CLIFTON RD NE # B3500 | | ATLANTA | GA"
atl_001,1780737445,"THE EMORY CLINIC, INC. | 1365 CLIFTON RD NE | SUITE 2334 | ATLANTA | GA"
atl_001,1801834908,"EMORY HEALTHCARE | 1365 CLIFTON RD NE | | ATLANTA | GA"
atl_001,1861551327,"EMORY UNIVERSITY | 1365 CLIFTON RD NE BLDG B | | ATLANTA | GA"
atl_001,1972792885,"EMORY HEALTHCARE | 1365 CLIFTON RD NE | SUITE A2200 | ATLANTA | GA"
atl_002,1598794729,"THE EMORY CLINIC INC | 550 PEACHTREE ST | | ATLANTA | GA"
atl_002,1932830668,"EMORY UNIVERSITY HOSPITAL MIDTOWN | 550 PEACHTREE ST NE | | ATLANTA | GA"
atl_002,1972056364,"EMORY UNIVERSITY HOSPITAL MIDTOWN | 550 PEACHTREE ST NE | | ATLANTA | GA"
atl_002,1700219045,"EMORY UNIVERSITY HOSPITAL | 550 PEACHTREE ST NE | 3RD FLOOR, ROOM 3304 | ATLANTA | GA"
atl_002,1205360450,"EMORY HEALTHCARE, INC | 550 PEACHTREE ST NE | | ATLANTA | GA"
atl_002,1992018345,"EMORY HEALTHCARE | 550 PEACHTREE ST NE | | ATLANTA | GA"
atl_002,1275846628,"THE EMORY CLINIC, INC | 550 PEACHTREE ST NE | | ATLANTA | GA"
atl_002,1033582531,"CRAWFORD LONG HOSPITAL | 550 PEACHTREE ST NE | | ATLANTA | GA"
atl_002,1144203563,"CRAWFORD LONG HOSPITAL | 550 PEACHTREE ST NE | | ATLANTA | GA"
atl_002,1144244740,"JM CARDINAL INVESTMENTS LLC EMORY CRAWFORD LONG | 550 PEACHTREE ST NE | STE 1450 | ATLANTA | GA"
atl_002,1225281603,"EMORY CRAWFORD LONG HOSPITAL | 550 PEACHTREE ST NE | | ATLANTA | GA"
atl_002,1427669670,"CRAWFORD LONG HOSPITAL | 550 PEACHTREE ST NE STE 1760 | | ATLANTA | GA"
atl_002,1477378875,"CRAWFORD LONG HOSPITAL | 550 PEACHTREE ST NE STE 6.5P30 | | ATLANTA | GA"
atl_002,1528767506,"CRAWFORD LONG HOSPITAL | 550 PEACHTREE ST NE STE OL5P10 | | ATLANTA | GA"
atl_002,1902548894,"JM CARDINAL INVESTMENTS LLC EMORY CRAWFORD LONG | 550 PEACHTREE ST NE STE 1450 | | ATLANTA | GA"
atl_003,1336961119,"GRADY MEMORIAL HOSPITAL CORPORATION | 80 JESSE HILL JR DR SE UNIT 12 CD | | ATLANTA | GA"
atl_003,1699737445,"GRADY HEALTH SYSTEM | 80 JESSE HILL JR DRIVE | HUGHES SPALDING CHILDREN'S HOSPITAL | ATLANTA | GA"
atl_003,1366400723,"GRADY HEALTH SYSTEM | 80 JESSE HILL JR DR SE | | ATLANTA | GA"
atl_003,1891966578,"GRADY MEMORIAL HOSPITAL CORPORATION | 80 JESSE HILL JR DRIVE SE | BOX 26042 | ATLANTA | GA"
atl_003,1942578398,"GRADY MEMORIAL HOSPITAL | 80 JESSE HILL JR DR SE | | ATLANTA | GA"
atl_003,1972826766,"GRADY MEMORIAL HOSPITAL CORPORATION | 80 JESSE HILL JR DR SE | RM GD032 | ATLANTA | GA"
atl_003,1063726339,"GRADY MEMORIAL HOSPITAL CORPORATION | 80 JESSE HILL JR DR SE | BOX 26042 | ATLANTA | GA"
atl_003,1992799050,"GRADY MEMORIAL HOSPITAL CORPORATION | 80 JESSE HILL JR DR, SE | | ATLANTA | GA"
atl_003,1114243813,"GRADY MEMORIAL HOSPITAL CORPORATION | 80 JESSE HILL JR DR SE | BOX 26019 | ATLANTA | GA"
atl_003,1629297478,"GRADY MEMORIAL HOSPITAL CORPORATION | 80 JESSE HILL JR DR, SE | | ATLANTA | GA"
atl_003,1295015279,"GRADY HEALTH SYSTEM | 80 JESSE HILL JR DR SE | | ATLANTA | GA"
atl_003,1710139688,"GRADY HOSPITAL | 80 JESSE HILL JR DR SE | ANESTHESIOLOGY DEPARTMENT P.O. 26-074 | ATLANTA | GA"
atl_003,1356594188,"GRADY HEALTH SYSTEM | 80 JESSE HILL JR DR SE | CHIEF ANESTHETIST-PO 26-074 | ATLANTA | GA"
atl_003,1578611638,"GRADY MEMORIAL HOSPITAL CORPORATION | 80 JESSE HILL JR DR SE | | ATLANTA | GA"
atl_004,1639178213,"NORTHSIDE HOSPITAL HOMECARE PHARMACY | 1000 JOHNSON FERRY RD NE | HOMECARE PHARMACY | ATLANTA | GA"
atl_004,1063434272,"NORTHSIDE RADIATION ONCOLOGY PC | 1000 JOHNSON FERRY RD NE | NORTHSIDE HOSPITAL CANCER CENTER | ATLANTA | GA"
atl_004,1083600308,"NORTHSIDE ANESTHESIOLOGY CONSULTANTS, LLC | 1000 JOHNSON FERRY RD NE | | ATLANTA | GA"
atl_004,1699228643,"NORTHSIDE ANESTHESIOLOGY CONSULTANTS | 1000 JOHNSON FERRY RD | | ATLANTA | GA"
atl_004,1356630990,"NORTHSIDE SURGICAL PROFESSIONAL SERVICES LLC | 1000 JOHNSON FERRY RD NE | | ATLANTA | GA"
atl_004,1922397553,"NORTHSIDE PRIMARY CARE PROFESSIONAL SERVICES,LLC | 1000 JOHNSON FERRY RD NE | | ATLANTA | GA"
atl_004,1285686303,"NORTHSIDE EMERGENCY ASSOCIATES, P.C. | 1000 JOHNSON FERRY RD | | ATLANTA | GA"
atl_004,1013960657,"NORTHSIDE RADIOLOGY ASSOCIATES LLC | 1000 JOHNSON FERRY RD | | ATLANTA | GA"
atl_004,1215098405,"NORTHSIDE HOSPITAL, INC. | 1000 JOHNSON FERRY ROAD | | ATLANTA | GA"
atl_005,1962461681,"PIEDMONT HOSPITAL, INC | 1968 PEACHTREE RD NW | | ATLANTA | GA"
atl_005,1447219225,"PEACHTREE PIEDMONT PATHOLOGY PC | 1968 PEACHTREE RD NW | PATHOLOGY DEPT | ATLANTA | GA"
atl_005,1932477429,"PIEDMONT ED PROFESSIONALS, LLC | 1968 PEACHTREE RD NW | | ATLANTA | GA"
atl_006,1649248626,"KENNESTONE HOSPITAL, INC. | 677 CHURCH ST NE | | MARIETTA | GA"
atl_006,1669817995,"WELLSTAR MEDICAL GROUP, LLC | 677 CHURCH ST NE | | MARIETTA | GA"
atl_006,1629025754,"WELLSTAR PHYSICIANS GROUP HOSPITALISTS, LLC | 677 CHURCH ST NE | BOX 111 | MARIETTA | GA"
atl_006,1578553343,"KENNESTONE HOSPITAL, INC | 677 CHURCH ST NE | INPATIENT REHAB UNIT/6 WEST | MARIETTA | GA"
atl_006,1609161397,"WELLSTAR MEDICAL GROUP, LLC | 677 CHURCH ST NE | BOX 111 | MARIETTA | GA"
atl_006,1396033692,"WELLSTAR MEDICAL GROUP, LLC | 677 CHURCH ST NE | | MARIETTA | GA"
atl_006,1083027320,"WELLSTAR MEDICAL GROUP, LLC | 677 CHURCH ST NE | | MARIETTA | GA"
atl_006,1437458171,"KENNESTONE HOSPITAL INC | 677 CHURCH ST NE | | MARIETTA | GA"
atl_006,1689967697,"WELLSTAR MEDICAL GROUP, LLC | 677 CHURCH ST NE | | MARIETTA | GA"
atl_006,1720471931,"WELLSTAR MEDICAL GROUP, LLC | 677 CHURCH ST NE | SUITE 100 P | MARIETTA | GA"
atl_006,1083880744,"WELLSTAR NEUROPSYCHOLOGY, LLC | 677 CHURCH ST NE | | MARIETTA | GA"
atl_007,1811041452,"EGLESTON PEDIATRIC GROUP | 1405 CLIFTON RD NE | | ATLANTA | GA"
atl_007,1437203098,"CHILDREN'S ANESTHESIA SERVICES, LLC | 1405 CLIFTON RD NE | | ATLANTA | GA"
atl_007,1740334291,"CHILDREN'S SEDATION SERVICES, LLC | 1405 CLIFTON RD NE | | ATLANTA | GA"
atl_007,1558416701,"EGLESTON CHILDREN'S HOSPITAL AT EMORY UNIVERSITY, INC. | 1405 CLIFTON RD NE | | ATLANTA | GA"
atl_007,1437493467,"CHOA MULTISPECIALTY, LLC | 1405 CLIFTON RD NE | | ATLANTA | GA"
atl_007,1457695488,"CHOA HOSPITAL BASED, LLC | 1405 CLIFTON RD NE | | ATLANTA | GA"
atl_007,1932446846,"CHILDREN'S HEALTHCARE OF ATLANTA | 1405 CLIFTON RD NE | | ATLANTA | GA"
atl_008,1043437338,"PEDIATRIC SEDATION SERVICES, LLC | 1001 JOHNSON FERRY RD NE | | ATLANTA | GA"
atl_008,1184779332,"SCOTTISH RITE CHILDREN'S MEDICAL CENTER | 1001 JOHNSON FERRY RD NE | | ATLANTA | GA"
atl_008,1417113077,"CHILDREN'S HEALTHCARE OF ATLANTA | 1001 JOHNSON FERRY RD NE | | ATLANTA | GA"
atl_008,1972555662,"CHILDREN'S DIAGNOSTIC IMAGING OF ATLANTA | 1001 JOHNSON FERRY RD NE | | ATLANTA | GA"
atl_008,1922178789,"SCOTTISH RITE CHILDRENS MEDICAL CTR | 1001 JOHNSON FERRY RD NE | | ATLANTA | GA"
atl_008,1073886370,"CHILDRENS ANESTHESIA SERVICES LLC | 1001 JOHNSON FERRY RD NE | | ATLANTA | GA"
phx_001,1154392231,"MAYO CLINIC ARIZONA | 5777 E MAYO BLVD | | PHOENIX | AZ"
phx_001,1902877855,"MAYO CLINIC ARIZONA | 5777 E MAYO BLVD | | PHOENIX | AZ"
phx_002,1013627967,"BANNER - UNIVERSITY HOSPITAL BASED PHYSICIANS LLC | 1111 E MCDOWELL RD | | PHOENIX | AZ"
phx_002,1023327137,"BANNER HEALTH | 1111 E MCDOWELL RD | | PHOENIX | AZ"
phx_002,1023728979,"BANNER - UNIVERSITY HOSPITAL BASED PHYSICIANS LLC | 1111 E MCDOWELL RD | | PHOENIX | AZ"
phx_002,1083324941,"BANNER - UNIVERSITY HOSPITAL BASED PHYSICIANS LLC | 1111 E MCDOWELL RD | | PHOENIX | AZ"
phx_002,1124077755,"BANNER IMAGING ASSOCIATES PLC | 1111 E MCDOWELL RD | | PHOENIX | AZ"
phx_002,1144930082,"BANNER - UNIVERSITY HOSPITAL BASED PHYSICIANS LLC | 1111 E MCDOWELL RD | | PHOENIX | AZ"
phx_002,1174233035,"BANNER - UNIVERSITY HOSPITAL BASED PHYSICIANS LLC | 1111 E MCDOWELL RD | | PHOENIX | AZ"
phx_002,1184094906,"BANNER -- UNIVERSITY DENTAL SERVICES LLC | 1111 E MCDOWELL RD | | PHOENIX | AZ"
phx_002,1184316242,"BANNER - UNIVERSITY HOSPITAL BASED PHYSICIANS LLC | 1111 E MCDOWELL RD | | PHOENIX | AZ"
phx_002,1275243131,"BANNER - UNIVERSITY HOSPITAL BASED PHYSICIANS LLC | 1111 E MCDOWELL RD | | PHOENIX | AZ"
phx_002,1295790384,"BRIGHAM ANESTHESIA SPECIALISTS LTD | 1111 E MCDOWELL ROAD | BANNER GOOD SAMARITAN REGIONAL MEDICAL CENTER | PHOENIX | AZ"
phx_002,1306899356,"BANNER -- UNIVERSITY MEDICAL CENTER PHOENIX CAMPUS CRITICAL CARE | 1111 E MCDOWELL RD | | PHOENIX | AZ"
phx_002,1316368459,"BANNER PHARMACY SERVICES LLC | 1111 E MCDOWELL RD | | PHOENIX | AZ"
phx_002,1396055349,"BANNER FAMILY PHARMACY | 1111 E MCDOWELL RD | | PHOENIX | AZ"
phx_002,1407883747,"BANNER BLOOD AND MARROW TRANSPLANT PROGRAM | 1111 E MCDOWELL RD | | PHOENIX | AZ"
phx_002,1417001728,"BANNER -- UNIVERSITY MEDICAL CENTER PHOENIX CAMPUS | 1111 E MCDOWELL RD | | PHOENIX | AZ"
phx_002,1427768381,"BANNER - UNIVERSITY HOSPITAL BASED PHYSICIANS LLC | 1111 E MCDOWELL RD | | PHOENIX | AZ"
phx_002,1457061319,"BANNER - UNIVERSITY HOSPITAL BASED PHYSICIANS LLC | 1111 E MCDOWELL RD | | PHOENIX | AZ"
phx_002,1467162321,"BANNER - UNIVERSITY HOSPITAL BASED PHYSICIANS LLC | 1111 E MCDOWELL RD | | PHOENIX | AZ"
phx_002,1518677459,"BANNER - UNIVERSITY HOSPITAL BASED PHYSICIANS LLC | 1111 E MCDOWELL RD | | PHOENIX | AZ"
phx_002,1528265527,"BANNER - UNIVERSITY MEDICAL CENTER PHOENIX CAMPUS SURGICAL SPECIALISTS | 1111 E MCDOWELL RD | | PHOENIX | AZ"
phx_002,1528778479,"BANNER - UNIVERSITY HOSPITAL BASED PHYSICIANS LLC | 1111 E MCDOWELL RD | | PHOENIX | AZ"
phx_002,1538879481,"BANNER - UNIVERSITY HOSPITAL BASED PHYSICIANS LLC | 1111 E MCDOWELL RD | | PHOENIX | AZ"
phx_002,1538879499,"BANNER - UNIVERSITY HOSPITAL BASED PHYSICIANS LLC | 1111 E MCDOWELL RD | | PHOENIX | AZ"
phx_002,1558071415,"BANNER - UNIVERSITY HOSPITAL BASED PHYSICIANS LLC | 1111 E MCDOWELL RD | | PHOENIX | AZ"
phx_002,1598475444,"BANNER - UNIVERSITY HOSPITAL BASED PHYSICIANS LLC | 1111 E MCDOWELL RD | | PHOENIX | AZ"
phx_002,1598867996,"BANNER HEALTH | 1111 E MCDOWELL RD | | PHOENIX | AZ"
phx_002,1629122171,"BANNER - UNIVERSITY MEDICAL CENTER PHOENIX | 1111 E MCDOWELL RD | | PHOENIX | AZ"
phx_002,1649223686,"BANNER-UNIVERSITY MEDICAL CENTER PHX CAMPUS MULTISPECIALTY SERVICES | 1111 E MCDOWELL RD | | PHOENIX | AZ"
phx_002,1700208097,"BANNER PHARMACY SERVICES LLC | 1111 E MCDOWELL RD | | PHOENIX | AZ"
phx_002,1700596665,"BANNER - UNIVERSITY HOSPITAL BASED PHYSICIANS LLC | 1111 E MCDOWELL RD | | PHOENIX | AZ"
phx_002,1730899691,"BANNER - UNIVERSITY HOSPITAL BASED PHYSICIANS LLC | 1111 E MCDOWELL RD | | PHOENIX | AZ"
phx_002,1770008922,"BANNER PHOENIX SURGERY CENTER LLC | 1111 E MCDOWELL RD STE B | | PHOENIX | AZ"
phx_002,1770953598,"BANNER MEDICAL GROUP DENTAL SERVICES LLC | 1111 E MCDOWELL RD | | PHOENIX | AZ"
phx_002,1841224870,"BANNER - UNIVERSITY MEDICAL CENTER PHOENIX | 1111 E MCDOWELL RD | | PHOENIX | AZ"
phx_002,1851001705,"BANNER - UNIVERSITY HOSPITAL BASED PHYSICIANS LLC | 1111 E MCDOWELL RD | | PHOENIX | AZ"
phx_002,1881913200,"BANNER GOOD SAMARITAN MEDICAL CENTER | 1111 E MCDOWELL RD | | PHOENIX | AZ"
phx_002,1891405759,"BANNER - UNIVERSITY HOSPITAL BASED PHYSICIANS LLC | 1111 E MCDOWELL RD | | PHOENIX | AZ"
phx_002,1972213809,"BANNER - UNIVERSITY HOSPITAL BASED PHYSICIANS LLC | 1111 E MCDOWELL RD | | PHOENIX | AZ"
phx_002,1992497051,"BANNER - UNIVERSITY HOSPITAL BASED PHYSICIANS LLC | 1111 E MCDOWELL RD | | PHOENIX | AZ"
phx_003,1144699760,"BANNER PHARMACY SERVICES LLC | 1501 N CAMPBELL AVE | | TUCSON | AZ"
phx_003,1275921082,"BANNER -- UNIVERSITY MEDICAL CENTER TUCSON CAMPUS LLC | 1501 N CAMPBELL AVE | | TUCSON | AZ"
phx_003,1417417221,"BANNER - UNIVERSITY MEDICAL CENTER TUCSON CAMPUS LLC | 1501 N CAMPBELL AVE RM 6604 | | TUCSON | AZ"
phx_003,1588614911,"BANNER - UNIVERSITY MEDICAL CENTER TUCSON CAMPUS LLC | 1501 N CAMPBELL AVE | | TUCSON | AZ"
phx_003,1811359722,"BANNER UNIVERSITY MEDICAL CENTER TUCSON | 1501 N CAMPBELL AVE | ROOM 4303 | TUCSON | AZ"
phx_004,1154015089,"EMPOWER ST JOSEPHS PLLC | 350 W THOMAS RD | | PHOENIX | AZ"
phx_004,1255382412,"ST. JOSEPH'S HOSPITAL AND MEDICAL CENTER | 350 W THOMAS RD | | PHOENIX | AZ"
phx_004,1265407738,"ST JOSEPHS PATHOLOGY | 350 W THOMAS RD | | PHOENIX | AZ"
phx_004,1730112830,"EMPOWER EMERGENCY PHYSICIANS, PC | 350 W THOMAS RD | ST. JOSEPH'S HOSPITAL & MEDICAL CENTER, EMERGENCY DEPT. | PHOENIX | AZ"
phx_004,1851568687,"DIGNITY HEALTH | 350 W THOMAS RD | | PHOENIX | AZ"
phx_004,1982733655,"DIGNITY HEALTH | 350 W THOMAS RD | | PHOENIX | AZ"
phx_005,1023475506,"PHOENIX CHILDREN'S HOSPITAL | 1919 E THOMAS RD | | PHOENIX | AZ"
phx_005,1033453733,"PHOENIX CHILDREN'S HOSPITAL, INC. | 1919 E THOMAS RD | | PHOENIX | AZ"
phx_005,1225527963,"PHOENIX CHILDRENS HOSPITAL | 1919 E THOMAS RD | | PHOENIX | AZ"
phx_005,1386749836,"PHOENIX CHILDREN'S HOSPITAL HOPE | 1919 E THOMAS RD | | PHOENIX | AZ"
phx_005,1629040449,"CHILDRENS CRITICAL CARE ASSOCIATES, P.C. | 1919 E THOMAS RD | SUITE 1891 | PHOENIX | AZ"
phx_005,1699000802,"PHOENIX CHILDRENS HOSPITAL MARICOPA MEDICAL CENTER PEDIATRIC RESIDENCY | 1919 E THOMAS RD | | PHOENIX | AZ"
phx_005,1720196215,"RADIOLOGY CONSULTANTS PLLC | 1919 E THOMAS RD | PHOENIX CHILDRENS HOSP | PHOENIX | AZ"
phx_005,1760480503,"PHOENIX CHILDREN'S HOSPITAL | 1919 E THOMAS RD | | PHOENIX | AZ"
phx_005,1841586773,"PHOENIX CHILDREN'S HOSPITAL | 1919 E THOMAS RD | | PHOENIX | AZ"
phx_005,1902478605,"PHOENIX CHILDREN'S HOSPITAL | 1919 E THOMAS RD BLDG FLOOR4 | | PHOENIX | AZ"
phx_005,1922112044,"PHOENIX CHILDREN'S HOSPITAL | 1919 E THOMAS RD | | PHOENIX | AZ"
phx_007,1275566200,"BANNER ESTRELLA MEDICAL CENTER | 9201 W THOMAS RD | | PHOENIX | AZ"
phx_007,1467873596,"BANNER PHARMACY SERVICES LLC | 9201 W THOMAS RD | | PHOENIX | AZ"
phx_007,1881952455,"BANNER ESTRELLA MEDICAL CENTER | 9201 W THOMAS RD | | PHOENIX | AZ"
phx_007,1972939882,"BANNER FAMILY PHARMACY | 9201 W THOMAS RD | | PHOENIX | AZ"
chi_001,1053417295,"NORTHWESTERN MEMORIAL HOSPITAL | 251 E HURON ST | | CHICAGO | IL"
chi_001,1497859649,"NORTHWESTERN MEMORIAL HOSPITAL | 251 E HURON ST | | CHICAGO | IL"
chi_001,1508036278,"MCGAW MEDICAL CENTER OF NORTHWESTERN UNIVERSITY | 251 E HURON ST | GALTER PAVILION, SUITE 3-150 | CHICAGO | IL"
chi_001,1578672895,"NORTHWESTERN MEMORIAL HOSPITAL | 251 E HURON ST | GALTER 8-138 | CHICAGO | IL"
chi_001,1598028938,"NORTHWESTERN MEMORIAL HOSPITAL | 251 E HURON ST | | CHICAGO | IL"
chi_001,1649573312,"NORTHWESTERN MEMORIAL HOSPITAL | 251 E HURON ST # F5-704 | | CHICAGO | IL"
chi_001,1760759609,"NORTHWESTERN MEMORIAL HOSPITAL | 251 E HURON ST | | CHICAGO | IL"
chi_001,1780833657,"NORTHWESTERN | 251 E HURON ST | | CHICAGO | IL"
chi_001,1831164052,"NORTHWESTERN RADIOLOGY ONCOLOGY ASSOC | 251 E HURON ST | GALTER PAVILLION | CHICAGO | IL"
chi_001,1831298926,"NORTHWESTERN MEMORIAL HOSPITAL | 251 E HURON ST | | CHICAGO | IL"
chi_001,1861609208,"NORTHWESTERN MEMORIAL HOSPITAL | 251 E HURON ST | FEINBERG 4-508 | CHICAGO | IL"
chi_001,1861787939,"MCGAW MEDICAL CENTER OF NORTHWESTERN UNIVERSITY | 251 E HURON ST | GALTER 3-150 | CHICAGO | IL"
chi_001,1912283268,"NORTHWESTERN MEMORIAL HOSPITAL | 251 E HURON ST | | CHICAGO | IL"
chi_002,1003890534,"UNIVERSITY PATHOLOGISTS P C | 1653 W CONGRESS PKWY | | CHICAGO | IL"
chi_002,1013082338,"RUSH UNIVERSITY MEDICAL CENTER | 1653 W CONGRESS PKWY | ROOM 1188-JELKE | CHICAGO | IL"
chi_002,1073558136,"UNIVERSITY ANESTHESIOLOGISTS SC | 1653 W CONGRESS PKWY | 735 JELKE ANESTHESIA DEPT. | CHICAGO | IL"
chi_002,1093929002,"RUSH UNIVERSITY MEDICAL CENTER | 1653 W CONGRESS PKWY | 622 MURDOCK | CHICAGO | IL"
chi_002,1104202480,"UNIVERSITY ANESTHESIOLOGISTS SC | 1653 W CONGRESS PKWY | | CHICAGO | IL"
chi_002,1144777285,"RUSH UNIVERSITY MEDICAL CENTRE | 1653 W CONGRESS PARKWAY | JELKE BUIDLING SUITE 181 | CHICAGO | IL"
chi_002,1164688792,"RUSH UNIVERSITY MEDICAL CENTER | 1653 W CONGRESS PKWY | DIAGNOSTIC RADIOLOGY | CHICAGO | IL"
chi_002,1174793327,"RUSH UNIVERSITY PEDIATRIC CARDIAC SURGEONS | 1653 W CONGRESS PKWY | | CHICAGO | IL"
chi_002,1215269451,"RUSH UNIVERSITY MEDICAL CENTER | 1653 W CONGRESS PKWY | | CHICAGO | IL"
chi_002,1275088130,"UNIVERSITY PATHOLOGY DIAGNOSTICS SC | 1653 W CONGRESS PKWY | 570 JELKE | CHICAGO | IL"
chi_002,1326140583,"RUSH UNIVERSITY MEDICAL CENTER | 1653 W CONGRESS PKWY | | CHICAGO | IL"
chi_002,1346216470,"RUSH UNIVERSITY MEDICAL CENTER | 1653 W CONGRESS PKWY | SUITE 177 | CHICAGO | IL"
chi_002,1417043977,"RUSH UNIVERSITY MEDICAL CENTER | 1653 W CONGRESS PKWY | | CHICAGO | IL"
chi_002,1467618660,"RUSH UNIVERSITY | 1653 W CONGRESS PKWY | | CHICAGO | IL"
chi_002,1487103644,"DEPARTMENT OF PSYCHIATRY AT RUSH | 1653 W CONGRESS PKWY | | CHICAGO | IL"
chi_002,1518355239,"UNIVERSITY PAIN PHYSICIANS LLC | 1653 W CONGRESS PKWY # 735 | JELKE ANESTHESIA DEPT | CHICAGO | IL"
chi_002,1538355136,"RUSH CENTER FOR CONGENITAL & STRUCTURAL HEART DISEASE | 1653 W CONGRESS PKWY | 708 KELLOGG | CHICAGO | IL"
chi_002,1699921007,"RUSH UNIVERSITY MEDICAL CENTER | 1653 W CONGRESS PKWY | | CHICAGO | IL"
chi_002,1730346594,"RUSH UNIVERSITY MEDICAL CENTER | 1653 W CONGRESS PKWY | | CHICAGO | IL"
chi_002,1790945061,"RUSH UNIVERSITY MEDICAL CENTER | 1653 W CONGRESS PKWY | | CHICAGO | IL"
chi_002,1801908728,"RUSH UNIVERSITY MEDICAL CENTER | 1653 W CONGRESS PKWY | | CHICAGO | IL"
chi_002,1821212937,"RUSH UNIVERSITY &MEDICAL CENTER | 1653 W CONGRESS PKWY | | CHICAGO | IL"
chi_002,1851495899,"RUSH UNIVERSITY MEDICAL CENTER | 1653 W CONGRESS PKWY | | CHICAGO | IL"
chi_002,1891134920,"RUSH UNIVERSITY MEDICAL CENTER | 1653 W CONGRESS PKWY | | CHICAGO | IL"
chi_002,1932213600,"RUSH UNIVERSITY MEDICAL CENTER | 1653 W CONGRESS PKWY | | CHICAGO | IL"
chi_003,1033218128,"THE UNIVERSITY OF CHICAGO MEDICAL CENTER | 5841 S MARYLAND AVE | | CHICAGO | IL"
chi_003,1073821195,"UNIVERSITY OF CHICAGO MEDICAL CENTER | 5841 S MARYLAND AVE # MC5068 | | CHICAGO | IL"
chi_003,1073855623,"THE UNIVERSITY OF CHICAGP | 5841 S MARYLAND AVE MC6082 | UNIVERSITY OF CHICAGO | CHICAGO | IL"
chi_003,1083873533,"THE UNIVERSITY OF CHICAGO MEDICAL CENTER | 5841 S MARYLAND AVE | | CHICAGO | IL"
chi_003,1093894990,"THE UNIVERSITY OF CHICAGO MEDICAL CENTERS | 5841 S MARYLAND AVE | | CHICAGO | IL"
chi_003,1225596596,"THE UNIVERSITY OF CHICAGO MEDICAL CENTER | 5841 S MARYLAND AVE | | CHICAGO | IL"
chi_003,1245346105,"THE UNIVERSITY OF CHICAGO HOSPITALS | 5841 S MARYLAND AVE | MC 5031 | CHICAGO | IL"
chi_003,1245541176,"UNIVERSITY OF CHICAGO MEDICAL CENTER | 5841 S MARYLAND AVE | MC 1052 RM J-141 | CHICAGO | IL"
chi_003,1275075665,"UNIVERSITY OF CHICAGO MEDICAL CENTER | 5841 S MARYLAND AVE | | CHICAGO | IL"
chi_003,1346605045,"UNIVERSITY OF CHICAGO MEDICINE | 5841 S MARYLAND AVE | | CHICAGO | IL"
chi_003,1386838035,"THE UNIVERSITY OF CHICAGO HOSPITALS | 5841 S MARYLAND AVE | | CHICAGO | IL"
chi_003,1417245556,"UNIVERSITY OF CHICAGO HOSPITALS | 5841 S MARYLAND AVE MC 5068 | UNIVERSITY OF CHICAGO HOSPITALS | CHICAGO | IL"
chi_003,1417265612,"UNIVERSITY OF CHICAGO | 5841 S MARYLAND AVE | | CHICAGO | IL"
chi_003,1497907786,"UNIVERSITY OF CHICAGO | 5841 S MARYLAND AVE # MC3077 | | CHICAGO | IL"
chi_003,1497967491,"UNIVERSITY OF CHICAGO COMER CHILDREN'S HOSPITAL | 5841 S MARYLAND AVE | MC 4060 | CHICAGO | IL"
chi_003,1528235462,"UNIVERSITY OF CHICAGO MEDICAL CENTER | 5841 S MARYLAND AVE | | CHICAGO | IL"
chi_003,1548512148,"UNIVERSITY OF CHICAGO PHYSICIAN'S GROUP | 5841 S MARYLAND AVE | MC 2115 | CHICAGO | IL"
chi_003,1568619849,"UNIVERSITY OF CHICAGO HOSPITALS | 5841 S MARYLAND AVE | | CHICAGO | IL"
chi_003,1609162072,"UNIVERISTY OF CHICAGO HOSPITALS | 5841 S MARYLAND AVE | DEPT OF GME ROOM J-141 | CHICAGO | IL"
chi_003,1689780850,"UNIVERSITY OF CHICAGO HOSPITALS | 5841 S MARYLAND AVE # 5031 | | CHICAGO | IL"
chi_003,1700191012,"UNIVERSITY OF CHICAGO MEDICAL CENTER | 5841 S MARYLAND AVE # MC5068 | | CHICAGO | IL"
chi_003,1720191653,"UNIVERSITY OF CHICAGO | 5841 S MARYLAND AVE # 2115 | | CHICAGO | IL"
chi_003,1780736850,"THE UNIVERSITY OF CHICAGO MEDICAL CENTERS | 5841 S MARYLAND AVE | | CHICAGO | IL"
chi_003,1821048786,"UNIVERSITY OF CHICAGO | 5841 S MARYLAND AVE | UCPG/MC 1099 | CHICAGO | IL"
chi_003,1831401520,"UNIVERSITY OF CHICAGO MEDICAL CENTER | 5841 S MARYLAND AVE | MC 4028 | CHICAGO | IL"
chi_003,1861707846,"UNIVERSITY OF CHICAGO | 5841 S MARYLAND AVE | | CHICAGO | IL"
chi_003,1861792517,"UNIVERSITY OF CHICAGO MEDICAL CENTER | 5841 S MARYLAND AVE | MC 2026 | CHICAGO | IL"
chi_003,1891954418,"THE UNIVERSITY OF CHICAGO MEDICAL CENTER | 5841 S MARYLAND AVE | | CHICAGO | IL"
chi_004,1023182177,"ADVOCATE CHRIST MEDICAL CENTER | 4440 W 95TH ST | | OAK LAWN | IL"
chi_004,1073781225,"ADVOCATE HOPE CHILDREN'S HOSPITAL | 4440 W 95TH ST | | OAK LAWN | IL"
chi_004,1104022250,"ADVOCATE CHRIST HOSPITAL | 4440 W 95TH ST | | OAK LAWN | IL"
chi_004,1225810831,"ADVOCATE HEALTH AND HOPSITALS CORPORATION | 4440 W 95TH ST | | OAK LAWN | IL"
chi_004,1225846660,"ADVOCATE HEALTH AND HOSPITALS CORPORATION | 4440 W 95TH ST STE 201P | | OAK LAWN | IL"
chi_004,1386188068,"ADVOCATE HEALTH AND HOSPITALS CORPORATION | 4440 W 95TH ST | | OAK LAWN | IL"
chi_004,1508315516,"ADVOCATE HEALTH & HOSPITALS CORPORATION | 4440 W 95TH ST | | OAK LAWN | IL"
chi_004,1548375082,"ADVOCATE HEALTH AND HOSPITALS CORPORATION | 4440 W 95TH ST | | OAK LAWN | IL"
chi_004,1619333291,"ADVOCATE CHILDREN'S HOSPITAL | 4440 W 95TH ST | ROOM 0019H | OAK LAWN | IL"
chi_004,1629441027,"ADVOCATE HEALTH AND HOSPITALS CORPORATION | 4440 W 95TH ST | | OAK LAWN | IL"
chi_004,1912936014,"ADVOCATE HEALTH & HOSPITALS CORPORATION | 4440 W 95TH ST | | OAK LAWN | IL"
chi_004,1922332881,"ADVOCATE CHRIST MEDICAL CENTER | 4440 W 95TH ST | | OAK LAWN | IL"
chi_004,1922542604,"ADVOCATE HEALTH AND HOSPITALS CORPORATION | 4440 W 95TH ST | | OAK LAWN | IL"
chi_005,1023296357,"LOYOLA UNIVERSITY MEDICAL CENTER | 2160 S 1ST AVE | | MAYWOOD | IL"
chi_005,1073859104,"LOYOLA UNIVERSITY MEDICAL CENTER | 2160 S 1ST AVE | OUTPATIENT CENTER ROOM 1620 | MAYWOOD | IL"
chi_005,1104462126,"LOYOLA UNIVERSITY MEDICAL CENTER | 2160 S 1ST AVE RM 150-1610 | | MAYWOOD | IL"
chi_005,1184789299,"LOYOLA UNIVERSITY MEDICAL CENTER | 2160 S 1ST AVE | BLDG 107 | MAYWOOD | IL"
chi_005,1235148891,"LOYOLA UNIVERSITY PHYSICIAN FOUNDATION | 2160 S 1ST AVE | | MAYWOOD | IL"
chi_005,1235415787,"LOYOLA UNIVERSITY MEDICAL CENTER | 2160 S 1ST AVE | | MAYWOOD | IL"
chi_005,1336159961,"LOYOLA UNIVERSITY MEDICAL CENTER | 2160 S 1ST AVE | | MAYWOOD | IL"
chi_005,1356631154,"LOYOLA UNIVERSITY MEDICAL CENTER | 2160 S 1ST AVE | | MAYWOOD | IL"
chi_005,1376521575,"LOYOLA UNIVERSITY MEDICAL CENTER | 2160 S 1ST AVE | | MAYWOOD | IL"
chi_005,1457515991,"LOYOLA UNIVERSITY HEALTH SYSTEM | 2160 S 1ST AVE | | MAYWOOD | IL"
chi_005,1487781142,"LOYOLA UNIVERSITY MEDICAL CTR., HOME INFUSION | 2160 S 1ST AVE | | MAYWOOD | IL"
chi_005,1528112794,"LOYOLA UNIVERSITY MEDICAL CENTER | 2160 S 1ST AVE | | MAYWOOD | IL"
chi_005,1528488897,"LOYOLA UNIVERSITY MEDICAL CENTER | 2160 S 1ST AVE | LOYOLA OUTPATIENT CENTER, 4300 | MAYWOOD | IL"
chi_005,1548304207,"LOYOLA UNIVERSITY MEDICAL CENTER | 2160 S 1ST AVE | BLDG 112 ROOM 1301 | MAYWOOD | IL"
chi_005,1750484721,"LOYOLA UNIVERSITY MEDICAL CENTER | 2160 S 1ST AVE | | MAYWOOD | IL"
chi_005,1750547121,"LOYOLA UNIVERSITY MEDICAL CENTER | 2160 S 1ST AVE | | MAYWOOD | IL"
chi_005,1821346354,"LOYOLA UNIVERSITY MEDICAL CENTER | 2160 S 1ST AVE | | MAYWOOD | IL"
chi_005,1831516210,"LOYOLA UNIVERSITY CHICAGO MEDICAL CENTER | 2160 S 1ST AVE | | MAYWOOD | IL"
chi_005,1841361748,"LOYOLA UNIVERSITY CHILDREN'S HOSPITAL | 2160 S 1ST AVE | | MAYWOOD | IL"
chi_005,1912042029,"LOYOLA UNIVERSITY MEDICAL CENTER | 2160 S 1ST AVE | | MAYWOOD | IL"
chi_006,1558479212,"ADVOCATE HEALTH AND HOSPITALS CORPORATION | 2320 EAST 93RD STREET | | CHICAGO | IL"
chi_006,1568163822,"ADVOCATE HEALTH AND HOSPITALS CORPORATION | 2320 E 93RD ST STE 3735 | | CHICAGO | IL"
den_001,1013682798,"UNIVERSITY PHYSICIANS INCORPORATED | 12605 E 16TH AVE FL 12 | | AURORA | CO"
den_001,1124076542,"UNIVERSITY PHYSICIANS INCORPORATED | 12605 E 16TH AVE | UNIVERSITY OF COLORADO HOSPITAL | AURORA | CO"
den_001,1285682799,"UNIVERSITY PHYSICIANS INCORPORATED | 12605 E 16TH AVE RM 31128 | UNIV OF COLO ANSCHUTZ DEPT OF PATHOLOGY | AURORA | CO"
den_001,1295461218,"UNIVERSITY PHYSICIANS INCORPORATED | 12605 E 16TH AVE FL 3 | | AURORA | CO"
den_001,1376180836,"UNIVERSITY OF COLORADO HOSPITAL AUTHORITY | 12605 E 16TH AVE | | AURORA | CO"
den_001,1396001780,"UNIVERSITY OF COLORADO HOSPITAL | 12605 E 16TH AVE | | AURORA | CO"
den_001,1407804990,"UNIVERSITY PHYSICIANS INCORPORATED | 12605 E 16TH AVE # MSF768 | ANSCHUTZ IP PAVILION RM 3-128 ANATOMIC PATH | AURORA | CO"
den_001,1457477275,"UNIVERSITY OF COLORADO HOSPITAL AUTHORITY | 12605 E 16TH AVE | | AURORA | CO"
den_001,1467786996,"UNIVERSITY HOSPITAL ATIRUM PHARMACY | 12605 E 16TH AVE | | AURORA | CO"
den_001,1477149417,"UNIVERSITY OF COLORADO HOSPITAL AUTHORITY | 12605 E 16TH AVE | | AURORA | CO"
den_001,1477531580,"UNIVERSITY OF COLORADO HOSPITAL AUTHORITY | 12605 E 16TH AVE | | AURORA | CO"
den_001,1497902290,"UNIVERSITY PHYSICIANS INCORPORATED | 12605 E 16TH AVE | | AURORA | CO"
den_001,1548977200,"UNIVERSITY OF COLORADO HOSPITAL AUTHORITY | 12605 E 16TH AVE | | AURORA | CO"
den_001,1619241965,"UNIVERSITY PHYSICIANS, INCORPORATED | 12605 E 16TH AVE | | AURORA | CO"
den_001,1710184106,"UNIVERSITY OF COLORADO HOSPITAL AUTHORITY | 12605 E 16TH AVE RM 1054 | MAIL STOP A027 | AURORA | CO"
den_001,1922124684,"UNIVERSITY OF COLORADO HOSPITAL AUTHORITY | 12605 E 16TH AVE | | AURORA | CO"
den_001,1962461889,"UNIVERSITY PHYSICIANS INCORPORATED | 12605 E 16TH AVE | UNIVERSITY OF COLORADO HOSPITAL | AURORA | CO"
den_002,1215987987,"DENVER HEALTH AND HOSPITAL AUTHORITY | 777 BANNOCK ST | | DENVER | CO"
den_002,1285945394,"DENVER HEALTH AND HOSPITALS AUTHORITY | 777 BANNOCK ST UNIT 9 | | DENVER | CO"
den_002,1336573070,"DENVER HEALTH MEDICAL CENTER | 777 BANNOCK ST | MC 0911 | DENVER | CO"
den_002,1356425102,"DENVER HEALTH AND HOSPITAL AUTHORITY | 777 BANNOCK ST | | DENVER | CO"
den_002,1407007784,"DENVER HEALTH MEDICAL CENTER | 777 BANNOCK ST UNIT 9 | 777 BANNOCK ST, UNIT 9 | DENVER | CO"
den_002,1427554070,"DENVER HEALTH AND HOSPITAL AUTHORITY | 777 BANNOCK ST | | DENVER | CO"
den_002,1437427622,"DENVER HEALTH MEDICAL CENTRE | 777 BANNOCK ST | | DENVER | CO"
den_002,1477569838,"DENVER HEALTH AND HOSPITAL AUTHORITY | 777 BANNOCK ST | | DENVER | CO"
den_002,1477746105,"DENVER HEALTH AND HOSPITAL AUTHORITY | 777 BANNOCK ST | MC 1923 | DENVER | CO"
den_002,1538310578,"DENVER HEALTH/OBHS | 777 BANNOCK ST UNIT 9 | 777 BANNOCK ST. UNIT-9 | DENVER | CO"
den_002,1568563278,"DENVER HEALTH AND HOSPITAL AUTHORITY | 777 BANNOCK ST | | DENVER | CO"
den_002,1568741122,"DENVER HEALTH | 777 BANNOCK STREET MC 3240 | | DENVER | CO"
den_002,1609248814,"DENVER HEALTH & HOSPITAL AUTHORITY | 777 BANNOCK ST | | DENVER | CO"
den_002,1689458523,"DENVER HEALTH AND HOSPITAL AUTHORITY | 777 BANNOCK ST | | DENVER | CO"
den_002,1689624686,"DENVER HEALTH AND HOSPITAL AUTHORITY | 777 BANNOCK ST | | DENVER | CO"
den_002,1689624942,"DENVER HEALTH AND HOSPITAL AUTHORITY | 777 BANNOCK ST | | DENVER | CO"
den_002,1720399835,"DENVER HEALTH AUTHORITY | 777 BANNOCK ST UNIT 9 | | DENVER | CO"
den_002,1750532206,"DENVER HEALTH AUTHORITY | 777 BANNOCK ST UNIT 9 | 777 BANNOCK ST. UNIT-9 | DENVER | CO"
den_002,1811919566,"DENVER HEALTH AND HOSPITAL AUTHORITY | 777 BANNOCK ST | | DENVER | CO"
den_002,1841231990,"DENVER HEALTH AND HOSPITAL AUTHORITY | 777 BANNOCK ST | | DENVER | CO"
den_002,1932350204,"DENVER HEALTH AND HOSPITAL AUTHORITY/OBHS | 777 BANNOCK ST UNIT 9 | 777 BANNOCK UNIT-9 | DENVER | CO"
den_002,1962790295,"DENVER HEALTH | 777 BANNOCK ST | | DENVER | CO"
den_002,1992586127,"DENVER HEALTH AND HOSPITAL AUTHORITY | 777 BANNOCK ST | | DENVER | CO"
den_003,1124615943,"SAINT JOSEPH HOSPITAL INC | 1375 E 19TH AVE | | DENVER | CO"
den_003,1154361350,"SAINT JOSEPH HOSPITAL, INC | 1375 E 19TH AVE | | DENVER | CO"
den_003,1417946021,"SAINT JOSEPH HOSPITAL, INC | 1375 E 19TH AVE | | DENVER | CO"
den_004,1023644150,"HEALTHONE CLINIC SERVICES - SURGERY NEUROLOGICAL LLC | 501 E HAMPDEN AVE | | ENGLEWOOD | CO"
den_004,1063028686,"HEALTHONE CLINIC SERVICES - PEDIATRIC SPECIALTIES LLC | 501 E HAMPDEN AVE | | ENGLEWOOD | CO"
den_004,1093320988,"HEALTHONE CLINIC SERVICES - ORTHOPEDIC SPECIALISTS LLC | 501 E HAMPDEN AVE | | ENGLEWOOD | CO"
den_004,1114552460,"HEALTHONE CLINIC SERVICES - BEHAVIORAL HEALTH LLC | 501 E HAMPDEN AVE | | ENGLEWOOD | CO"
den_004,1124073010,"HCA-HEALTHONE LLC | 501 E HAMPDEN AVE | | ENGLEWOOD | CO"
den_004,1184364754,"HEALTHONE CLINIC SERVICES - SPINAL CORD INJURY INSTITUTE, LLC | 501 E HAMPDEN AVE | | ENGLEWOOD | CO"
den_004,1205881141,"HCA-HEALTHONE LLC | 501 E HAMPDEN AVE | | ENGLEWOOD | CO"
den_004,1275145286,"HEALTHONE CLINIC SERVICES-SURGICAL SPECIALTIES LLC | 501 E HAMPDEN AVE | | ENGLEWOOD | CO"
den_004,1275588113,"HCA-HEALTHONE LLC | 501 E HAMPDEN AVE | | ENGLEWOOD | CO"
den_004,1356969893,"HEALTHONE CLINIC SERVICES - OBSTETRICS AND GYNECOLOGY LLC | 501 E HAMPDEN AVE | | ENGLEWOOD | CO"
den_004,1396790200,"HCA HEALTHONE LLC | 501 E HAMPDEN AVE | | ENGLEWOOD | CO"
den_004,1396790234,"HCA-HEALTHONE LLC | 501 E HAMPDEN AVE | | ENGLEWOOD | CO"
den_004,1417901489,"HCA-HEALTHONE LLC | 501 E HAMPDEN AVE | | ENGLEWOOD | CO"
den_004,1467978668,"HEALTHONE IRL PATHOLOGY SERVICES, LLC | 501 E HAMPDEN AVE | | ENGLEWOOD | CO"
den_004,1558316497,"HCA-HEALTHONE LLC | 501 E HAMPDEN AVE | | ENGLEWOOD | CO"
den_004,1588619423,"HCA-HEALTHONE LLC | 501 E HAMPDEN AVE | | ENGLEWOOD | CO"
den_004,1619503794,"HEALTHONE CLINIC SERVICES MEDICAL SPECIALTIES LLC | 501 E HAMPDEN AVE | | ENGLEWOOD | CO"
den_004,1629023502,"HCA HEALTHONE LLC | 501 E HAMPDEN AVE | | ENGLEWOOD | CO"
den_004,1649225582,"HCA-HEALTHONE LLC | 501 E HAMPDEN AVE | | ENGLEWOOD | CO"
den_004,1679189658,"HEALTHONE CLINIC SERVICES - PRIMARY CARE, LLC | 501 E HAMPDEN AVE | | ENGLEWOOD | CO"
den_004,1710932694,"HCA-HEALTHONE LLC | 501 E HAMPDEN AVE | | ENGLEWOOD | CO"
den_004,1730134677,"HCA-HEALTHONE LLC | 501 E HAMPDEN AVE | | ENGLEWOOD | CO"
den_004,1770538688,"HCA-HEALTHONE LLC | 501 E HAMPDEN AVE | | ENGLEWOOD | CO"
den_004,1801841788,"HCA-HEALTHONE LLC | 501 E HAMPDEN AVE | | ENGLEWOOD | CO"
den_004,1811942790,"HCA-HEALTHONE LLC | 501 E HAMPDEN AVE | | ENGLEWOOD | CO"
den_004,1851330880,"HCA-HEALTHONE LLC | 501 E HAMPDEN AVE | | ENGLEWOOD | CO"
den_004,1891321873,"HEALTHONE CLINIC SERVICES - CARDIOVASCULAR LLC | 501 E HAMPDEN AVE | | ENGLEWOOD | CO"
den_004,1972119394,"HEALTHONE HEART CARE LLC | 501 E HAMPDEN AVE | | ENGLEWOOD | CO"
den_004,1972136588,"HEALTHONE CLINIC SERVICES - BARIATRIC MEDICINE LLC | 501 E HAMPDEN AVE | | ENGLEWOOD | CO"
den_005,1013788249,"CHILDREN'S HOSPITAL COLORADO | 13123 E 16TH AVE | | AURORA | CO"
den_005,1033685797,"CHILDREN'S HOSPITAL COLORADO | 13123 E 16TH AVE | | AURORA | CO"
den_005,1043455108,"THE CHILDREN'S HOSPITAL AURORA CO | 13123 E 16TH AVE | | AURORA | CO"
den_005,1144477266,"CHILDREN'S HOSPITAL COLORADO | 13123 E 16TH AVE | B010 | AURORA | CO"
den_005,1174282776,"CHILDREN'S HOSPITAL COLORADO | 13123 E 16TH AVE | | AURORA | CO"
den_005,1174346928,"CHILDREN'S HOSPITAL COLORADO | 13123 E 16TH AVE | | AURORA | CO"
den_005,1265687966,"CHILDREN'S HOSPITAL COLORADO | 13123 E 16TH AVE | BOX 030 | AURORA | CO"
den_005,1336245828,"CHILDREN'S HOSPITAL COLORADO | 13123 E 16TH AVE | B010 | AURORA | CO"
den_005,1447021670,"CHILDREN'S HOSPITAL COLORADO | 13123 E 16TH AVE | | AURORA | CO"
den_005,1518709914,"CHILDREN'S HOSPITAL COLORADO | 13123 E 16TH AVE | | AURORA | CO"
den_005,1720243348,"CHILDREN'S HOSPITAL COLORADO | 13123 E 16TH AVE | | AURORA | CO"
den_005,1740991298,"CHILDREN'S HOSPITAL COLORADO | 13123 E 16TH AVE | | AURORA | CO"
den_005,1790177616,"CHILDREN'S HOSPITAL COLORADO | 13123 EAST 16TH AVENUE | B302 | AURORA | CO"
den_005,1851288070,"CHILDREN'S HOSPITAL COLORADO | 13123 E 16TH AVE | | AURORA | CO"
den_005,1992576128,"CHILDREN'S HOSPITAL COLORADO | 13123 E 16TH AVE | | AURORA | CO"
tpa_001,1124317318,"INTERVENTIONAL RADIOLOGY ASSOCIATES OF TAMPA LLC | 1 TAMPA GENERAL CIR | TAMPA GENERAL HOSPITAL, RADIOLOGY DEPT | TAMPA | FL"
tpa_001,1124558929,"TAMPA GENERAL HOSPITAL | 1 TAMPA GENERAL CIR | | TAMPA | FL"
tpa_001,1346202017,"RADIOLOGY ASSOCIATES OF TAMPA PA | 1 TAMPA GENERAL CIR | RADIOLOGY ASSOC OF TAMPA AT TAMPA GENERAL HOSPITAL | TAMPA | FL"
tpa_001,1609271667,"TAMPA GENERAL HOSPITAL | 1 TAMPA GENERAL CIR | | TAMPA | FL"
tpa_002,1053321919,"UNIVERSITY COMMUNITY HOSPITAL, INC | 3100 E FLETCHER AVE | | TAMPA | FL"
tpa_002,1134766694,"UNIVERSITY COMMUNITY HOSPITAL, INC | 3100 E FLETCHER AVE | | TAMPA | FL"
tpa_002,1558666990,"UCH | 3100 E FLETCHER AVE | | TAMPA | FL"
tpa_002,1861630287,"UNIVERSITY COMMUNITY HOSPITAL, INC | 3100 E FLETCHER AVE | | TAMPA | FL"
tpa_002,1861765737,"NORTH TAMPA HOSPITALISTS, LLC | 3100 E FLETCHER AVE | FLORIDA HOSPITAL, TAMPA | TAMPA | FL"
tpa_003,1235371378,"MORTON PLANT HOSPITAL ASSOCIATION, INC. | 300 PINELLAS ST | | CLEARWATER | FL"
tpa_003,1376529743,"MORTON PLANT HOSPITAL ASSOCIATION INC | 300 PINELLAS ST | | CLEARWATER | FL"
tpa_003,1538738687,"BAYCARE MEDICAL GROUP INC | 300 PINELLAS ST | | CLEARWATER | FL"
tpa_003,1831780873,"MORTON PLANT HOSPITAL ASSOCIATION INC | 300 PINELLAS ST | | CLEARWATER | FL"
tpa_003,1962294397,"MORTON PLANT HOSPITAL ASSOCIATION, INC. | 300 PINELLAS ST FL 1 | | CLEARWATER | FL"
tpa_004,1003487786,"BAYCARE MEDICAL GROUP INC | 3001 W DR MARTIN LUTHER KING JR BLVD | | TAMPA | FL"
tpa_004,1043985039,"BAYCARE MEDICAL GROUP INC | 3001 W DR MLK BLVD | | TAMPA | FL"
tpa_004,1235708371,"BAYCARE MEDICAL GROUP INC | 3001 W DR MLK BLVD | | TAMPA | FL"
tpa_004,1316531999,"ST. JOSEPH'S HOSPITAL, INC. | 3001 W DR MLK BLVD | | TAMPA | FL"
tpa_004,1447132634,"ST. JOSEPH'S HOSPITAL, INC. | 3001 W DR MARTIN LUTHER KING JR BLVD FL 1 | | TAMPA | FL"
tpa_004,1669043329,"BAYCARE MEDICAL GROUP INC | 3001 W DR MARTIN LUTHER KING JR BLVD FL 1 | | TAMPA | FL"
tpa_004,1740851427,"BAYCARE MEDICAL GROUP INC | 3001 W DR MLK BLVD FL 1 | | TAMPA | FL"
tpa_004,1740996511,"BAYCARE BEHAVIORAL HEALTH, INC | 3001 W DR MARTIN LUTHER KING JR BLVD | | TAMPA | FL"
tpa_004,1750951281,"BAYCARE MEDICAL GROUP INC | 3001 W DR MLK BLVD FL JRBLVD1 | | TAMPA | FL"
tpa_004,1881263796,"BAYCARE MEDICAL GROUP INC | 3001 W DR MLK BLVD | | TAMPA | FL"
tpa_004,1881632818,"ST. JOSEPH'S HOSPITAL, INC. | 3001 W DR MLK JR BLVD | | TAMPA | FL"
tpa_005,1053971275,"JOHNS HOPKINS ALL CHILDREN'S HOSPITAL, INC. | 501 6TH AVE S | | ST PETERSBURG | FL"
tpa_005,1063877181,"ALL CHILDREN'S HOSPITAL | 501 6TH AVE S | | ST PETERSBURG | FL"
tpa_005,1346343555,"JOHNS HOPKINS ALL CHILDREN'S HOSPITAL, INC | 501 6TH AVE S | | ST PETERSBURG | FL"
tpa_005,1427114099,"JOHNS HOPKINS ALL CHILDREN'S HOSPITAL, INC | 501 6TH AVE S | D#9050 | ST PETERSBURG | FL"
tpa_005,1528208204,"JOHNS HOPKINS ALL CHILDREN'S HOSPITAL, INC | 501 6TH AVE S | DEPT. 9525 | ST PETERSBURG | FL"
tpa_005,1558013136,"JOHNS HOPKINS ALL CHILDREN'S HOSPITAL, INC. | 501 6TH AVE S | | ST PETERSBURG | FL"
tpa_005,1831254168,"ALL CHILDREN'S SURGIKID OF FLORIDA, INC | 501 6TH AVE S | DEPT. #9525 | ST PETERSBURG | FL"
tpa_006,1518129758,"MEMORIAL OF TAMPA EMERGENCY PHYSICIANS LLC | 2901 W SWANN AVE | EMERGENCY DEPARTMENT | TAMPA | FL"
tpa_006,1578660783,"PARKLAND EMERGENCY ASSOCIATES PA | 2901 W SWANN AVE | MEMORIAL HOSPITAL EMERGENCY DEPT. | TAMPA | FL"
tpa_006,1871935072,"WEST FLORIDA - MHT LLC | 2901 W SWANN AVE | | TAMPA | FL"
tpa_006,1962844167,"WEST FLORIDA - MHT LLC | 2901 W SWANN AVE | | TAMPA | FL"
dfw_001,1285798918,"UNIVERSITY OF TEXAS SOUTHWESTERN MEDICAL CENTER AT DALLAS | 6201 HARRY HINES BLVD | | DALLAS | TX"
dfw_001,1346802915,"UNIVERSITY OF TEXAS SOUTHWESTERN MEDICAL CENTER AT DALLAS | 6201 HARRY HINES BLVD | | DALLAS | TX"
dfw_001,1558759316,"UNIVERSITY OF TEXAS SOUTHWESTERN MEDICAL CENTER AT DALLAS | 6201 HARRY HINES BLVD SUITE 01.117 | | DALLAS | TX"
dfw_002,1144384876,"UNIVERSITY OF TEXAS SOUTHWESTERN MEDICAL CENTER AT DALLAS | 5151 HARRY HINES BOULEVARD | | DALLAS | TX"
dfw_002,1376607002,"UNIVERSITY OF TEXAS SOUTHWESTERN MEDICAL CENTER AT DALLAS | 5151 HARRY HINES BOULEVARD | | DALLAS | TX"
dfw_002,1417010653,"UNIVERSITY OF TEXAS SOUTHWESTERN MEDICAL CENTER AT DALLAS | 5151 HARRY HINES BOULEVARD | | DALLAS | TX"
dfw_002,1851944029,"UNIVERSITY OF TEXAS SOUTHWESTERN MEDICAL CENTER AT DALLAS | 5151 HARRY HINES BLVD | | DALLAS | TX"
dfw_002,1083669766,"UNIVERSITY OF TEXAS SOUTHWESTERN MEDICAL CENTER AT DALLAS | 5323 HARRY HINES BLVD | DALLAS | TX"
dfw_002,1093900201,"SAME AS ABOVE"
dfw_002,1104891050,"SAME AS ABOVE"
dfw_002,1114992161,"SAME AS ABOVE"
dfw_002,1134173966,"SAME AS ABOVE"
dfw_002,1164656237,"SAME AS ABOVE"
dfw_002,1205880036,"SAME AS ABOVE"
dfw_002,1306890132,"SAME AS ABOVE"
dfw_002,1306976865,"SAME AS ABOVE"
dfw_002,1407821457,"SAME AS ABOVE"
dfw_002,1477807436,"SAME AS ABOVE"
dfw_002,1548215247,"SAME AS ABOVE"
dfw_002,1568539278,"SAME AS ABOVE"
dfw_002,1578533196,"SAME AS ABOVE"
dfw_002,1588751903,"SAME AS ABOVE"
dfw_002,1639124332,"SAME AS ABOVE"
dfw_002,1669442281,"SAME AS ABOVE"
dfw_002,1700831484,"SAME AS ABOVE"
dfw_002,1710959135,"SAME AS ABOVE"
dfw_002,1730214818,"SAME AS ABOVE"
dfw_002,1750334272,"SAME AS ABOVE"
dfw_002,1750351375,"SAME AS ABOVE"
dfw_002,1760452387,"SAME AS ABOVE"
dfw_002,1760452767,"SAME AS ABOVE"
dfw_002,1770537508,"SAME AS ABOVE"
dfw_002,1780639328,"SAME AS ABOVE"
dfw_002,1780654301,"SAME AS ABOVE"
dfw_002,1780771105,"SAME AS ABOVE"
dfw_002,1811962673,"SAME AS ABOVE"
dfw_002,1851361471,"SAME AS ABOVE"
dfw_002,1871563494,"SAME AS ABOVE"
dfw_002,1932174984,"SAME AS ABOVE"
dfw_002,1942270566,"SAME AS ABOVE"
dfw_002,1972579365,"SAME AS ABOVE"
dfw_003,1134129851,"BAYLOR UNIVERSITY MEDICAL CENTER | 3500 GASTON AVE | | DALLAS | TX"
dfw_003,1215070156,"OB HOSPITALISTS OF TEXAS, P.A. | 3500 GASTON AVE | BAYLOR UNIVERSITY MEDICAL CENTER | DALLAS | TX"
dfw_003,1306720750,"BAYLOR UNIVERSITY MEDICAL CENTER | 3500 GASTON AVE | | DALLAS | TX"
dfw_003,1447250253,"BAYLOR UNIVERSITY MEDICAL CENTER | 3500 GASTON AVE | | DALLAS | TX"
dfw_003,1447597240,"BAYLOR UNIVERSITY MEDICAL CENTER | 3500 GASTON AVE | INTERNAL MEDICINE DEPARTEMENT | DALLAS | TX"
dfw_003,1518967231,"BAYLOR UNIVERSITY MEDICAL CENTER | 3500 GASTON AVE | | DALLAS | TX"
dfw_003,1700033016,"TRANSPLANT ASSOCIATES OF BAYLOR HEALTH CARE SYSTEM, PA | 3500 GASTON AVE | 4TH FLOOR ROBERTS | DALLAS | TX"
dfw_003,1902798077,"BAYLOR UNIVERSITY MEDICAL CENTER | 3500 GASTON AVE | | DALLAS | TX"
dfw_003,1942348354,"BAYLOR UNIVERSITY MEDICAL CENTER | 3500 GASTON AVE | | DALLAS | TX"
dfw_003,1972519379,"BAYLOR UNIVERSITY MEDICAL CENTER | 3500 GASTON AVE | | DALLAS | TX"
dfw_004,1033439732,"PARKLAND HEALTH AND HOSPITAL SYSTEMS | 5201 HARRY HINES BLVD | | DALLAS | TX"
dfw_004,1174685705,"DALLAS COUNTY HOSPITAL DISTRICT | 5200 HARRY HINES BLVD | | DALLAS | TX"
dfw_004,1407910276,"DALLAS COUNTY HOSPITAL DISTRICT | 5200 HARRY HINES BLVD | | DALLAS | TX"
dfw_004,1437226610,"DALLAS COUNTY HOSPITAL DISTRICT | 5200 HARRY HINES BLVD | | DALLAS | TX"
dfw_004,1508014895,"DALLAS COUNTY HOSPITAL DISTRICT | 5200 HARRY HINES BLVD | | DALLAS | TX"
dfw_004,1649278995,"DALLAS COUNTY HOSPITAL DISTRICT | 5200 HARRY HINES BLVD | | DALLAS | TX"
dfw_004,1801894647,"DALLAS COUNTY HOSPITAL DISTRICT | 5200 HARRY HINES BLVD | | DALLAS | TX"
dfw_004,1831198506,"DALLAS COUNTY HOSPITAL DISTRICT | 5200 HARRY HINES BLVD | | DALLAS | TX"
dfw_004,1932123247,"DALLAS COUNTY HOSPITAL DISTRICT | 5200 HARRY HINES BLVD | | DALLAS | TX"
dfw_005,1023180502,"COLUMBIA HOSPITAL AT MEDICAL CITY DALLAS SUBSIDIARY LP | 7777 FOREST LN | | DALLAS | TX"
dfw_005,1043873326,"PEDIATRIC NEUROLOGY OF DALLAS | 7777 FOREST LANE | MEDICAL CITY DALLAS SUITE A-234 | DALLAS | TX"
dfw_005,1053365387,"COLUMBIA HOSPITAL AT MEDICAL CITY DALLAS SUBSIDIARY LP | 7777 FOREST LN | | DALLAS | TX"
dfw_005,1073979001,"COLUMBIA HOSPITAL AT MEDICAL CITY DALLAS SUBSIDIARY LP | 7777 FOREST LN | | DALLAS | TX"
dfw_005,1235199829,"MEDICAL CITY DALLAS IMAGING CENTER, LLC | 7777 FOREST LN | SUITE C-112 | DALLAS | TX"
dfw_005,1396107819,"MEDICAL CITY TRANSPLANT, PLLC | 7777 FOREST LN STE B445 | | DALLAS | TX"
dfw_005,1487606596,"COLUMBIA HOSPITAL AT MEDICAL CITY DALLAS SUBSIDIARY LP | 7777 FOREST LN | | DALLAS | TX"
dfw_005,1619995180,"MED CITY DALLAS OUTPATIENT SURGERY CENTER, L.P. | 7777 FOREST LN | SUITE C-150 | DALLAS | TX"
dfw_005,1689628984,"COLUMBIA HOSPITAL AT MEDICAL CITY DALLAS SUBSIDIARY LP | 7777 FOREST LN | | DALLAS | TX"
dfw_005,1730256074,"PROASSIST | 7777 FOREST LN | MEDICAL CITY DALLAS | DALLAS | TX"
dfw_005,1851599245,"COLUMBIA HOSPITAL AT MEDICAL CITY DALLAS SUBSIDIARY LP | 7777 FOREST LN | | DALLAS | TX"
dfw_006,1114079142,"TEXAS HEALTH PRESBYTERIAN HOSPITAL DALLAS | 8200 WALNUT HILL LN | | DALLAS | TX"
dfw_006,1245311695,"TEXAS HEALTH PRESBYTERIAN HOSPITAL DALLAS | 8200 WALNUT HILL LN | | DALLAS | TX"
dfw_006,1255412789,"TEXAS HEALTH PRESBYTERIAN HOSPITAL DALLAS | 8200 WALNUT HILL LN | | DALLAS | TX"
dfw_006,1275673972,"PRESBYTERIAN HOSPITAL OF DALLAS | 8200 WALNUT HILL LN | | DALLAS | TX"
dfw_006,1295887727,"TEXAS HEALTH PRESBYTERIAN HOSPITAL DALLAS | 8200 WALNUT HILL LN | | DALLAS | TX"
dfw_006,1316007032,"TEXAS HEALTH PRESBYTERIAN HOSPITAL DALLAS | 8200 WALNUT HILL LN | | DALLAS | TX"
dfw_006,1326253923,"PRESBYTERIAN HOSPITAL OF DALLAS | 8200 WALNUT HILL LANE | | DALLAS | TX"
dfw_006,1396779948,"TEXAS HEALTH PRESBYTERIAN HOSPITAL DALLAS | 8200 WALNUT HILL LANE | | DALLAS | TX"
dfw_006,1740375377,"TEXAS HEALTH PRESBYTERIAN HOSPITAL DALLAS | 8200 WALNUT HILL LN | GROUND LOBBY | DALLAS | TX"
dfw_006,1750335618,"PRESBYTERIAN HOSPITAL OF DALLAS | 8200 WALNUT HILL LN | | DALLAS | TX"
dfw_006,1952453987,"TEXAS HEALTH PRESBYTERIAN HOSPITAL DALLAS | 8200 WALNUT HILL LN | | DALLAS | TX"
dfw_006,1518021476,"TEXAS HEALTH PRESBYTERIAN HOSPITAL DALLAS | 8440 WALNUT HILL LN | SUITE 540 | DALLAS | TX"
dfw_006,1922162890,"TEXAS HEALTH PRESBYTERIAN HOSPITAL DALLAS | 8210 WALNUT HILL LN | SUITE 705 | DALLAS | TX"
dfw_006,1679638126,"TEXAS HEALTH PRESBYTERIAN HOSPITAL DALLAS | 8440 WALNUT HILL LN | SUITE 540 | DALLAS | TX"
dfw_006,1598812729,"TEXAS HEALTH PRESBYTERIAN HOSPITAL DALLAS | 8440 WALNUT HILL LN | SUITE 540 | DALLAS | TX"
dfw_006,1124175039,"TEXAS HEALTH PRESBYTERIAN HOSPITAL DALLAS | 8210 WALNUT HILL LN | SUITE 705 | DALLAS | TX"
dfw_007,1205960903,"HARRIS METHODIST FORT WORTH | 1301 PENNSYLVANIA AVE | | FORT WORTH | TX"
dfw_007,1336172105,"TEXAS HEALTH HARRIS METHODIST HOSPITAL FORT WORTH | 1301 PENNSYLVANIA AVE | | FORT WORTH | TX"
dfw_007,1407866064,"TEXAS HEALTH HARRIS METHODIST HOSPITAL FORT WORTH | 1301 PENNSYLVANIA AVE | | FORT WORTH | TX"
dfw_007,1447376892,"HARRIS METHODIST FORT WORTH | 1301 PENNSYLVANIA AVE | | FORT WORTH | TX"
dfw_007,1538292990,"TEXAS HEALTH HARRIS METHODIST HOSPITAL FORT WORTH | 1301 PENNSYLVANIA AVE | | FORT WORTH | TX"
dfw_007,1710061023,"TEXAS HEALTH HARRIS METHODIST HOSPITAL FORT WORTH | 1301 PENNSYLVANIA AVE | | FORT WORTH | TX"
dfw_007,1730278417,"TEXAS HEALTH SPECIALTY HOSPITAL FORT WORTH | 1301 PENNSYLVANIA AVE | | FORT WORTH | TX"
dfw_007,1972637619,"TEXAS HEALTH HARRIS METHODIST HOSPITAL FORT WORTH | 1301 PENNSYLVANIA AVE | | FORT WORTH | TX"
dfw_007,1851439137,"TEXAS HEALTH HARRIS METHODIST HOSPITAL FORT WORTH | 1512 PENNSYLVANIA AVENUE | | FORT WORTH | TX"
dfw_007,1043681356,"TEXAS HEALTH HARRIS METHODIST HOSPITAL FORT WORTH | 1301 PENNSYLVANIA AVE | | FT WORTH | TX"
dfw_007,1912130774,"TEXAS HEALTH HARRIS METHODIST HOSPITAL FORT WORTH | 1401 PENNSYLVANIA AVE | | FORT WORTH | TX"
dfw_008,1083633143,"BAYLOR ALL SAINTS MEDICAL CENTER | 1400 8TH AVENUE | | FORT WORTH | TX"
dfw_008,1497755839,"BAYLOR ALL SAINTS MEDICAL CENTER | 1400 8TH AVE | | FORT WORTH | TX"
dfw_008,1669472387,"BAYLOR ALL SAINTS MEDICAL CENTER | 1400 8TH AVE | | FORT WORTH | TX"
dfw_008,1790298388,"BAYLOR ALL SAINTS MEDICAL CENTER | 1400 8TH AVE | | FORT WORTH | TX"
dfw_008,1831199462,"BAYLOR ALL SAINTS MEDICAL CENTER | 1400 8TH AVE | | FORT WORTH | TX"
dfw_008,1972640316,"BAYLOR ALL SAINTS MEDICAL CENTER | 1400 8TH AVE | | FORT WORTH | TX"
dfw_009,1093088684,"JOHN PETER SMITH HOSPITAL ORTHOPEDICS | 1500 S MAIN ST | | FORT WORTH | TX"
dfw_009,1487054789,"JOHN PETER SMITH HOSPITAL | 1500 S MAIN ST | | FORT WORTH | TX"
dfw_009,1649681412,"JOHN PETER SMITH HOSPITAL | 1500 S MAIN ST | | FORT WORTH | TX"
dfw_009,1720538622,"JOHN PETER SMITH HEALTH NETWORK | 1500 S MAIN ST | | FORT WORTH | TX"
dfw_009,1760642177,"JOHN PETER SMITH HOSPITAL | 1500 S MAIN ST | | FORT WORTH | TX"
dfw_009,1538193073,"TARRANT COUNTY HOSPITAL DISTRICT | 1500 S MAIN ST | | FORT WORTH | TX"
dfw_009,1992753222,"TARRANT COUNTY HOSPITAL DISTRICT | 1500 S MAIN ST | | FORT WORTH | TX"
dfw_009,1427088665,"TARRANT COUNTY HOSPITAL DISTRICT | 1500 S MAIN ST | | FORT WORTH | TX"
dfw_009,1215248265,"JPS | 1500 S MAIN ST | | FORT WORTH | TX"
dfw_009,1770873192,"TARRANT COUNTY HOSPITAL DISTRICT | 1500 S MAIN ST | | FORT WORTH | TX"
dfw_010,1144773045,"QUESTCARE HOSPITALISTS, PLLC | 3901 W 15TH ST | | PLANO | TX"
dfw_010,1164574489,"QUESTCARE MEDICAL SERVICES PLLC | 3901 W 15TH ST | | PLANO | TX"
dfw_010,1184897159,"QUESTCARE OBSTETRICS PLLC | 3901 W 15TH ST | | PLANO | TX"
dfw_010,1205880275,"COLUMBIA MEDICAL CENTER OF PLANO SUBSIDIARY LP | 1620 COIT RD | SUITE 200 | PLANO | TX"
dfw_010,1386817823,"QUESTCARE OBSTETRICS PLLC | 3901 W 15TH ST | | PLANO | TX"
dfw_010,1396798518,"COLUMBIA MEDICAL CENTER OF PLANO SUBSIDIARY LP | 3901 W 15TH ST | | PLANO | TX"
dfw_010,1588618557,"COLUMBIA MEDICAL CENTER OF PLANO SUBSIDIARY LP | 3901 W 15TH ST | | PLANO | TX"
dfw_010,1699726406,"COLUMBIA MEDICAL CENTER OF PLANO SUBSIDIARY LP | 3901 W 15TH ST | | PLANO | TX"
dfw_011,1194743013,"CHILDREN'S HEALTH SYSTEM OF TEXAS | 1935 MEDICAL DISTRICT DR | | DALLAS | TX"
dfw_011,1588746002,"CHILDREN'S HEALTH SYSTEM OF TEXAS | 1935 MEDICAL DISTRICT DR STE E1000 | | DALLAS | TX"
dfw_011,1700183860,"CHILDREN'S MEDICAL CENTER DALLAS | 1935 MEDICAL DISTRICT DR | WAYFIND D7023 | DALLAS | TX"
dfw_011,1922428234,"CHILDREN'S HEALTH SYSTEM OF TEXAS | 1935 MEDICAL DISTRICT DR | | DALLAS | TX"
dfw_012,1083472062,"COOK CHILDREN'S PHYSICIAN NETWORK | 801 7TH AVE | | FORT WORTH | TX"
dfw_012,1255882411,"COOK CHILDREN'S PHYSICIAN NETWORK | 801 7TH AVE | | FORT WORTH | TX"
dfw_012,1336198894,"COOK CHILDREN'S MEDICAL CENTER | 801 7TH AVE | | FORT WORTH | TX"
dfw_012,1467903088,"COOK CHILDREN'S PHYSICIAN NETWORK | 801 7TH AVE | | FORT WORTH | TX"
dfw_012,1669442042,"COOK CHILDREN'S PHYSICIAN NETWORK | 801 7TH AVE | | FORT WORTH | TX"
dfw_012,1700127909,"COOK CHILDREN'S MEDICAL CENTER | 801 7TH AVE STE 1700 | | FORT WORTH | TX"
dfw_012,1750369203,"COOK CHILDREN'S PHYSICIAN NETWORK | 801 7TH AVE | | FORT WORTH | TX"
dfw_012,1891765178,"COOK CHILDREN'S MEDICAL CENTER | 801 7TH AVE | | FORT WORTH | TX"
dfw_012,1548230923,"COOK CHILDREN'S PHYSICIAN NETWORK | 1500 COOPER ST | | FORT WORTH | TX"
dfw_012,1720059785,"COOK CHILDREN'S MEDICAL CENTER | 1500 COOPER ST | | FORT WORTH | TX"
dfw_012,1760452080,"COOK CHILDREN'S MEDICAL CENTER | 1500 COOPER ST FL 1 | | FORT WORTH | TX"
dfw_013,1033165501,"METHODIST HOSPITALS OF DALLAS | 2831 E PRESIDENT GEORGE BUSH HWY | | RICHARDSON | TX"
dfw_014,1063965960,"QUESTCARE HOSPITALISTS, PLLC | 3301 MATLOCK RD | | ARLINGTON | TX"
dfw_014,1114107604,"COLUMBIA MEDICAL CENTER OF ARLINGTON SUBSIDIARY LP | 3301 MATLOCK RD | | ARLINGTON | TX"
dfw_014,1134172406,"COLUMBIA MEDICAL CENTER OF ARLINGTON SUBSIDIARY LP | 3301 MATLOCK RD | | ARLINGTON | TX"
dfw_014,1164757860,"QUESTCARE OBSTETRICS PLLC | 3301 MATLOCK RD | | ARLINGTON | TX"
dfw_014,1316467186,"QUESTCARE PULMONARY CONSULTANTS PLLC | 3301 MATLOCK RD | | ARLINGTON | TX"
dfw_014,1356990089,"COLUMBIA MEDICAL CENTER OF ARLINGTON SUBSIDIARY LP | 3301 MATLOCK RD | | ARLINGTON | TX"
dfw_014,1366493090,"COLUMBIA MEDICAL CENTER OF ARLINGTON SUBSIDIARY LP | 3301 MATLOCK RD | | ARLINGTON | TX"
dfw_014,1497807713,"QUESTCARE MEDICAL SERVICES, PLLC | 3301 MATLOCK RD | | ARLINGTON | TX"
dfw_014,1912950114,"COLUMBIA MEDICAL CENTER OF ARLINGTON SUBSIDIARY LP | 3301 MATLOCK RD | | ARLINGTON | TX"
dfw_015,1629015748,"COLUMBIA PLAZA MEDICAL CENTER OF FORT WORTH SUBSIDIARY LP | 900 8TH AVE | | FORT WORTH | TX"
dfw_015,1659323772,"COLUMBIA PLAZA MEDICAL CENTER OF FORT WORTH SUBSIDIARY LP | 900 8TH AVE | | FORT WORTH | TX"
dfw_015,1710924832,"COLUMBIA PLAZA MEDICAL CENTER OF FORT WORTH SUBSIDIARY LP | 900 8TH AVE | | FORT WORTH | TX"
dfw_015,1992742019,"COLUMBIA PLAZA MEDICAL CENTER OF FORT WORTH SUBSIDIARY LP | 900 8TH AVE | | FORT WORTH | TX"
dfw_016,1073664116,"PRESBYTERIAN HOSPITAL OF PLANO | 6200 W PARKER RD | | PLANO | TX"
dfw_016,1104982511,"TEXAS HEALTH PRESBYTERIAN HOSPITAL PLANO | 6200 W PARKER RD | | PLANO | TX"
dfw_016,1366822447,"TEXAS HEALTH PRESBYTERIAN HOSPITAL PLANO | 6200 W PARKER RD | | PLANO | TX"
dfw_016,1609927748,"TEXAS HEALTH PRESBYTERIAN HOSPITAL PLANO | 6200 W PARKER RD | | PLANO | TX"
dfw_016,1730245135,"TEXAS HEALTH PRESBYTERIAN HOSPITAL PLANO | 6200 W PARKER RD | | PLANO | TX"
dfw_016,1770514077,"TEXAS HEALTH PRESBYTERIAN HOSPITAL PLANO | 6200 W PARKER RD | | PLANO | TX"
dfw_016,1093930083,"TEXAS HEALTH PRESBYTERIAN HOSPITAL PLANO | 6110 W PARKER RD | | PLANO | TX"
dfw_016,1144778556,"TEXAS HEALTH SEAY BEHAVIORAL HEALTH HOSPITAL | 6110 WEST PARKER ROAD | | PLANO | TX"
dfw_016,1427506831,"TEXAS HEALTH SEAY BEHAVIORAL HEALTH HOSPITAL | 6110 WEST PARKER ROAD | | PLANO | TX"
dfw_016,1952858078,"TEXAS HEALTH SEAY BEHAVIORAL HEALTH HOSPITAL | 6110 WEST PARKER ROAD | | PLANO | TX"
dfw_017,1346265071,"HUGULEY EMERGENCY PHYSICIANS, LLP | 11801 S FREEWAY | | FORT WORTH | TX"
dfw_017,1366740177,"HUGULEY MEMORIAL MEDICAL CENTER | 11801 SOUTH FREEWAY | | FORT WORTH | TX"
dfw_017,1033120423,"TEXAS HEALTH HUGULEY, INC. | 11801 SOUTH FWY | | BURLESON | TX"
dfw_017,1063706596,"TEXAS HEALTH HUGULEY, INC | 11801 SOUTH FWY | | BURLESON | TX"
dfw_017,1184990012,"TEXAS HEALTH HUGULEY, INC. | 11801 SOUTH FWY | | BURLESON | TX"
dfw_017,1518355759,"TEXAS HEALTH HUGULEY, INC | 11801 SOUTH FWY | | BURLESON | TX"
dfw_017,1548273881,"TEXAS HEALTH HUGULEY, INC. | 11801 SOUTH FWY | | BURLESON | TX"
dfw_017,1629290929,"HUGULEY MEDICAL ASSOCIATES, INC | 11801 SOUTH FWY | | BURLESON | TX"
dfw_017,1891052130,"TEXAS HEALTH HUGULEY, INC. | 11801 SOUTH FWY | | BURLESON | TX"
dfw_018,1649304221,"TEXAS HEALTH HARRIS METHODIST HOSPITAL SOUTHWEST FORT WORTH | 6100 HARRIS PKWY | | FORT WORTH | TX"
dfw_018,1598880940,"HARRIS METHODIST SOUTHWEST | 6100 HARRIS PKWY | | FORT WORTH | TX"
dfw_018,1417980202,"TEXAS HEALTH HARRIS METHODIST HOSPITAL SOUTHWEST FORT WORTH | 6100 HARRIS PKWY | | FORT WORTH | TX"
dfw_018,1538177589,"TEXAS HEALTH HARRIS METHODIST HOSPITAL SOUTHWEST FORT WORTH | 6100 HARRIS PKWY | | FORT WORTH | TX"
dfw_018,1730212879,"TEXAS HEALTH HARRIS METHODIST HOSPITAL SOUTHWEST FORT WORTH | 6100 HARRIS PKWY | | FORT WORTH | TX"
dfw_019,1457992117,"CHILDREN'S HEALTH SYSTEM OF TEXAS | 7601 PRESTON RD STE L1203 | | PLANO | TX"
dfw_019,1720480627,"CHILDREN'S HEALTH SYSTEM OF TEXAS | 7601 PRESTON RD | | PLANO | TX"
dfw_020,1013066851,"METHODIST HOSPITALS OF DALLAS | 1441 N BECKLEY AVE | | DALLAS | TX"
dfw_020,1184911521,"METHODIST HOSPITALS OF DALLAS | 1441 N BECKLEY AVE | | DALLAS | TX"
dfw_020,1255391959,"METHODIST HOSPITAL OF DALLAS | 1441 N BECKLEY AVE | | DALLAS | TX"
dfw_020,1417917121,"METHODIST HOSPITALS OF DALLAS | 1441 N BECKLEY AVE | | DALLAS | TX"
dfw_020,1528027786,"METHODIST HOSPITALS OF DALLAS | 1441 N BECKLEY AVE | | DALLAS | TX"
dfw_020,1922069905,"METHODIST HOSPITAL OF DALLAS | 1441 N BECKLEY AVE | | DALLAS | TX"
dfw_021,1144646381,"METHODIST HOSPTIALS OF DALLAS | 401 W CAMPBELL RD | | RICHARDSON | TX"
dfw_021,1811142359,"METHODIST HOSPITALS OF DALLAS | 401 W CAMPBELL RD | | RICHARDSON | TX"
dfw_022,1275592131,"METHODIST HOSPITALS OF DALLAS | 3500 W WHEATLAND RD | | DALLAS | TX"
dfw_022,1770127821,"METHODIST COMMUNITY PHARMACY, LLC | 3500 W WHEATLAND RD STE B | | DALLAS | TX"
hou_001,1063775872,"THE METHODIST HOSPITAL | 6565 FANNIN ST | | HOUSTON | TX"
hou_001,1548387418,"THE METHODIST HOSPITAL | 6565 FANNIN ST | | HOUSTON | TX"
hou_001,1699038901,"THE METHODIST HOSPITAL SYSTEM | 6565 FANNIN ST | | HOUSTON | TX"
hou_002,1871619254,"METHODIST HEALTH CENTERS | 18220 STATE HIGHWAY 249 | | HOUSTON | TX"
hou_003,1083937593,"METHODIST HEALTH CENTERS | 18500 KATY FWY | | HOUSTON | TX"
hou_004,1063448124,"MEMORIAL HERMANN HEALTH SYSTEM | 6411 FANNIN ST | | HOUSTON | TX"
hou_004,1245266303,"MEMORIAL HERMANN HEALTH SYSTEM | 6411 FANNIN ST | | HOUSTON | TX"
hou_004,1275744799,"MEMORIAL HERMANN HEALTH SYSTEM | 6411 FANNIN ST | | HOUSTON | TX"
hou_004,1366229619,"MEMORIAL HERMANN HEALTH SYSTEM | 6411 FANNIN ST # JG201 | | HOUSTON | TX"
hou_004,1437276862,"MEMORIAL HERMANN HEALTH SYSTEM | 6411 FANNIN ST | | HOUSTON | TX"
hou_004,1477769529,"MEMORIAL HERMANN HEALTH SYSTEM | 6411 FANNIN ST | | HOUSTON | TX"
hou_004,1629291323,"MEMORIAL HERMANN HEALTH SYSTEM | 6411 FANNIN | | HOUSTON | TX"
hou_004,1710100417,"MEMORIAL HERMANN HEALTH SYSTEM | 6411 FANNIN | | HOUSTON | TX"
hou_004,1801007323,"MEMORIAL HERMANN HEALTH SYSTEM | 6411 FANNIN ST | | HOUSTON | TX"
hou_004,1831312941,"MEMORIAL HERMANN HEALTH SYSTEM | 6411 FANNIN ST | | HOUSTON | TX"
hou_004,1982666111,"MEMORIAL HERMANN HEALTH SYSTEM | 6411 FANNIN ST | | HOUSTON | TX"
hou_004,1992747125,"MEMORIAL HERMANN HEALTH SYSTEM | 6411 FANNIN ST | | HOUSTON | TX"
hou_004,1093868630,"UT PHYSICIANS CHOSEN CLINIC | 6410 FANNIN ST | 720 | HOUSTON | TX"
hou_004,1245767722,"UT PHYSICIANS | 6410 FANNIN ST STE 350 | | HOUSTON | TX"
hou_004,1265096317,"UT PHYSICIANS | 6400 FANNIN ST STE 2800 | | HOUSTON | TX"
hou_004,1588965131,"UT PHYSICIANS - TRAUMA SERVICES | 6410 FANNIN ST | 1500 | HOUSTON | TX"
hou_004,1679758940,"UT PHYSICIANS | 6411 FANNIN ST | | HOUSTON | TX"
hou_004,1811442403,"UT PHYSICIANS | 6410 FANNIN ST | 510 | HOUSTON | TX"
hou_005,1184847295,"MEMORIAL HERMANN HEALTH SYSTEM | 921 GESSNER RD | | HOUSTON | TX"
hou_005,1316977465,"MEMORIAL HERMANN HEALTH SYSTEM | 921 GESSNER RD | | HOUSTON | TX"
hou_005,1538382239,"MEMORIAL HERMANN HEALTH SYSTEM | 921 GESSNER | | HOUSTON | TX"
hou_005,1740233782,"MEMORIAL HERMANN HEALTH SYSTEM | 921 GESSNER RD | | HOUSTON | TX"
hou_006,1053755272,"UNIVERSITY OF TEXAS MD ANDERSON CANCER CENTER | 1515 HOLCOMBE BLVD UNIT 428 | | HOUSTON | TX"
hou_006,1073957130,"MD ANDERSON CANCER CENTER | 1515 HOLCOMBE BLVD | | HOUSTON | TX"
hou_006,1083730964,"M. D. ANDERSON CANCER CENTER | 1515 HOLCOMBE BLVD | | HOUSTON | TX"
hou_006,1144669508,"MD ANDERSON | 1515 HOLCOMBE BLVD | | HOUSTON | TX"
hou_006,1174582050,"UNIVERSITY OF TEXAS M. D. ANDERSON CANCER CENTER | 1515 HOLCOMBE BLVD | | HOUSTON | TX"
hou_006,1336548999,"MD ANDERSON CANCER CENTER | 1515 HOLCOMBE BLVD | | HOUSTON | TX"
hou_006,1457671042,"UNIV OF TEXAS MD ANDERSON CANCER CENTER | 1515 HOLCOMBE BLVD | UNIT 90 | HOUSTON | TX"
hou_006,1508965435,"UNIVERSITY OF TEXAS M D ANDERSON | 1515 HOLCOMBE BLVD UNIT 90 | | HOUSTON | TX"
hou_006,1548567704,"MD ANDERSON CANCER CENTER | 1515 HOLCOMBE BLVD | UNIT 1445 | HOUSTON | TX"
hou_006,1568707305,"MD ANDERSON CANCER CENTER | 1515 HOLCOMBE BLVD | UNIT 1448 | HOUSTON | TX"
hou_006,1619060209,"MD ANDERSON CANCER CENTER | 1515 HOLCOMBE BLVD | MD ANDERSON CANCER CTR, LYMPHOMA/MYELOMA DEPT #429 | HOUSTON | TX"
hou_006,1952521189,"UT MD ANDERSON CANCER CENTER | 1515 HOLCOMBE BLVD UNIT 72 | | HOUSTON | TX"
hou_007,1184622847,"CHI ST. LUKE'S HEALTH BAYLOR COLLEGE OF MEDICINE MEDICAL CENTER | 6720 BERTNER ST | | HOUSTON | TX"
hou_007,1194894832,"BAYLOR COLLEGE OF MEDICINE | 6720 BERTNER ST | | HOUSTON | TX"
hou_007,1285678458,"CHI ST. LUKE'S HEALTH BAYLOR COLLEGE OF MEDICINE MEDICAL CENTER | 6720 BERTNER ST | | HOUSTON | TX"
hou_007,1841690740,"CHI ST LUKE'S HEALTH BAYLOR ST. LUKE'S MEDICAL CENTER | 6720 BERTNER STREET | MC 4-278 BOX 112 | HOUSTON | TX"
hou_008,1013283159,"TEXAS CHILDRENS HOSPITAL | 6621 FANNIN ST | | HOUSTON | TX"
hou_008,1194275222,"TEXAS CHILDREN HOSPITAL | 6621 FANNIN ST | | HOUSTON | TX"
hou_008,1477643690,"TEXAS CHILDREN'S HOSPITAL | 6621 FANNIN ST | | HOUSTON | TX"
hou_008,1487600334,"TEXAS CHILDRENS HOSPITAL | 6621 FANNIN ST | | HOUSTON | TX"
hou_008,1588605406,"BAYLOR COLLEGE OF MEDICINE | 6621 FANNIN ST | | HOUSTON | TX"
hou_008,1588671630,"BAYLOR COLLEGE OF MEDICINE | 6621 FANNIN ST | CCC 1010 | HOUSTON | TX"
hou_008,1619211034,"BAYLOR COLLEGE OF MEDICINE | 6621 FANNIN ST | | HOUSTON | TX"
hou_008,1861675506,"TEXAS CHILDREN'S PHYSICIAN GROUP | 6621 FANNIN ST | | HOUSTON | TX"
hou_008,1891971222,"TEXAS CHILDREN'S HOSPTIAL PHARMACY | 6621 FANNIN ST STE WB1120 | | HOUSTON | TX"
hou_009,1033283619,"BAYLOR COLLEGE OF MEDICINE | 1504 TAUB LOOP | DEPT. OF DERMATOLOGY | HOUSTON | TX"
hou_009,1053352914,"BAYLOR COLLEGE OF MEDICINE | 1504 TAUB LOOP | | HOUSTON | TX"
hou_009,1164463287,"BAYLOR COLLEGE OF MEDICINE | 1504 TAUB LOOP | | HOUSTON | TX"
hou_009,1164807624,"BEN TAUB GENERAL HOSPITAL | 1504 TAUB LOOP | | HOUSTON | TX"
hou_009,1205900370,"HARRIS COUNTY HOSPITAL DISTRICT | 1504 TAUB LOOP | | HOUSTON | TX"
hou_009,1215190202,"HARRIS COUNTY HOSPITAL DISTRICT BEN TAUB | 1504 TAUB LOOP | | HOUSTON | TX"
hou_009,1255430690,"BAYLOR COLLEGE OF MEDICINE | 1504 TAUB LOOP | DEPT. OF PATHOLOGY | HOUSTON | TX"
hou_009,1285644831,"BAYLOR COLLEGE OF MEDICINE | 1504 TAUB LOOP | | HOUSTON | TX"
hou_009,1295769107,"BAYLOR COLLEGE OF MEDICINE | 1504 TAUB LOOP | | HOUSTON | TX"
hou_009,1306885082,"BAYLOR COLLEGE OF MEDICINE | 1504 TAUB LOOP | | HOUSTON | TX"
hou_009,1306975081,"BAYLOR COLLEGE OF MEDICINE TEEN HEALTH CLINIC | 1504 TAUB LOOP | | HOUSTON | TX"
hou_009,1356428460,"HARRIS COUNTY HOSPITAL DISTRICT | 1504 TAUB LOOP | | HOUSTON | TX"
hou_009,1386731222,"BAYLOR COLLEGE OF MEDICINE | 1504 TAUB LOOP | | HOUSTON | TX"
hou_009,1407920069,"BAYLOR COLLEGE OF MEDICINE | 1504 TAUB LOOP | DEPT. OF ONCOLOGY | HOUSTON | TX"
hou_009,1417322116,"BAYLOR BEN TAUB TEEN HEALTH CLINIC | 1504 TAUB LOOP | | HOUSTON | TX"
hou_009,1437288180,"BAYLOR COLLEGE OF MEDICINE TEEN HEALTH CLINIC | 1504 TAUB LOOP | | HOUSTON | TX"
hou_009,1497843700,"BAYLOR COLLEGE OF MEDICINE | 1504 TAUB LOOP | DEPT. OF ANESTHESIOLOGY | HOUSTON | TX"
hou_009,1508930181,"BAYLOR COLLEGE OF MEDICINE | 1504 TAUB LOOP | DEPT. OF CARDIOLOGY | HOUSTON | TX"
hou_009,1508952706,"BAYLOR COLLEGE OF MEDICINE | 1504 TAUB LOOP | | HOUSTON | TX"
hou_009,1538233127,"BAYLOR COLLEGE OF MEDICINE | 1504 TAUB LOOP | DEPT. OF ANESTHESIOLOGY | HOUSTON | TX"
hou_009,1588663025,"HARRIS COUNTY HOSPITAL DISTRICT | 1504 TAUB LOOP | | HOUSTON | TX"
hou_009,1598839151,"BAYLOR COLLEGE OF MEDICINE | 1504 TAUB LOOP | DEPT. OF RHEUMATOLOGY | HOUSTON | TX"
hou_009,1619041282,"BAYLOR COLLEGE OF MEDICINE | 1504 TAUB LOOP | DEPT. OF PULMONARY | HOUSTON | TX"
hou_009,1629173034,"BAYLOR COLLEGE OF MEDICINE | 1504 TAUB LOOP | | HOUSTON | TX"
hou_009,1659639722,"BAYLOR COLLEGE OF MEDICINE | 1504 TAUB LOOP | EMERGENCY CENTER , C/O VICTORIA GARCIA | HOUSTON | TX"
hou_009,1699722157,"BAYLOR COLLEGE OF MEDICINE | 1504 TAUB LOOP | | HOUSTON | TX"
hou_009,1700950375,"BAYLOR COLLEGE OF MEDICINE | 1504 TAUB LOOP | DEPT. OF INFECTIOUS DISEASES | HOUSTON | TX"
hou_009,1710051396,"BAYLOR COLLEGE OF MEDICINE | 1504 TAUB LOOP | DEPT. OF NEPHROLOGY | HOUSTON | TX"
hou_009,1720182389,"BAYLOR COLLEGE OF MEDICINE | 1504 TAUB LOOP | | HOUSTON | TX"
hou_009,1780615278,"BAYLOR COLLEGE OF MEDICINE | 1504 TAUB LOOP | | HOUSTON | TX"
hou_009,1801177555,"BAYLOR COLLEGE OF MEDICINE | 1504 TAUB LOOP | | HOUSTON | TX"
hou_009,1861564445,"BAYLOR COLLEGE OF MEDICINE | 1504 TAUB LOOP | DEPT. OF GERIATRICS | HOUSTON | TX"
hou_009,1891869467,"BAYLOR COLLEGE OF MEDICINE | 1504 TAUB LOOP | DEPT. OF HEMATOLOGY | HOUSTON | TX"
hou_009,1891894242,"BAYLOR COLLEGE OF MEDICINE | 1504 TAUB LOOP | | HOUSTON | TX"
hou_009,1902970585,"BAYLOR COLLEGE OF MEDICINE | 1504 TAUB LOOP | DEPT. OF UROLOGY | HOUSTON | TX"
hou_009,1902983000,"HARRIS COUNTY HOSPITAL DISTRICT | 1504 TAUB LOOP | | HOUSTON | TX"
hou_009,1912001504,"BAYLOR COLLEGE OF MEDICINE | 1504 TAUB LOOP | ATTN: DEPT. OF NEUROLOGY | HOUSTON | TX"
hou_009,1982633434,"BAYLOR COLLEGE OF MEDICINE | 1504 TAUB LOOP | | HOUSTON | TX"
hou_009,1982778544,"BAYLOR COLLEGE OF MEDICINE | 1504 TAUB LOOP | DEPT. OF ENDOCRINOLOGY | HOUSTON | TX"
hou_009,1982778569,"BAYLOR COLLEGE OF MEDICINE | 1504 TAUB LOOP | DEPT. OF GASTROENTEROLOGY | HOUSTON | TX"
hou_010,1164636486,"UT PHYSICIANS | 5656 KELLEY ST | | HOUSTON | TX"
hou_010,1275532509,"HARRIS COUNTY HOSPITAL DISTRICT | 5656 KELLEY ST | OP PHARMACY | HOUSTON | TX"
hou_010,1396874293,"BAYLOR COLLEGE OF MEDICINE TEEN HEALTH CLINIC | 5656 KELLEY ST | | HOUSTON | TX"
hou_010,1538524434,"BAYLOR LYNDON B JOHNSON | 5656 KELLEY ST | | HOUSTON | TX"
hou_010,1548400229,"HARRIS COUNTY HOSPITAL DISTRICT | 5550 KELLEY ST | 3RD FLOOR | HOUSTON | TX"
hou_010,1568937100,"UT PHYSICIANS SPECIALTY SERVICES | 5656 KELLEY ST | | HOUSTON | TX"
hou_011,1023065794,"CHCA WOMANS HOSPITAL LP | 7600 FANNIN ST | | HOUSTON | TX"
hou_011,1215176219,"OB HOSPITALISTS OF WOMANS HOSPITAL PLLC | 7600 FANNIN ST | | HOUSTON | TX"
hou_011,1518906510,"CHCA WOMAN'S HOSPITAL, L.P. | 7600 FANNIN ST | | HOUSTON | TX"
hou_013,1497871628,"METHODIST HEALTH CENTERS | 16655 SOUTHWEST FWY | | SUGAR LAND | TX"
hou_014,1629828405,"METHODIST HEALTH CENTERS | 24500 NORTHWEST FWY | | CYPRESS | TX"
hou_015,1184179194,"METHODIST HEALTH CENTERS | 17201 I 45 S | | THE WOODLANDS | TX"
bal_001,1881388122,"JOHNS HOPKINS UNIVERSITY | 600 N WOLFE ST | BALTIMORE | MD"
bal_001,1255315339,"SAME AS ABOVE"
bal_001,1881678878,"SAME AS ABOVE"
bal_001,1699759605,"SAME AS ABOVE"
bal_001,1538144803,"SAME AS ABOVE"
bal_001,1447221726,"SAME AS ABOVE"
bal_001,1972574564,"SAME AS ABOVE"
bal_001,1902332133,"SAME AS ABOVE"
bal_001,1063917326,"SAME AS ABOVE"
bal_001,1962164533,"SAME AS ABOVE"
bal_001,1386245751,"SAME AS ABOVE"
bal_001,1235733445,"SAME AS ABOVE"
bal_001,1750355061,"SAME AS ABOVE"
bal_001,1245204544,"SAME AS ABOVE"
bal_001,1588638878,"SAME AS ABOVE"
bal_001,1730153032,"SAME AS ABOVE"
bal_001,1689131575,"SAME AS ABOVE"
bal_001,1801891080,"SAME AS ABOVE"
bal_001,1356346100,"SAME AS ABOVE"
bal_001,1295731966,"SAME AS ABOVE"
bal_001,1013913789,"SAME AS ABOVE"
bal_001,1922004696,"SAME AS ABOVE"
bal_001,1740286418,"SAME AS ABOVE"
bal_001,1659377323,"SAME AS ABOVE"
bal_001,1881694453,"SAME AS ABOVE"
bal_001,1023018413,"SAME AS ABOVE"
bal_001,1386644771,"SAME AS ABOVE"
bal_001,1881694263,"SAME AS ABOVE"
bal_001,1891072286,"SAME AS ABOVE"
bal_001,1366729758,"SAME AS ABOVE"
bal_001,1053061267,"SAME AS ABOVE"
bal_001,1043798259,"SAME AS ABOVE"
bal_001,1922581412,"SAME AS ABOVE"
bal_001,1306329834,"SAME AS ABOVE"
bal_001,1649754607,"SAME AS ABOVE"
bal_001,1558845511,"SAME AS ABOVE"
bal_001,1467936427,"SAME AS ABOVE"
bal_001,1740764703,"SAME AS ABOVE"
bal_001,1912481979,"SAME AS ABOVE"
bal_001,1013491075,"SAME AS ABOVE"
bal_001,1922582980,"SAME AS ABOVE"
bal_001,1831673896,"SAME AS ABOVE"
bal_001,1689158495,"SAME AS ABOVE"
bal_001,1306320114,"SAME AS ABOVE"
bal_001,1972087781,"SAME AS ABOVE"
bal_001,1508340316,"SAME AS ABOVE"
bal_001,1417431222,"SAME AS ABOVE"
bal_001,1669947180,"SAME AS ABOVE"
bal_001,1659846178,"SAME AS ABOVE"
bal_001,1679966790,"SAME AS ABOVE"
bal_001,1760531446,"SAME AS ABOVE"
bal_001,1659368181,"SAME AS ABOVE"
bal_001,1568459097,"SAME AS ABOVE"
bal_001,1477540904,"SAME AS ABOVE"
bal_001,1386631810,"SAME AS ABOVE"
bal_001,1730176264,"SAME AS ABOVE"
bal_001,1649267170,"SAME AS ABOVE"
bal_001,1558358085,"SAME AS ABOVE"
bal_001,1467449991,"SAME AS ABOVE"
bal_001,1376530808,"SAME AS ABOVE"
bal_001,1285621714,"SAME AS ABOVE"
bal_001,1396732822,"SAME AS ABOVE"
bal_001,1205823739,"SAME AS ABOVE"
bal_001,1780671099,"SAME AS ABOVE"
bal_001,1427045764,"SAME AS ABOVE"
bal_001,1679560643,"SAME AS ABOVE"
bal_001,1396732368,"SAME AS ABOVE"
bal_001,1831186808,"SAME AS ABOVE"
bal_001,1467449439,"SAME AS ABOVE"
bal_001,1902896970,"SAME AS ABOVE"
bal_001,1275523243,"SAME AS ABOVE"
bal_001,1093796609,"SAME AS ABOVE"
bal_001,1689655219,"SAME AS ABOVE"
bal_001,1124009758,"SAME AS ABOVE"
bal_001,1780665315,"SAME AS ABOVE"
bal_001,1033190442,"SAME AS ABOVE"
bal_001,1487118048,"SAME AS ABOVE"
bal_001,1154204402,"SAME AS ABOVE"
bal_001,1083224596,"SAME AS ABOVE"
bal_001,1710106414,"SAME AS ABOVE"
bal_001,1992951131,"SAME AS ABOVE"
bal_001,1861530867,"SAME AS ABOVE"
bal_001,1831252022,"SAME AS ABOVE"
bal_001,1689009045,"SAME AS ABOVE"
bal_001,1508496050,"SAME AS ABOVE"
bal_001,1023665262,"SAME AS ABOVE"
bal_001,1609423854,"SAME AS ABOVE"
bal_001,1972150126,"SAME AS ABOVE"
bal_001,1922655166,"SAME AS ABOVE"
bal_001,1275180424,"SAME AS ABOVE"
bal_001,1811531213,"SAME AS ABOVE"
bal_001,1922280890,"SAME AS ABOVE"
bal_001,1013199983,"SAME AS ABOVE"
bal_001,1386970796,"SAME AS ABOVE"
ann_001,1508009218,"REGENTS OF THE UNIVERSITY OF MICHIGAN | 1500 E MEDICAL CENTER DR | ANN ARBOR | MI"
ann_001,1609294057,"SAME AS ABOVE"
ann_001,1003878539,"SAME AS ABOVE"
ann_001,1891757944,"SAME AS ABOVE"
ann_001,1790748333,"SAME AS ABOVE"
ann_001,1891205969,"SAME AS ABOVE"
ann_001,1093101776,"SAME AS ABOVE"
ann_001,1588047054,"SAME AS ABOVE"
ann_001,1548662745,"SAME AS ABOVE"
ann_001,1033133525,"SAME AS ABOVE"
ann_001,1265758684,"SAME AS ABOVE"
ann_001,1609192020,"SAME AS ABOVE"
ann_001,1245283993,"SAME AS ABOVE"
ann_001,1639121536,"SAME AS ABOVE"
ann_001,1528010428,"SAME AS ABOVE"
ann_001,1093767766,"SAME AS ABOVE"
ann_001,1811388598,"SAME AS ABOVE"
ann_001,1114950656,"SAME AS ABOVE"
ann_001,1629001169,"SAME AS ABOVE"
ann_001,1508890468,"SAME AS ABOVE"
ann_001,1659305514,"SAME AS ABOVE"
ann_001,1245264118,"SAME AS ABOVE"
ann_001,1366476012,"SAME AS ABOVE"
ann_001,1609800507,"SAME AS ABOVE"
ann_001,1518991413,"SAME AS ABOVE"
ann_001,1033143623,"SAME AS ABOVE"
ann_001,1255365086,"SAME AS ABOVE"
ann_001,1649204256,"SAME AS ABOVE"
ann_001,1346274933,"SAME AS ABOVE"
ann_001,1255365862,"SAME AS ABOVE"
ann_001,1083648885,"SAME AS ABOVE"
ann_001,1689609729,"SAME AS ABOVE"
ann_001,1659306702,"SAME AS ABOVE"
ann_001,1194750026,"SAME AS ABOVE"
ann_001,1770518839,"SAME AS ABOVE"
ann_001,1811922974,"SAME AS ABOVE"
ann_001,1689609448,"SAME AS ABOVE"
ann_001,1619902095,"SAME AS ABOVE"
ann_001,1083649354,"SAME AS ABOVE"
ann_001,1871528026,"SAME AS ABOVE"
ann_001,1184659559,"SAME AS ABOVE"
ann_001,1639104854,"SAME AS ABOVE"
ann_001,1023043296,"SAME AS ABOVE"
ann_001,1467487694,"SAME AS ABOVE"
ann_001,1437184884,"SAME AS ABOVE"
ann_001,1447275102,"SAME AS ABOVE"
ann_001,1356366868,"SAME AS ABOVE"
ann_001,1619992351,"SAME AS ABOVE"
ann_001,1568487130,"SAME AS ABOVE"
ann_001,1285659045,"SAME AS ABOVE"
ann_001,1740417856,"SAME AS ABOVE"
ann_001,1457823577,"SAME AS ABOVE"
ann_001,1740642479,"SAME AS ABOVE"
ann_001,1245533918,"SAME AS ABOVE"
ann_001,1497295489,"SAME AS ABOVE"
ann_001,1528097128,"SAME AS ABOVE"
ann_001,1952331936,"SAME AS ABOVE"
ann_001,1962432963,"SAME AS ABOVE"
ann_001,1740210608,"SAME AS ABOVE"
ann_001,1164452025,"SAME AS ABOVE"
ann_001,1669402848,"SAME AS ABOVE"
ann_001,1366472326,"SAME AS ABOVE"
ann_001,1801827639,"SAME AS ABOVE"
ann_001,1811928641,"SAME AS ABOVE"
ann_001,1104858232,"SAME AS ABOVE"
ann_001,1003848144,"SAME AS ABOVE"
ann_001,1053343004,"SAME AS ABOVE"
ann_001,1508898644,"SAME AS ABOVE"
ann_001,1821020975,"SAME AS ABOVE"
ann_001,1760414726,"SAME AS ABOVE"
ann_001,1881626265,"SAME AS ABOVE"
ann_001,1326307489,"SAME AS ABOVE"
ann_001,1720312382,"SAME AS ABOVE"
ann_001,1043488760,"SAME AS ABOVE"
ann_001,1083882708,"SAME AS ABOVE"
ann_001,1811165533,"SAME AS ABOVE"
det_001,1053386334,"HENRY FORD HEALTH SYSTEM | 2799 W GRAND BLVD | DETROIT | MI"
det_001,1558099788,"SAME AS ABOVE"
det_001,1639807852,"SAME AS ABOVE"
det_001,1891702833,"SAME AS ABOVE"
det_001,1922192277,"SAME AS ABOVE"
det_001,1831283183,"SAME AS ABOVE"
det_001,1982787487,"SAME AS ABOVE"
det_001,1790868297,"SAME AS ABOVE"
det_001,1134144801,"SAME AS ABOVE"
det_001,1053331322,"SAME AS ABOVE"
det_001,1811271620,"SAME AS ABOVE"
det_001,1336379825,"SAME AS ABOVE"
det_001,1457609414,"SAME AS ABOVE"
det_001,1982363602,"SAME AS ABOVE"
det_001,1497896369,"SAME AS ABOVE"
det_001,1689732414,"SAME AS ABOVE"
det_001,1063573368,"SAME AS ABOVE"
det_001,1669533865,"SAME AS ABOVE"
det_001,1992866198,"SAME AS ABOVE"
det_001,1487716072,"SAME AS ABOVE"
det_001,1023170115,"SAME AS ABOVE"
det_001,1730211483,"SAME AS ABOVE"
det_001,1447334750,"SAME AS ABOVE"
det_001,1184708406,"SAME AS ABOVE"
det_001,1801970124,"SAME AS ABOVE"
det_001,1528142858,"SAME AS ABOVE"
det_001,1083798326,"SAME AS ABOVE"
det_001,1346324688,"SAME AS ABOVE"
det_001,1396829651,"SAME AS ABOVE"
det_001,1063596468,"SAME AS ABOVE"
det_001,1336223635,"SAME AS ABOVE"
det_001,1861576266,"SAME AS ABOVE"
det_001,1114001468,"SAME AS ABOVE"
det_001,1104900455,"SAME AS ABOVE"
det_001,1003990318,"SAME AS ABOVE"
det_001,1518042050,"SAME AS ABOVE"
det_001,1508942525,"SAME AS ABOVE"
det_001,1508942681,"SAME AS ABOVE"
det_001,1811073901,"SAME AS ABOVE"
det_001,1700962891,"SAME AS ABOVE"
det_001,1134205230,"SAME AS ABOVE"
det_001,1699851618,"SAME AS ABOVE"
det_001,1679651269,"SAME AS ABOVE"
det_001,1952480964,"SAME AS ABOVE"
det_001,1861571879,"SAME AS ABOVE"
det_001,1396824207,"SAME AS ABOVE"
det_001,1972681187,"SAME AS ABOVE"
det_001,1437228954,"SAME AS ABOVE"
det_001,1356410237,"SAME AS ABOVE"
det_001,1336219161,"SAME AS ABOVE"
det_001,1245300078,"SAME AS ABOVE"
det_001,1154491983,"SAME AS ABOVE"
det_001,1598836033,"SAME AS ABOVE"
det_001,1790856235,"SAME AS ABOVE"
det_001,1871666479,"SAME AS ABOVE"
det_001,1780757385,"SAME AS ABOVE"
det_001,1396818985,"SAME AS ABOVE"
det_001,1205909892,"SAME AS ABOVE"
det_001,1003989690,"SAME AS ABOVE"
det_001,1730252339,"SAME AS ABOVE"
det_001,1578735015,"SAME AS ABOVE"
det_002,1689653305,"WILLIAM BEAUMONT HOSPITAL | 3601 W 13 MILE RD | ROYAL OAK | MI"
det_002,1215916812,"SAME AS ABOVE"
det_002,1104875426,"SAME AS ABOVE"
det_002,1043269350,"SAME AS ABOVE"
det_002,1063461366,"SAME AS ABOVE"
det_002,1952350258,"SAME AS ABOVE"
det_002,1861441164,"SAME AS ABOVE"
det_002,1770532079,"SAME AS ABOVE"
det_002,1033168331,"SAME AS ABOVE"
det_002,1679522973,"SAME AS ABOVE"
det_002,1588613889,"SAME AS ABOVE"
det_002,1467401687,"SAME AS ABOVE"
det_002,1316996333,"SAME AS ABOVE"
det_002,1376592311,"SAME AS ABOVE"
det_002,1861441743,"SAME AS ABOVE"
det_002,1528017340,"SAME AS ABOVE"
det_002,1346299161,"SAME AS ABOVE"
det_002,1255380077,"SAME AS ABOVE"
det_002,1164471983,"SAME AS ABOVE"
det_002,1073562898,"SAME AS ABOVE"
det_002,1982653705,"SAME AS ABOVE"
det_002,1407805237,"SAME AS ABOVE"
det_002,1609825439,"SAME AS ABOVE"
det_002,1518916345,"SAME AS ABOVE"
det_002,1336198167,"SAME AS ABOVE"
det_002,1326097148,"SAME AS ABOVE"
det_002,1134178957,"SAME AS ABOVE"
det_002,1396794111,"SAME AS ABOVE"
det_002,1205885027,"SAME AS ABOVE"
det_002,1114976933,"SAME AS ABOVE"
det_002,1023067840,"SAME AS ABOVE"
det_002,1932158755,"SAME AS ABOVE"
det_002,1003865825,"SAME AS ABOVE"
det_002,1912956731,"SAME AS ABOVE"
det_002,1457301251,"SAME AS ABOVE"
det_002,1467402339,"SAME AS ABOVE"
det_002,1497706964,"SAME AS ABOVE"
det_002,1699727644,"SAME AS ABOVE"
det_002,1811044878,"SAME AS ABOVE"
det_002,1639226699,"SAME AS ABOVE"
det_002,1245445147,"SAME AS ABOVE"
det_002,1457566382,"SAME AS ABOVE"
det_002,1184834897,"SAME AS ABOVE"
det_002,1295959245,"SAME AS ABOVE"
det_002,1104040153,"SAME AS ABOVE"
det_002,1720202773,"SAME AS ABOVE"
det_002,1942456892,"SAME AS ABOVE"
det_002,1184749012,"SAME AS ABOVE"
det_002,1154442358,"SAME AS ABOVE"
det_002,1669593877,"SAME AS ABOVE"
det_002,1255452470,"SAME AS ABOVE"
det_002,1447372610,"SAME AS ABOVE"
det_002,1609998871,"SAME AS ABOVE"
det_002,1154596682,"SAME AS ABOVE"
det_002,1356384697,"SAME AS ABOVE"
det_002,1164466801,"SAME AS ABOVE"
det_002,1346297710,"SAME AS ABOVE"
det_002,1568540581,"SAME AS ABOVE"
mia_001,1003866617,"UNIVERSITY OF MIAMI | 1611 NW 12TH AVE | MIAMI | FL"
mia_001,1013967827,"SAME AS ABOVE"
mia_001,1023290376,"SAME AS ABOVE"
mia_001,1043260854,"SAME AS ABOVE"
mia_001,1043262603,"SAME AS ABOVE"
mia_001,1083666523,"SAME AS ABOVE"
mia_001,1104876622,"SAME AS ABOVE"
mia_001,1114177797,"SAME AS ABOVE"
mia_001,1144271537,"SAME AS ABOVE"
mia_001,1174575609,"SAME AS ABOVE"
mia_001,1194776062,"SAME AS ABOVE"
mia_001,1194776245,"SAME AS ABOVE"
mia_001,1225088040,"SAME AS ABOVE"
mia_001,1235183112,"SAME AS ABOVE"
mia_001,1275556102,"SAME AS ABOVE"
mia_001,1275584245,"SAME AS ABOVE"
mia_001,1295786168,"SAME AS ABOVE"
mia_001,1336190396,"SAME AS ABOVE"
mia_001,1356391999,"SAME AS ABOVE"
mia_001,1386705671,"SAME AS ABOVE"
mia_001,1437198124,"SAME AS ABOVE"
mia_001,1477504504,"SAME AS ABOVE"
mia_001,1487676417,"SAME AS ABOVE"
mia_001,1497707392,"SAME AS ABOVE"
mia_001,1518916154,"SAME AS ABOVE"
mia_001,1518917350,"SAME AS ABOVE"
mia_001,1548211691,"SAME AS ABOVE"
mia_001,1558312314,"SAME AS ABOVE"
mia_001,1578514550,"SAME AS ABOVE"
mia_001,1578769733,"SAME AS ABOVE"
mia_001,1588613939,"SAME AS ABOVE"
mia_001,1619927423,"SAME AS ABOVE"
mia_001,1669423422,"SAME AS ABOVE"
mia_001,1669423638,"SAME AS ABOVE"
mia_001,1679525190,"SAME AS ABOVE"
mia_001,1689625196,"SAME AS ABOVE"
mia_001,1689801128,"SAME AS ABOVE"
mia_001,1730139361,"SAME AS ABOVE"
mia_001,1760432579,"SAME AS ABOVE"
mia_001,1760434286,"SAME AS ABOVE"
mia_001,1770720559,"SAME AS ABOVE"
mia_001,1780634303,"SAME AS ABOVE"
mia_001,1801810262,"SAME AS ABOVE"
mia_001,1821048380,"SAME AS ABOVE"
mia_001,1821049982,"SAME AS ABOVE"
mia_001,1851341689,"SAME AS ABOVE"
mia_001,1851342935,"SAME AS ABOVE"
mia_001,1871543348,"SAME AS ABOVE"
mia_001,1881644409,"SAME AS ABOVE"
mia_001,1902859747,"SAME AS ABOVE"
mia_001,1922051606,"SAME AS ABOVE"
mia_001,1922058544,"SAME AS ABOVE"
mia_001,1932150752,"SAME AS ABOVE"
mia_001,1932151461,"SAME AS ABOVE"
mia_001,1932376795,"SAME AS ABOVE"
mia_001,1932434636,"SAME AS ABOVE"
mia_001,1992755730,"SAME AS ABOVE"
lax_001,1013061274,"LOS ANGELES COUNTY - DEPARTMENT OF HEALTH SERVICES | 1200 N STATE ST | LOS ANGELES | CA"
lax_001,1013061878,"SAME AS ABOVE"
lax_001,1063565919,"SAME AS ABOVE"
lax_001,1073667333,"SAME AS ABOVE"
lax_001,1073667853,"SAME AS ABOVE"
lax_001,1124172473,"SAME AS ABOVE"
lax_001,1134273071,"SAME AS ABOVE"
lax_001,1164576328,"SAME AS ABOVE"
lax_001,1164576427,"SAME AS ABOVE"
lax_001,1164576948,"SAME AS ABOVE"
lax_001,1194879437,"SAME AS ABOVE"
lax_001,1215081179,"SAME AS ABOVE"
lax_001,1225181191,"SAME AS ABOVE"
lax_001,1225182058,"SAME AS ABOVE"
lax_001,1255485033,"SAME AS ABOVE"
lax_001,1255485512,"SAME AS ABOVE"
lax_001,1346394129,"SAME AS ABOVE"
lax_001,1346394509,"SAME AS ABOVE"
lax_001,1356495188,"SAME AS ABOVE"
lax_001,1366596629,"SAME AS ABOVE"
lax_001,1396899639,"SAME AS ABOVE"
lax_001,1396899936,"SAME AS ABOVE"
lax_001,1417000316,"SAME AS ABOVE"
lax_001,1427102045,"SAME AS ABOVE"
lax_001,1437202397,"SAME AS ABOVE"
lax_001,1457404345,"SAME AS ABOVE"
lax_001,1457405714,"SAME AS ABOVE"
lax_001,1477607703,"SAME AS ABOVE"
lax_001,1508919481,"SAME AS ABOVE"
lax_001,1518011139,"SAME AS ABOVE"
lax_001,1518011873,"SAME AS ABOVE"
lax_001,1528112307,"SAME AS ABOVE"
lax_001,1538212428,"SAME AS ABOVE"
lax_001,1538213160,"SAME AS ABOVE"
lax_001,1609920966,"SAME AS ABOVE"
lax_001,1669525580,"SAME AS ABOVE"
lax_001,1679627913,"SAME AS ABOVE"
lax_001,1689728404,"SAME AS ABOVE"
lax_001,1689728446,"SAME AS ABOVE"
lax_001,1720132061,"SAME AS ABOVE"
lax_001,1740334515,"SAME AS ABOVE"
lax_001,1770637530,"SAME AS ABOVE"
lax_001,1780737601,"SAME AS ABOVE"
lax_001,1780738948,"SAME AS ABOVE"
lax_001,1790839058,"SAME AS ABOVE"
lax_001,1801940655,"SAME AS ABOVE"
lax_001,1871646786,"SAME AS ABOVE"
lax_001,1871647032,"SAME AS ABOVE"
lax_001,1881748614,"SAME AS ABOVE"
lax_001,1912051541,"SAME AS ABOVE"
lax_001,1912051749,"SAME AS ABOVE"
lax_001,1922152180,"SAME AS ABOVE"
lax_001,1942354295,"SAME AS ABOVE"
lax_001,1972657708,"SAME AS ABOVE"
lax_001,1992858815,"SAME AS ABOVE"
phl_001,1003450420,"STC PEDIATRICS LLC | 160 E ERIE AVE | PHILADELPHIA | PA"
phl_001,1013507565,"SAME AS ABOVE"
phl_001,1023656931,"SAME AS ABOVE"
phl_001,1033753405,"SAME AS ABOVE"
phl_001,1043858954,"SAME AS ABOVE"
phl_001,1063050680,"SAME AS ABOVE"
phl_001,1083252605,"SAME AS ABOVE"
phl_001,1083258495,"SAME AS ABOVE"
phl_001,1134719685,"SAME AS ABOVE"
phl_001,1134763535,"SAME AS ABOVE"
phl_001,1134763568,"SAME AS ABOVE"
phl_001,1144852567,"SAME AS ABOVE"
phl_001,1144864547,"SAME AS ABOVE"
phl_001,1144865791,"SAME AS ABOVE"
phl_001,1174167480,"SAME AS ABOVE"
phl_001,1174167571,"SAME AS ABOVE"
phl_001,1285278416,"SAME AS ABOVE"
phl_001,1306480389,"SAME AS ABOVE"
phl_001,1346884707,"SAME AS ABOVE"
phl_001,1346884756,"SAME AS ABOVE"
phl_001,1366068488,"SAME AS ABOVE"
phl_001,1396389805,"SAME AS ABOVE"
phl_001,1407494503,"SAME AS ABOVE"
phl_001,1417591637,"SAME AS ABOVE"
phl_001,1487343364,"SAME AS ABOVE"
phl_001,1508466913,"SAME AS ABOVE"
phl_001,1518501733,"SAME AS ABOVE"
phl_001,1528603875,"SAME AS ABOVE"
phl_001,1548804966,"SAME AS ABOVE"
phl_001,1548850092,"SAME AS ABOVE"
phl_001,1548867476,"SAME AS ABOVE"
phl_001,1568006070,"SAME AS ABOVE"
phl_001,1568006963,"SAME AS ABOVE"
phl_001,1578107926,"SAME AS ABOVE"
phl_001,1588203483,"SAME AS ABOVE"
phl_001,1639713076,"SAME AS ABOVE"
phl_001,1639717267,"SAME AS ABOVE"
phl_001,1699319038,"SAME AS ABOVE"
phl_001,1720626351,"SAME AS ABOVE"
phl_001,1740824259,"SAME AS ABOVE"
phl_001,1750925129,"SAME AS ABOVE"
phl_001,1790323319,"SAME AS ABOVE"
phl_001,1790329936,"SAME AS ABOVE"
phl_001,1871137273,"SAME AS ABOVE"
phl_001,1881238251,"SAME AS ABOVE"
phl_001,1891339297,"SAME AS ABOVE"
phl_001,1902440423,"SAME AS ABOVE"
phl_001,1922642354,"SAME AS ABOVE"
phl_001,1932743168,"SAME AS ABOVE"
phl_001,1972141596,"SAME AS ABOVE"
phl_001,1972299741,"SAME AS ABOVE"
phl_002,1083873111,"ABINGTON MEMORIAL HOSPITAL | 1200 OLD YORK RD | ABINGTON | PA"
phl_002,1144421306,"SAME AS ABOVE"
phl_002,1144771536,"SAME AS ABOVE"
phl_002,1275575482,"SAME AS ABOVE"
phl_002,1316189855,"SAME AS ABOVE"
phl_002,1366751810,"SAME AS ABOVE"
phl_002,1386685386,"SAME AS ABOVE"
phl_002,1396971834,"SAME AS ABOVE"
phl_002,1427215037,"SAME AS ABOVE"
phl_002,1477578466,"SAME AS ABOVE"
phl_002,1487980157,"SAME AS ABOVE"
phl_002,1548825243,"SAME AS ABOVE"
phl_002,1558516674,"SAME AS ABOVE"
phl_002,1568443927,"SAME AS ABOVE"
phl_002,1639150923,"SAME AS ABOVE"
phl_002,1649415639,"SAME AS ABOVE"
phl_002,1659795839,"SAME AS ABOVE"
phl_002,1679875967,"SAME AS ABOVE"
phl_002,1730122789,"SAME AS ABOVE"
phl_002,1750306726,"SAME AS ABOVE"
phl_002,1770508319,"SAME AS ABOVE"
phl_002,1790701837,"SAME AS ABOVE"
phl_002,1790738011,"SAME AS ABOVE"
phl_002,1790902633,"SAME AS ABOVE"
phl_002,1811992084,"SAME AS ABOVE"
phl_002,1851626188,"SAME AS ABOVE"
phl_002,1871523415,"SAME AS ABOVE"
phl_002,1871628024,"SAME AS ABOVE"
phl_002,1922334697,"SAME AS ABOVE"
phl_002,1962711416,"SAME AS ABOVE"
phl_002,1982729414,"SAME AS ABOVE"
phl_002,1992127070,"SAME AS ABOVE"
phl_003,1003240474,"TEMPLE UNIVERSITY OF THE COMMONWEALTH SYSTEM OF HIGHER EDUCATION | 3401 N BROAD ST | PHILADELPHIA | PA"
phl_003,1023005865,"SAME AS ABOVE"
phl_003,1083602106,"SAME AS ABOVE"
phl_003,1093703910,"SAME AS ABOVE"
phl_003,1154639110,"SAME AS ABOVE"
phl_003,1174511273,"SAME AS ABOVE"
phl_003,1194713073,"SAME AS ABOVE"
phl_003,1194713115,"SAME AS ABOVE"
phl_003,1245228345,"SAME AS ABOVE"
phl_003,1245578236,"SAME AS ABOVE"
phl_003,1265666929,"SAME AS ABOVE"
phl_003,1326378050,"SAME AS ABOVE"
phl_003,1336137454,"SAME AS ABOVE"
phl_003,1356339477,"SAME AS ABOVE"
phl_003,1407844244,"SAME AS ABOVE"
phl_003,1447248547,"SAME AS ABOVE"
phl_003,1447248562,"SAME AS ABOVE"
phl_003,1467440388,"SAME AS ABOVE"
phl_003,1629067376,"SAME AS ABOVE"
phl_003,1730177585,"SAME AS ABOVE"
phl_003,1730177650,"SAME AS ABOVE"
phl_003,1740278761,"SAME AS ABOVE"
phl_003,1801885553,"SAME AS ABOVE"
phl_003,1811986771,"SAME AS ABOVE"
phl_003,1821086844,"SAME AS ABOVE"
phl_003,1821242769,"SAME AS ABOVE"
phl_003,1831188796,"SAME AS ABOVE"
phl_003,1871581991,"SAME AS ABOVE"
phl_003,1902894827,"SAME AS ABOVE"
phl_003,1912995937,"SAME AS ABOVE"
phl_003,1922097880,"SAME AS ABOVE"
phl_003,1952399701,"SAME AS ABOVE"
chs_001,1023169984,"UNIVERSITY MEDICAL ASSOCIATES | 171 ASHLEY AVE | CHARLESTON | SC"
chs_001,1043361009,"SAME AS ABOVE"
chs_001,1043361090,"SAME AS ABOVE"
chs_001,1043463987,"SAME AS ABOVE"
chs_001,1043463995,"SAME AS ABOVE"
chs_001,1053563049,"SAME AS ABOVE"
chs_001,1053564963,"SAME AS ABOVE"
chs_001,1053564997,"SAME AS ABOVE"
chs_001,1083765044,"SAME AS ABOVE"
chs_001,1104078393,"SAME AS ABOVE"
chs_001,1134265325,"SAME AS ABOVE"
chs_001,1134372089,"SAME AS ABOVE"
chs_001,1144473059,"SAME AS ABOVE"
chs_001,1154472108,"SAME AS ABOVE"
chs_001,1174040836,"SAME AS ABOVE"
chs_001,1174040844,"SAME AS ABOVE"
chs_001,1225281124,"SAME AS ABOVE"
chs_001,1225281165,"SAME AS ABOVE"
chs_001,1245381292,"SAME AS ABOVE"
chs_001,1265583223,"SAME AS ABOVE"
chs_001,1275786188,"SAME AS ABOVE"
chs_001,1295987485,"SAME AS ABOVE"
chs_001,1346493251,"SAME AS ABOVE"
chs_001,1356492300,"SAME AS ABOVE"
chs_001,1356594261,"SAME AS ABOVE"
chs_001,1386897114,"SAME AS ABOVE"
chs_001,1407009343,"SAME AS ABOVE"
chs_001,1477694230,"SAME AS ABOVE"
chs_001,1487806675,"SAME AS ABOVE"
chs_001,1508019415,"SAME AS ABOVE"
chs_001,1548413453,"SAME AS ABOVE"
chs_001,1568615359,"SAME AS ABOVE"
chs_001,1598918435,"SAME AS ABOVE"
chs_001,1609936749,"SAME AS ABOVE"
chs_001,1629221536,"SAME AS ABOVE"
chs_001,1669624854,"SAME AS ABOVE"
chs_001,1689827529,"SAME AS ABOVE"
chs_001,1699826453,"SAME AS ABOVE"
chs_001,1750533949,"SAME AS ABOVE"
chs_001,1770736613,"SAME AS ABOVE"
chs_001,1770736621,"SAME AS ABOVE"
chs_001,1780837575,"SAME AS ABOVE"
chs_001,1811149008,"SAME AS ABOVE"
chs_001,1841442035,"SAME AS ABOVE"
chs_001,1902323504,"SAME AS ABOVE"
chs_001,1932250891,"SAME AS ABOVE"
chs_001,1932351129,"SAME AS ABOVE"
chs_001,1952554891,"SAME AS ABOVE"
chs_001,1962655860,"SAME AS ABOVE"
mdt_001,1013981828,"THE MILTON S HERSHEY MEDICAL CENTER PHYSICIANS GROUP | 500 UNIVERSITY DR | HERSHEY | PA"
mdt_001,1063487007,"SAME AS ABOVE"
mdt_001,1073687497,"SAME AS ABOVE"
mdt_001,1114992898,"SAME AS ABOVE"
mdt_001,1124092127,"SAME AS ABOVE"
mdt_001,1124093158,"SAME AS ABOVE"
mdt_001,1154396505,"SAME AS ABOVE"
mdt_001,1154396844,"SAME AS ABOVE"
mdt_001,1184699860,"SAME AS ABOVE"
mdt_001,1205801933,"SAME AS ABOVE"
mdt_001,1245205970,"SAME AS ABOVE"
mdt_001,1275508624,"SAME AS ABOVE"
mdt_001,1295700946,"SAME AS ABOVE"
mdt_001,1306810411,"SAME AS ABOVE"
mdt_001,1306810437,"SAME AS ABOVE"
mdt_001,1316568397,"SAME AS ABOVE"
mdt_001,1326012352,"SAME AS ABOVE"
mdt_001,1356301949,"SAME AS ABOVE"
mdt_001,1396710968,"SAME AS ABOVE"
mdt_001,1427023159,"SAME AS ABOVE"
mdt_001,1437119658,"SAME AS ABOVE"
mdt_001,1497729503,"SAME AS ABOVE"
mdt_001,1528174364,"SAME AS ABOVE"
mdt_001,1558336560,"SAME AS ABOVE"
mdt_001,1609841337,"SAME AS ABOVE"
mdt_001,1679548960,"SAME AS ABOVE"
mdt_001,1689648891,"SAME AS ABOVE"
mdt_001,1699740068,"SAME AS ABOVE"
mdt_001,1700851177,"SAME AS ABOVE"
mdt_001,1710951744,"SAME AS ABOVE"
mdt_001,1710952445,"SAME AS ABOVE"
mdt_001,1730153768,"SAME AS ABOVE"
mdt_001,1730154113,"SAME AS ABOVE"
mdt_001,1760457337,"SAME AS ABOVE"
mdt_001,1780659417,"SAME AS ABOVE"
mdt_001,1790750420,"SAME AS ABOVE"
mdt_001,1790750719,"SAME AS ABOVE"
mdt_001,1801860929,"SAME AS ABOVE"
mdt_001,1811962558,"SAME AS ABOVE"
mdt_001,1821063207,"SAME AS ABOVE"
mdt_001,1871567990,"SAME AS ABOVE"
mdt_001,1881669257,"SAME AS ABOVE"
mdt_001,1902870017,"SAME AS ABOVE"
mdt_001,1912967134,"SAME AS ABOVE"
mdt_001,1912972951,"SAME AS ABOVE"
mdt_001,1932174323,"SAME AS ABOVE"
mdt_001,1982679635,"SAME AS ABOVE"
sea_001,1003970989,"VIRGINIA MASON MEDICAL CENTER | 1100 9TH AVE | SEATTLE | WA"
sea_001,1033267810,"SAME AS ABOVE"
sea_001,1043375587,"SAME AS ABOVE"
sea_001,1104973619,"SAME AS ABOVE"
sea_001,1124176904,"SAME AS ABOVE"
sea_001,1134252133,"SAME AS ABOVE"
sea_001,1134511686,"SAME AS ABOVE"
sea_001,1154487452,"SAME AS ABOVE"
sea_001,1164586020,"SAME AS ABOVE"
sea_001,1194889071,"SAME AS ABOVE"
sea_001,1215085097,"SAME AS ABOVE"
sea_001,1225193766,"SAME AS ABOVE"
sea_001,1235293101,"SAME AS ABOVE"
sea_001,1235295536,"SAME AS ABOVE"
sea_001,1255470787,"SAME AS ABOVE"
sea_001,1255537668,"SAME AS ABOVE"
sea_001,1255577003,"SAME AS ABOVE"
sea_001,1316094816,"SAME AS ABOVE"
sea_001,1346304201,"SAME AS ABOVE"
sea_001,1356463137,"SAME AS ABOVE"
sea_001,1376607234,"SAME AS ABOVE"
sea_001,1407911944,"SAME AS ABOVE"
sea_001,1467717579,"SAME AS ABOVE"
sea_001,1487701991,"SAME AS ABOVE"
sea_001,1548406374,"SAME AS ABOVE"
sea_001,1558493908,"SAME AS ABOVE"
sea_001,1568679074,"SAME AS ABOVE"
sea_001,1588712376,"SAME AS ABOVE"
sea_001,1598821894,"SAME AS ABOVE"
sea_001,1598972002,"SAME AS ABOVE"
sea_001,1679621460,"SAME AS ABOVE"
sea_001,1679782148,"SAME AS ABOVE"
sea_001,1699831990,"SAME AS ABOVE"
sea_001,1790921435,"SAME AS ABOVE"
sea_001,1790981108,"SAME AS ABOVE"
sea_001,1841347358,"SAME AS ABOVE"
sea_001,1851430227,"SAME AS ABOVE"
sea_001,1861556730,"SAME AS ABOVE"
sea_001,1861638603,"SAME AS ABOVE"
sea_001,1902002314,"SAME AS ABOVE"
sea_001,1912055781,"SAME AS ABOVE"
sea_001,1922155431,"SAME AS ABOVE"
sea_001,1922156785,"SAME AS ABOVE"
sea_001,1922162809,"SAME AS ABOVE"
sea_001,1942358726,"SAME AS ABOVE"
sea_001,1962568261,"SAME AS ABOVE"
sea_001,1972749612,"SAME AS ABOVE"
sea_002,1023101235,"MULTICARE HEALTH SYSTEM | 315 MARTIN LUTHER KING JR WAY | TACOMA | WA"
sea_002,1033202346,"SAME AS ABOVE"
sea_002,1043347719,"SAME AS ABOVE"
sea_002,1063711562,"SAME AS ABOVE"
sea_002,1104045988,"SAME AS ABOVE"
sea_002,1114010329,"SAME AS ABOVE"
sea_002,1114972791,"SAME AS ABOVE"
sea_002,1124111430,"SAME AS ABOVE"
sea_002,1154818326,"SAME AS ABOVE"
sea_002,1154873826,"SAME AS ABOVE"
sea_002,1164536025,"SAME AS ABOVE"
sea_002,1205929411,"SAME AS ABOVE"
sea_002,1235180589,"SAME AS ABOVE"
sea_002,1285121442,"SAME AS ABOVE"
sea_002,1326093873,"SAME AS ABOVE"
sea_002,1366556227,"SAME AS ABOVE"
sea_002,1396297487,"SAME AS ABOVE"
sea_002,1396838504,"SAME AS ABOVE"
sea_002,1396838603,"SAME AS ABOVE"
sea_002,1437286051,"SAME AS ABOVE"
sea_002,1457536294,"SAME AS ABOVE"
sea_002,1487747796,"SAME AS ABOVE"
sea_002,1548445380,"SAME AS ABOVE"
sea_002,1578649752,"SAME AS ABOVE"
sea_002,1609973130,"SAME AS ABOVE"
sea_002,1629160171,"SAME AS ABOVE"
sea_002,1639206311,"SAME AS ABOVE"
sea_002,1750833844,"SAME AS ABOVE"
sea_002,1780039834,"SAME AS ABOVE"
sea_002,1780711523,"SAME AS ABOVE"
sea_002,1821229741,"SAME AS ABOVE"
sea_002,1841741311,"SAME AS ABOVE"
sea_002,1902933526,"SAME AS ABOVE"
sea_002,1942253661,"SAME AS ABOVE"
sea_002,1942393251,"SAME AS ABOVE"
sea_002,1952184624,"SAME AS ABOVE"
sea_002,1952356404,"SAME AS ABOVE"
sea_002,1962590745,"SAME AS ABOVE"
dan_001,1013968429,"GEISINGER CLINIC | 100 N ACADEMY AVE | DANVILLE | PA"
dan_001,1033487483,"SAME AS ABOVE"
dan_001,1063432490,"SAME AS ABOVE"
dan_001,1073564522,"SAME AS ABOVE"
dan_001,1083624787,"SAME AS ABOVE"
dan_001,1184675613,"SAME AS ABOVE"
dan_001,1235181645,"SAME AS ABOVE"
dan_001,1255382784,"SAME AS ABOVE"
dan_001,1316999634,"SAME AS ABOVE"
dan_001,1326079849,"SAME AS ABOVE"
dan_001,1407808918,"SAME AS ABOVE"
dan_001,1427086065,"SAME AS ABOVE"
dan_001,1437100757,"SAME AS ABOVE"
dan_001,1457303893,"SAME AS ABOVE"
dan_001,1497765192,"SAME AS ABOVE"
dan_001,1508817651,"SAME AS ABOVE"
dan_001,1558313023,"SAME AS ABOVE"
dan_001,1568414928,"SAME AS ABOVE"
dan_001,1588696876,"SAME AS ABOVE"
dan_001,1609804152,"SAME AS ABOVE"
dan_001,1629208624,"SAME AS ABOVE"
dan_001,1649221029,"SAME AS ABOVE"
dan_001,1669424537,"SAME AS ABOVE"
dan_001,1689885618,"SAME AS ABOVE"
dan_001,1699703140,"SAME AS ABOVE"
dan_001,1750473021,"SAME AS ABOVE"
dan_001,1760434187,"SAME AS ABOVE"
dan_001,1790736726,"SAME AS ABOVE"
dan_001,1801307236,"SAME AS ABOVE"
dan_001,1801996194,"SAME AS ABOVE"
dan_001,1821042615,"SAME AS ABOVE"
dan_001,1841240371,"SAME AS ABOVE"
dan_001,1841242724,"SAME AS ABOVE"
dan_001,1891746327,"SAME AS ABOVE"
dan_001,1922035716,"SAME AS ABOVE"
dan_001,1932136603,"SAME AS ABOVE"
dan_001,1932150331,"SAME AS ABOVE"
dan_001,1932587938,"SAME AS ABOVE"
dan_001,1992756423,"SAME AS ABOVE"
jac_001,1043757909,"W.A. FOOTE MEMORIAL HOSPITAL, INC | 205 N. EAST AVE | JACKSON | MI"
jac_001,1043757917,"SAME AS ABOVE"
jac_001,1053858910,"SAME AS ABOVE"
jac_001,1073051199,"SAME AS ABOVE"
jac_001,1114464377,"SAME AS ABOVE"
jac_001,1124565098,"SAME AS ABOVE"
jac_001,1134666001,"SAME AS ABOVE"
jac_001,1134666092,"SAME AS ABOVE"
jac_001,1134666936,"SAME AS ABOVE"
jac_001,1225575186,"SAME AS ABOVE"
jac_001,1235676180,"SAME AS ABOVE"
jac_001,1235676446,"SAME AS ABOVE"
jac_001,1255878112,"SAME AS ABOVE"
jac_001,1306383278,"SAME AS ABOVE"
jac_001,1316484512,"SAME AS ABOVE"
jac_001,1326585522,"SAME AS ABOVE"
jac_001,1346787207,"SAME AS ABOVE"
jac_001,1356888218,"SAME AS ABOVE"
jac_001,1356888549,"SAME AS ABOVE"
jac_001,1366988347,"SAME AS ABOVE"
jac_001,1396282356,"SAME AS ABOVE"
jac_001,1407393366,"SAME AS ABOVE"
jac_001,1407393374,"SAME AS ABOVE"
jac_001,1417494378,"SAME AS ABOVE"
jac_001,1497292361,"SAME AS ABOVE"
jac_001,1518404466,"SAME AS ABOVE"
jac_001,1538606348,"SAME AS ABOVE"
jac_001,1598202459,"SAME AS ABOVE"
jac_001,1699212803,"SAME AS ABOVE"
jac_001,1710424908,"SAME AS ABOVE"
jac_001,1780121970,"SAME AS ABOVE"
jac_001,1790222651,"SAME AS ABOVE"
jac_001,1811434772,"SAME AS ABOVE"
jac_001,1891232740,"SAME AS ABOVE"
jac_001,1912445677,"SAME AS ABOVE"
jac_001,1952848822,"SAME AS ABOVE"
jac_001,1982141123,"SAME AS ABOVE"
sna_001,1003159500,"CHILDREN'S HOSPITAL OF ORANGE COUNTY | 1201 W LA VETA AVE | ORANGE | CA"
sna_001,1093058927,"SAME AS ABOVE"
sna_001,1104169606,"SAME AS ABOVE"
sna_001,1114809241,"SAME AS ABOVE"
sna_001,1164882999,"SAME AS ABOVE"
sna_001,1194068692,"SAME AS ABOVE"
sna_001,1194118018,"SAME AS ABOVE"
sna_001,1205179132,"SAME AS ABOVE"
sna_001,1255837449,"SAME AS ABOVE"
sna_001,1275975104,"SAME AS ABOVE"
sna_001,1285977116,"SAME AS ABOVE"
sna_001,1316280233,"SAME AS ABOVE"
sna_001,1336482256,"SAME AS ABOVE"
sna_001,1376886200,"SAME AS ABOVE"
sna_001,1376886424,"SAME AS ABOVE"
sna_001,1396088225,"SAME AS ABOVE"
sna_001,1407199326,"SAME AS ABOVE"
sna_001,1407514094,"SAME AS ABOVE"
sna_001,1457694382,"SAME AS ABOVE"
sna_001,1528510724,"SAME AS ABOVE"
sna_001,1538402458,"SAME AS ABOVE"
sna_001,1629616792,"SAME AS ABOVE"
sna_001,1629751151,"SAME AS ABOVE"
sna_001,1649513573,"SAME AS ABOVE"
sna_001,1689917502,"SAME AS ABOVE"
sna_001,1720321656,"SAME AS ABOVE"
sna_001,1730422668,"SAME AS ABOVE"
sna_001,1780169524,"SAME AS ABOVE"
sna_001,1780927608,"SAME AS ABOVE"
sna_001,1790311447,"SAME AS ABOVE"
sna_001,1811080526,"SAME AS ABOVE"
sna_001,1811230741,"SAME AS ABOVE"
sna_001,1821331752,"SAME AS ABOVE"
